origin_id,destination_id,total_cost
1,Badajoz,85627.2865828
1,Mérida,60614.2525527
1,Don Benito,66238.9020747
1,Almendralejo,29447.8050142
1,Villanueva de la Serena,77786.0280698
1,Zafra,26008.3409878
1,Montijo,73649.2858956
1,Villafranca de los Barros,12074.2003562
1,Olivenza,89655.8773006
1,Jerez de los Caballeros,64072.4324858
1,Azuaga,71422.2300394
1,"Santos de Maimona. Los",22675.4633470
1,Guareña,41438.8423165
1,Fuente del Maestre,23820.9104584
1,Castuera,77371.0279044
1,Calamonte,53076.9170771
1,Llerena,52945.1515775
1,Puebla de la Calzada,74304.5560392
1,San Vicente de Alcántara,159437.1760295
1,Alburquerque,127980.0513889
1,Aceuchal,29486.8050371
1,Oliva de la Frontera,81189.4947528
1,Talavera la Real,67895.5121464
1,Cabeza del Buey,112510.9561435
1,Campanario,95230.7477603
1,Fregenal de la Sierra,65322.9621694
1,Quintana de la Serena,89730.2433977
1,Fuente de Cantos,46405.8058282
1,Navalvillar de Pela,109101.2712266
1,Monesterio,62611.2651201
1,Santa Amalia,69655.9375231
1,Santa Marta,50325.3650811
1,Arroyo de San Serván,51178.6004303
1,Valverde de Leganés,78663.0149278
1,Zalamea de la Serena,67429.1687082
1,Hornachos,17858.5640571
1,Barcarrota,67803.1590980
1,Herrera del Duque,165589.6438603
1,Villanueva del Fresno,105861.5606906
1,Talarrubias,128345.7067733
1,"Zarza. La",46045.7745078
1,Ribera del Fresno,2871.6341999
1,Burguillos del Cerro,44515.3471874
1,Orellana la Vieja,107600.0621723
1,Zah¡nos,83802.9341064
1,Puebla de Sancho P‚rez,29591.1456704
1,Solana de los Barros,40856.3323583
1,Valdelacalzada,81842.0015178
1,Lobón,68331.4466498
1,Monterrubio de la Serena,89128.8451627
1,Fuentes de León,75378.2334630
1,"Garrovilla. La",67822.6229562
1,Berlanga,54302.0016854
1,Higuera la Real,92767.4855230
1,Villar del Rey,112757.7759276
1,Granja de Torrehermosa,82138.4773800
1,Medell¡n,60990.7778169
1,Bienvenida,35336.7082631
1,"Codosera. La",139861.3073817
1,Valencia del Ventoso,46574.1879398
1,"Coronada. La",87482.0325165
1,Torremej¡a,39266.1607341
1,Siruela,146215.8442796
1,Higuera de Vargas,89418.8814771
1,Segura de León,69353.6190399
1,Salvaleón,61430.5036553
1,Pueblonuevo del Guadiana,85570.5000935
1,Alange,40626.5955796
1,Puebla de Obando,107658.2067092
1,"Albuera. La",65407.3886886
1,Usagre,27195.7513304
1,Fuenlabrada de los Montes,157340.4285130
1,Alconchel,89973.0241944
1,Oliva de Mérida,32404.4389955
1,Salvatierra de los Barros,48284.8318855
1,Villalba de los Barros,33418.7033095
1,Casas de Don Pedro,121078.5048641
1,Esparragalejo,63367.2004013
1,Montemolín,59115.5332488
1,"Roca de la Sierra. La",97515.1241557
1,Campillo de Llerena,68744.2815497
1,Cabeza la Vaca,80179.4061937
1,Villar de Rena,81996.6912413
1,Trujillanos,64499.5441448
1,Valle de la Serena,53975.9090558
1,"Parra. La",40971.3956987
1,Mirandilla,67929.7494029
1,"Haba. La",72301.2876543
1,Villagonzalo,42788.8747814
1,Feria,36235.7482873
1,Medina de las Torres,36152.6693580
1,Valdetorres,51105.5328487
1,Almendral,62065.2973103
1,Corte de Peleas,53210.6804790
1,Cheles,109991.5280750
1,Puebla de Alcocer,122583.8816967
1,Torre de Miguel Sesmero,60375.2561720
1,Valdecaballeros,190992.2347460
1,Peñalsordo,128583.8588468
1,Valle de Santa Ana,70951.4768948
1,Valverde de Mérida,51004.8616752
1,Castilblanco,181385.5498719
1,Bodonal de la Sierra,64253.8964812
1,"Nava de Santiago. La",85905.9410765
1,Esparragosa de la Serena,72254.3563756
1,Maguilla,52091.1215426
1,Calera de León,71603.9896349
1,Ahillones,60948.0316227
1,Higuera de la Serena,57578.5297142
1,Esparragosa de Lares,120016.4846468
1,Torremayor,72987.9769835
1,Villagarcía de la Torre,39426.0485282
1,Cordobilla de Lácara,98500.1710815
1,Benquerencia de la Serena,84168.8540306
1,Llera,25414.1657556
1,San Pedro de Mérida,56227.6932087
1,Calzadilla de los Barros,37821.8482522
1,Puebla de la Reina,24039.8678423
1,Acedera,96231.7166733
1,Táliga,84607.0629981
1,Valencia del Mombuey,101149.0772266
1,Puebla del Maestre,77130.8310557
1,Manchita,49968.7632232
1,"Morera. La",44816.4014468
1,Fuente del Arco,68890.9536616
1,Don Álvaro,58560.7383583
1,Alconera,36187.6718228
1,Nogales,54482.0635327
1,Helechosa de los Montes,210217.3064199
1,Valverde de Llerena,68806.5464892
1,Palomas,20293.7016081
1,Trasierra,61138.2519580
1,Valencia de las Torres,31956.4176255
1,Garlitos,145041.8440192
1,Rena,79179.8367788
1,Malpartida de la Serena,66865.8010958
1,Peraleda del Zaucejo,68216.3795507
1,Magacela,78885.7832331
1,Entrín Bajo,56813.2484951
1,Villarta de los Montes,240853.0993710
1,Carmonita,89021.5961616
1,Cristina,38748.9207390
1,Hinojosa del Valle,12634.7269172
1,Garbayuela,150839.8452961
1,Puebla del Prior,5208.4811584
1,Retamal de Llerena,43177.9374949
1,Mengabril,58834.5511424
1,Malcocinado,87304.5317469
1,Valle de Matamoros,72554.5820223
1,Zarza-Capilla,123390.5180128
1,Higuera de Llerena,35027.2649780
1,Baterno,159664.5615816
1,Atalaya,40919.5631379
1,Valverde de Burguillos,42196.2540415
1,Orellana de la Sierra,111143.5435733
1,"Lapa. La",36929.8204013
1,Tamurejo,157893.4367898
1,Aljucén,73400.2314209
1,Sancti-Spíritus,137539.5002294
1,Reina,63203.6559100
1,Casas de Reina,60371.1590932
1,Capilla,131937.3451087
1,Risco,139832.0436259
1,"Carrascalejo. El",69443.9173863
1,C ceres,139918.7222500
1,Plasencia,201355.2106164
1,Navalmoral de la Mata,195287.5673825
1,Coria,190370.7216671
1,Miajadas,91401.3767370
1,Trujillo,127978.7315538
1,Talayuela,218861.3295479
1,Moraleja,205547.5371072
1,Arroyo de la Luz,139159.4848128
1,Jara¡z de la Vera,209987.1221004
1,Valencia de Alc ntara,175851.8253358
1,Montehermoso,215276.6579554
1,Casar de Cáceres,134925.8267126
1,Malpartida de Plasencia,202438.7457898
1,Malpartida de Cáceres,131270.1819562
1,Hervás,267727.8317565
1,Torrejoncillo,203035.9521303
1,Jarandilla de la Vera,225377.8890438
1,Alcuéscar,89899.8663561
1,Losar de la Vera,226904.4382981
1,Madroñera,129853.7524254
1,Valverde del Fresno,268230.3367120
1,Garrovillas de Alconétar,157627.5518596
1,Aldeanueva de la Vera,220195.4001658
1,Cabezuela del Valle,233165.8646806
1,Brozas,167310.1624096
1,Villanueva de la Vera,238089.5073258
1,Guadalupe,150254.7599737
1,Logrosán,130387.7862245
1,Sierra de Fuentes,131825.1149217
1,Navaconcejo,229854.3392680
1,Ceclavín,197067.5615124
1,Montánchez,99474.9453035
1,Almoharín,97677.7472568
1,Aliseda,141985.7493420
1,Galisteo,203178.0846249
1,Madrigalejo,129657.3666905
1,Cilleros,257596.6703003
1,Zarza de Granadilla,229839.2231977
1,Madrigal de la Vera,247571.0361034
1,Cañamero,142520.1673500
1,Serradilla,189994.4513201
1,Torreorgaz,124182.2692042
1,Pinofranqueado,236571.1742669
1,Zorita,109636.6779802
1,Gata,239001.4225941
1,Alcántara,183272.7018897
1,Guijo de Galisteo,213395.1534669
1,Piornal,229602.6364907
1,Ahigal,225792.6908255
1,Peraleda de la Mata,208301.8361263
1,Navas del Madro¤o,158076.3220652
1,Nuñomoral,262403.2498378
1,Valdefuentes,107907.4592381
1,Zarza la Mayor,207348.2424669
1,Casatejada,188451.9079152
1,Casar de Palomero,244559.3433221
1,Jerte,239087.8342065
1,Almaraz,179709.6846366
1,Majadas,197411.2893726
1,Cañaveral,165576.9830008
1,Rosalejo,215348.6695199
1,Caminomorisco,241082.4232648
1,Riolobos,187885.5798342
1,Casta¤ar de Ibor,178695.7641133
1,Tornavacas,246168.6933389
1,Torrecillas de la Tiesa,148750.6064658
1,"Pesga. La",247217.6404049
1,Carcaboso,207639.4951690
1,Garganta la Olla,218601.2829431
1,Torremocha,117094.7649861
1,Eljas,269194.4422117
1,Campo Lugar,96103.3807883
1,Al¡a,160395.8303346
1,Arroyomolinos,97636.5980311
1,Monroy,166060.6522783
1,"Torno. El",223282.1613313
1,"Cumbre. La",126880.9927799
1,Hoyos,246637.6566676
1,Mohedas de Granadilla,235452.3961681
1,Perales del Puerto,246302.2570755
1,Talav n,161908.6435759
1,San Martín de Trevejo,267242.8199865
1,Cuacos de Yuste,216554.7802629
1,Tejeda de Tiétar,222269.9875668
1,Acehúche,183648.5098494
1,Escurial,108376.6656252
1,Garciaz,131453.6914327
1,Membrío,175229.3025702
1,Deleitosa,167637.1315630
1,Santibáñez el Bajo,229526.4491240
1,Saucedilla,184292.4268719
1,Aldeanueva del Camino,231353.6683131
1,Albalá,101523.0623286
1,Aldeacentenera,146489.1875018
1,Casas del Monte,226692.4699289
1,Valdeobispo,212453.7979277
1,Holguera,192451.9037149
1,Mirabel,191362.5950621
1,Aldea del Cano,101686.6895652
1,Baños de Montemayor,275867.4125557
1,Navezuelas,163982.6854083
1,Casas de Millán,169665.0857342
1,Salorino,168188.5678049
1,Torrecilla de los Ángeles,226835.4005606
1,Acebo,248535.8246985
1,Santiago de Alcántara,197273.8379590
1,Pasarón de la Vera,218410.6575047
1,Villamiel,259255.7213696
1,Villar del Pedroso,207488.4114992
1,Belvís de Monroy,199239.4720493
1,Casas del Castañar,222057.8654113
1,Torre de Santa María,104642.8091762
1,Guijo de Granadilla,226966.6753612
1,Torremenga,212303.8168063
1,Zarza de Montánchez,108953.3133279
1,Aceituna,222628.0621065
1,Torrejón el Rubio,171322.7470300
1,Torrequemada,120937.1782698
1,Jaraicejo,170593.9557347
1,Valverde de la Vera,234995.4762710
1,Torre de Don Miguel,235064.0952580
1,Pozuelo de Zarzón,214860.2605855
1,Villa del Campo,213852.0507149
1,Plasenzuela,125952.6186426
1,Bohonal de Ibor,200875.5016103
1,Berzocana,148044.9963174
1,Casares de las Hurdes,270144.3615537
1,Hernán-Pérez,226786.4189919
1,Villanueva de la Sierra,221738.2957731
1,Cadalso,231378.0141178
1,Navalvillar de Ibor,171698.9516781
1,Arroyomolinos de la Vera,223055.8649730
1,Cedillo,218763.3343752
1,"Garganta. La",282210.7839448
1,Ibahernando,122339.5147545
1,Calzadilla,201301.8657208
1,Barrado,223881.9935703
1,Casillas de Coria,200192.3982052
1,Villasbuenas de Gata,237386.1419573
1,Valdelacasa de Tajo,215427.3368525
1,Abertura,102479.6302532
1,Palomero,235005.2635049
1,Serrejón,186508.6349366
1,Hinojal,155227.1473082
1,Gargantilla,233523.6774316
1,Santibáñez el Alto,232503.8924614
1,Cabañas del Castillo,163000.5859313
1,Robledillo de Trujillo,113817.4637558
1,Cabezabellosa,223200.9229213
1,Morcillo,205542.7195762
1,Portaje,188960.9373513
1,Guijo de Santa Bárbara,229821.4600991
1,Robledollano,181384.2232092
1,Puerto de Santa Cruz,110921.5702527
1,Herreruela,159187.4229251
1,Valdastillas,225398.8556225
1,Cabrero,223608.0353397
1,Herguijuela,121599.4139449
1,Talaveruela de la Vera,233870.0132732
1,"Granja. La",227341.4170535
1,"Aldea del Obispo. La",146434.5898613
1,Casas de Don Gómez,198637.9934289
1,Aldehuela de Jerte,211827.7951271
1,"Gordo. El",213523.6970986
1,Carrascalejo,200236.8406437
1,Mata de Alcántara,181915.7624287
1,Fresnedoso de Ibor,194420.2079663
1,Abadía,233978.5567546
1,Santa Cruz de Paniagua,225466.6490150
1,Villamesías,103153.8388526
1,Santa Marta de Magasca,145228.8851277
1,Santiago del Campo,156288.2550705
1,Robledillo de la Vera,222722.6719745
1,Salvatierra de Santiago,113701.7780769
1,Santa Ana,118175.9362798
1,Peraleda de San Román,210871.2713475
1,Oliva de Plasencia,210470.6088849
1,Herrera de Alcántara,220465.4676050
1,Santa Cruz de la Sierra,114199.3696564
1,Portezuelo,169536.9006854
1,Alcollarín,103940.7054162
1,Viandar de la Vera,232987.7903705
1,Millanes,193919.1378607
1,Marchagaz,238255.6381436
1,Rebollar,227979.4640994
1,Guijo de Coria,207845.2353182
1,Valdemorales,102015.3231284
1,Villar de Plasencia,215766.5543978
1,Ladrillar,275105.4346416
1,Carbajo,191898.9309850
1,Romangordo,170693.4590383
1,Casas de Don Antonio,95095.3199826
1,Valdehúncar,197925.7587368
1,Conquista de la Sierra,118529.0642355
1,Piedras Albas,193292.0108154
1,Collado,213213.9940085
1,Botija,127875.2984371
1,Huélaga,202843.4158786
1,Cerezo,234890.1054945
1,Descargamaría,240618.3375214
1,Segura de Toro,230039.5421381
1,Toril,198851.0269868
1,Mesas de Ibor,208317.3422830
1,Pescueza,196659.4981415
1,Villa del Rey,174105.9691382
1,Jarilla,222090.5684901
1,Casas de Miravete,169722.5608203
1,Gargüera,217580.0685313
1,Robledillo de Gata,243577.6383997
1,Valdecañas de Tajo,217054.5176009
1,Pedroso de Acim,171870.8337231
1,Berrocalejo,220936.4291988
1,Garvín,215208.7876241
1,Higuera,174059.2359560
1,Benquerencia,118141.8404378
1,Cachorrilla,198523.0445820
1,Campillo de Deleitosa,221935.8415863
1,Ruanes,117500.4302390
2,Badajoz,83354.8149035
2,Mérida,62705.4294680
2,Don Benito,68330.0789899
2,Almendralejo,27175.3333349
2,Villanueva de la Serena,79877.2049851
2,Zafra,23735.8693085
2,Montijo,71376.8142164
2,Villafranca de los Barros,9801.7286769
2,Olivenza,87383.4056214
2,Jerez de los Caballeros,61799.9608065
2,Azuaga,69149.7583602
2,"Santos de Maimona. Los",20402.9916678
2,Guareña,43530.0192318
2,Fuente del Maestre,21548.4387792
2,Castuera,76158.1001353
2,Calamonte,50804.4453978
2,Llerena,50672.6798982
2,Puebla de la Calzada,72032.0843599
2,San Vicente de Alcántara,157164.7043503
2,Alburquerque,125707.5797096
2,Aceuchal,27214.3333579
2,Oliva de la Frontera,78917.0230735
2,Talavera la Real,65623.0404671
2,Cabeza del Buey,111298.0283744
2,Campanario,96827.0572042
2,Fregenal de la Sierra,63050.4904901
2,Quintana de la Serena,88517.3156286
2,Fuente de Cantos,44133.3341490
2,Navalvillar de Pela,111192.4481418
2,Monesterio,60338.7934409
2,Santa Amalia,71747.1144383
2,Santa Marta,48052.8934019
2,Arroyo de San Serván,48906.1287511
2,Valverde de Leganés,76390.5432486
2,Zalamea de la Serena,66216.2409390
2,Hornachos,16645.6362880
2,Barcarrota,65530.6874187
2,Herrera del Duque,164376.7160911
2,Villanueva del Fresno,103589.0890113
2,Talarrubias,127132.7790042
2,"Zarza. La",48136.9514230
2,Ribera del Fresno,599.1625206
2,Burguillos del Cerro,42242.8755082
2,Orellana la Vieja,109691.2390876
2,Zah¡nos,81530.4624272
2,Puebla de Sancho P‚rez,27318.6739911
2,Solana de los Barros,38583.8606790
2,Valdelacalzada,79569.5298386
2,Lobón,66058.9749705
2,Monterrubio de la Serena,87915.9173936
2,Fuentes de León,73105.7617837
2,"Garrovilla. La",65550.1512770
2,Berlanga,52029.5300061
2,Higuera la Real,90495.0138437
2,Villar del Rey,110485.3042484
2,Granja de Torrehermosa,80925.5496109
2,Medell¡n,63081.9547322
2,Bienvenida,33064.2365839
2,"Codosera. La",137588.8357025
2,Valencia del Ventoso,44301.7162606
2,"Coronada. La",89573.2094317
2,Torremej¡a,36993.6890548
2,Siruela,145002.9165105
2,Higuera de Vargas,87146.4097978
2,Segura de León,67081.1473606
2,Salvaleón,59158.0319760
2,Pueblonuevo del Guadiana,83298.0284143
2,Alange,42717.7724949
2,Puebla de Obando,105385.7350300
2,"Albuera. La",63134.9170094
2,Usagre,24923.2796511
2,Fuenlabrada de los Montes,156127.5007438
2,Alconchel,87700.5525152
2,Oliva de Mérida,34495.6159108
2,Salvatierra de los Barros,46012.3602062
2,Villalba de los Barros,31146.2316302
2,Casas de Don Pedro,123169.6817793
2,Esparragalejo,61094.7287220
2,Montemolín,56843.0615695
2,"Roca de la Sierra. La",95242.6524764
2,Campillo de Llerena,66471.8098704
2,Cabeza la Vaca,77906.9345144
2,Villar de Rena,84087.8681566
2,Trujillanos,63973.4074023
2,Valle de la Serena,56067.0859711
2,"Parra. La",38698.9240195
2,Mirandilla,65657.2777236
2,"Haba. La",74392.4645696
2,Villagonzalo,44880.0516966
2,Feria,33963.2766081
2,Medina de las Torres,33880.1976787
2,Valdetorres,53196.7097639
2,Almendral,59792.8256310
2,Corte de Peleas,50938.2087998
2,Cheles,107719.0563958
2,Puebla de Alcocer,121370.9539276
2,Torre de Miguel Sesmero,58102.7844927
2,Valdecaballeros,189779.3069769
2,Peñalsordo,127370.9310776
2,Valle de Santa Ana,68679.0052155
2,Valverde de Mérida,53096.0385904
2,Castilblanco,180172.6221028
2,Bodonal de la Sierra,61981.4248020
2,"Nava de Santiago. La",83633.4693973
2,Esparragosa de la Serena,71041.4286065
2,Maguilla,49818.6498633
2,Calera de León,69331.5179557
2,Ahillones,58675.5599434
2,Higuera de la Serena,56365.6019451
2,Esparragosa de Lares,118803.5568776
2,Torremayor,70715.5053042
2,Villagarcía de la Torre,37153.5768489
2,Cordobilla de Lácara,96227.6994023
2,Benquerencia de la Serena,82955.9262615
2,Llera,23141.6940764
2,San Pedro de Mérida,58318.8701239
2,Calzadilla de los Barros,35549.3765729
2,Puebla de la Reina,26131.0447576
2,Acedera,98322.8935885
2,Táliga,82334.5913188
2,Valencia del Mombuey,98876.6055474
2,Puebla del Maestre,74858.3593765
2,Manchita,52059.9401385
2,"Morera. La",42543.9297675
2,Fuente del Arco,66618.4819824
2,Don Álvaro,60651.9152736
2,Alconera,33915.2001436
2,Nogales,52209.5918534
2,Helechosa de los Montes,209004.3786507
2,Valverde de Llerena,66534.0748100
2,Palomas,22384.8785234
2,Trasierra,58865.7802787
2,Valencia de las Torres,29683.9459463
2,Garlitos,143828.9162501
2,Rena,81271.0136940
2,Malpartida de la Serena,65652.8733267
2,Peraleda del Zaucejo,67003.4517815
2,Magacela,80976.9601484
2,Entrín Bajo,54540.7768159
2,Villarta de los Montes,239640.1716018
2,Carmonita,86749.1244823
2,Cristina,40840.0976543
2,Hinojosa del Valle,10362.2552379
2,Garbayuela,149626.9175270
2,Puebla del Prior,3995.5533892
2,Retamal de Llerena,41965.0097258
2,Mengabril,60925.7280576
2,Malcocinado,85032.0600677
2,Valle de Matamoros,70282.1103431
2,Zarza-Capilla,122177.5902436
2,Higuera de Llerena,32754.7932988
2,Baterno,158451.6338124
2,Atalaya,38647.0914587
2,Valverde de Burguillos,39923.7823622
2,Orellana de la Sierra,113234.7204886
2,"Lapa. La",34657.3487220
2,Tamurejo,156680.5090207
2,Aljucén,71127.7597417
2,Sancti-Spíritus,136326.5724603
2,Reina,60931.1842308
2,Casas de Reina,58098.6874140
2,Capilla,130724.4173396
2,Risco,138619.1158567
2,"Carrascalejo. El",67171.4457071
2,C ceres,137646.2505708
2,Plasencia,199082.7389371
2,Navalmoral de la Mata,197378.7442978
2,Coria,188098.2499878
2,Miajadas,93492.5536523
2,Trujillo,130069.9084691
2,Talayuela,220952.5064632
2,Moraleja,203275.0654280
2,Arroyo de la Luz,136887.0131335
2,Jara¡z de la Vera,212078.2990157
2,Valencia de Alc ntara,173579.3536566
2,Montehermoso,213004.1862762
2,Casar de Cáceres,132653.3550334
2,Malpartida de Plasencia,200166.2741106
2,Malpartida de Cáceres,128997.7102770
2,Hervás,265455.3600772
2,Torrejoncillo,200763.4804511
2,Jarandilla de la Vera,227469.0659591
2,Alcuéscar,87627.3946768
2,Losar de la Vera,228995.6152134
2,Madroñera,131944.9293407
2,Valverde del Fresno,265957.8650327
2,Garrovillas de Alconétar,155355.0801804
2,Aldeanueva de la Vera,222286.5770811
2,Cabezuela del Valle,230893.3930013
2,Brozas,165037.6907304
2,Villanueva de la Vera,240180.6842411
2,Guadalupe,152345.9368890
2,Logrosán,132478.9631398
2,Sierra de Fuentes,129552.6432424
2,Navaconcejo,227581.8675888
2,Ceclavín,194795.0898332
2,Montánchez,97202.4736242
2,Almoharín,99768.9241720
2,Aliseda,139713.2776627
2,Galisteo,200905.6129456
2,Madrigalejo,131748.5436058
2,Cilleros,255324.1986210
2,Zarza de Granadilla,227566.7515184
2,Madrigal de la Vera,249662.2130186
2,Cañamero,144611.3442653
2,Serradilla,187721.9796408
2,Torreorgaz,121909.7975249
2,Pinofranqueado,234298.7025877
2,Zorita,111727.8548955
2,Gata,236728.9509148
2,Alcántara,181000.2302104
2,Guijo de Galisteo,211122.6817877
2,Piornal,230152.9268826
2,Ahigal,223520.2191463
2,Peraleda de la Mata,210393.0130415
2,Navas del Madro¤o,155803.8503859
2,Nuñomoral,260130.7781585
2,Valdefuentes,105634.9875588
2,Zarza la Mayor,205075.7707876
2,Casatejada,190543.0848305
2,Casar de Palomero,242286.8716429
2,Jerte,236815.3625272
2,Almaraz,181800.8615518
2,Majadas,199502.4662879
2,Cañaveral,163304.5113215
2,Rosalejo,217439.8464352
2,Caminomorisco,238809.9515855
2,Riolobos,185613.1081550
2,Casta¤ar de Ibor,180786.9410286
2,Tornavacas,243896.2216596
2,Torrecillas de la Tiesa,150841.7833810
2,"Pesga. La",244945.1687256
2,Carcaboso,205367.0234898
2,Garganta la Olla,220692.4598583
2,Torremocha,114822.2933069
2,Eljas,266921.9705325
2,Campo Lugar,98194.5577036
2,Al¡a,162487.0072499
2,Arroyomolinos,95364.1263518
2,Monroy,163788.1805990
2,"Torno. El",221009.6896520
2,"Cumbre. La",124608.5211006
2,Hoyos,244365.1849884
2,Mohedas de Granadilla,233179.9244888
2,Perales del Puerto,244029.7853963
2,Talav n,159636.1718967
2,San Martín de Trevejo,264970.3483072
2,Cuacos de Yuste,218645.9571782
2,Tejeda de Tiétar,224361.1644820
2,Acehúche,181376.0381701
2,Escurial,110467.8425405
2,Garciaz,133544.8683480
2,Membrío,172956.8308909
2,Deleitosa,169728.3084782
2,Santibáñez el Bajo,227253.9774447
2,Saucedilla,186383.6037872
2,Aldeanueva del Camino,229081.1966338
2,Albalá,99250.5906493
2,Aldeacentenera,148580.3644170
2,Casas del Monte,224419.9982496
2,Valdeobispo,210181.3262485
2,Holguera,190179.4320357
2,Mirabel,189090.1233829
2,Aldea del Cano,99414.2178859
2,Baños de Montemayor,273594.9408765
2,Navezuelas,166073.8623236
2,Casas de Millán,167392.6140549
2,Salorino,165916.0961257
2,Torrecilla de los Ángeles,224562.9288813
2,Acebo,246263.3530193
2,Santiago de Alcántara,195001.3662797
2,Pasarón de la Vera,220501.8344200
2,Villamiel,256983.2496903
2,Villar del Pedroso,209579.5884145
2,Belvís de Monroy,201330.6489646
2,Casas del Castañar,219785.3937320
2,Torre de Santa María,102370.3374969
2,Guijo de Granadilla,224694.2036819
2,Torremenga,214394.9937216
2,Zarza de Montánchez,111044.4902431
2,Aceituna,220355.5904273
2,Torrejón el Rubio,173413.9239453
2,Torrequemada,118664.7065905
2,Jaraicejo,172685.1326499
2,Valverde de la Vera,237086.6531863
2,Torre de Don Miguel,232791.6235788
2,Pozuelo de Zarzón,212587.7889063
2,Villa del Campo,211579.5790357
2,Plasenzuela,123680.1469633
2,Bohonal de Ibor,202966.6785256
2,Berzocana,150136.1732326
2,Casares de las Hurdes,267871.8898744
2,Hernán-Pérez,224513.9473126
2,Villanueva de la Sierra,219465.8240938
2,Cadalso,229105.5424385
2,Navalvillar de Ibor,173790.1285934
2,Arroyomolinos de la Vera,221678.4649513
2,Cedillo,216490.8626959
2,"Garganta. La",279938.3122655
2,Ibahernando,124430.6916698
2,Calzadilla,199029.3940416
2,Barrado,221609.5218910
2,Casillas de Coria,197919.9265260
2,Villasbuenas de Gata,235113.6702780
2,Valdelacasa de Tajo,217518.5137678
2,Abertura,104570.8071684
2,Palomero,232732.7918257
2,Serrejón,188599.8118518
2,Hinojal,152954.6756290
2,Gargantilla,231251.2057524
2,Santibáñez el Alto,230231.4207821
2,Cabañas del Castillo,165091.7628466
2,Robledillo de Trujillo,115908.6406711
2,Cabezabellosa,220928.4512420
2,Morcillo,203270.2478970
2,Portaje,186688.4656720
2,Guijo de Santa Bárbara,231912.6370143
2,Robledollano,183475.4001244
2,Puerto de Santa Cruz,113012.7471680
2,Herreruela,156914.9512459
2,Valdastillas,223126.3839433
2,Cabrero,221335.5636604
2,Herguijuela,123690.5908601
2,Talaveruela de la Vera,235961.1901885
2,"Granja. La",225068.9453743
2,"Aldea del Obispo. La",148525.7667766
2,Casas de Don Gómez,196365.5217496
2,Aldehuela de Jerte,209555.3234479
2,"Gordo. El",215614.8740138
2,Carrascalejo,202328.0175590
2,Mata de Alcántara,179643.2907495
2,Fresnedoso de Ibor,196511.3848816
2,Abadía,231706.0850754
2,Santa Cruz de Paniagua,223194.1773358
2,Villamesías,105245.0157678
2,Santa Marta de Magasca,142956.4134484
2,Santiago del Campo,154015.7833912
2,Robledillo de la Vera,224813.8488898
2,Salvatierra de Santiago,111429.3063977
2,Santa Ana,118357.1766437
2,Peraleda de San Román,212962.4482627
2,Oliva de Plasencia,208198.1372056
2,Herrera de Alcántara,218192.9959258
2,Santa Cruz de la Sierra,116290.5465716
2,Portezuelo,167264.4290062
2,Alcollarín,106031.8823315
2,Viandar de la Vera,235078.9672858
2,Millanes,196010.3147760
2,Marchagaz,235983.1664644
2,Rebollar,225706.9924202
2,Guijo de Coria,205572.7636390
2,Valdemorales,104106.5000436
2,Villar de Plasencia,213494.0827185
2,Ladrillar,272832.9629624
2,Carbajo,189626.4593058
2,Romangordo,172784.6359535
2,Casas de Don Antonio,92822.8483033
2,Valdehúncar,200016.9356520
2,Conquista de la Sierra,120620.2411508
2,Piedras Albas,191019.5391361
2,Collado,215305.1709238
2,Botija,125602.8267578
2,Huélaga,200570.9441993
2,Cerezo,232617.6338152
2,Descargamaría,238345.8658421
2,Segura de Toro,227767.0704589
2,Toril,200942.2039020
2,Mesas de Ibor,210408.5191982
2,Pescueza,194387.0264622
2,Villa del Rey,171833.4974589
2,Jarilla,219818.0968109
2,Casas de Miravete,171813.7377356
2,Gargüera,215307.5968520
2,Robledillo de Gata,241305.1667205
2,Valdecañas de Tajo,219145.6945162
2,Pedroso de Acim,169598.3620439
2,Berrocalejo,223027.6061141
2,Garvín,217299.9645393
2,Higuera,176150.4128713
2,Benquerencia,115869.3687585
2,Cachorrilla,196250.5729028
2,Campillo de Deleitosa,224027.0185016
2,Ruanes,115227.9585597
3,Badajoz,114918.6280125
3,Mérida,52136.9589320
3,Don Benito,8110.5638814
3,Almendralejo,82321.6121212
3,Villanueva de la Serena,17137.7734996
3,Zafra,95832.0763512
3,Montijo,78131.8855259
3,Villafranca de los Barros,75916.9263836
3,Olivenza,141637.8277054
3,Jerez de los Caballeros,133896.1678492
3,Azuaga,98142.3996179
3,"Santos de Maimona. Los",92499.1987105
3,Guareña,37302.4275422
3,Fuente del Maestre,88058.2152160
3,Castuera,52567.4088166
3,Calamonte,62607.5697625
3,Llerena,104200.2199718
3,Puebla de la Calzada,80803.4602793
3,San Vicente de Alcántara,165229.0489819
3,Alburquerque,132339.7459601
3,Aceuchal,87760.0103787
3,Oliva de la Frontera,151013.2301163
3,Talavera la Real,95720.3684065
3,Cabeza del Buey,83218.8237616
3,Campanario,34582.4931900
3,Fregenal de la Sierra,135146.6975329
3,Quintana de la Serena,66418.7011419
3,Fuente de Cantos,115829.7284045
3,Navalvillar de Pela,50134.9055826
3,Monesterio,132521.4459018
3,Santa Amalia,21165.5675507
3,Santa Marta,101115.3580615
3,Arroyo de San Serván,68640.1214222
3,Valverde de Leganés,129120.7169006
3,Zalamea de la Serena,50899.4765631
3,Hornachos,69281.1903193
3,Barcarrota,131366.8945654
3,Herrera del Duque,110197.9117193
3,Villanueva del Fresno,168850.0812153
3,Talarrubias,78836.9841669
3,"Zarza. La",43198.4658794
3,Ribera del Fresno,72781.8149815
3,Burguillos del Cerro,114339.0825509
3,Orellana la Vieja,47437.3046636
3,Zah¡nos,153626.6694699
3,Puebla de Sancho P‚rez,99414.8810338
3,Solana de los Barros,85927.9515246
3,Valdelacalzada,88340.9057579
3,Lobón,80694.3388482
3,Monterrubio de la Serena,71643.2506480
3,Fuentes de León,145201.9688265
3,"Garrovilla. La",66164.4421080
3,Berlanga,105557.0700797
3,Higuera la Real,162591.2208865
3,Villar del Rey,111239.8104610
3,Granja de Torrehermosa,94177.9214045
3,Medell¡n,17051.0767520
3,Bienvenida,104760.6308394
3,"Codosera. La",145653.1803340
3,Valencia del Ventoso,116397.9233033
3,"Coronada. La",26833.7779462
3,Torremej¡a,61794.5074109
3,Siruela,96707.1216732
3,Higuera de Vargas,154118.6014229
3,Segura de León,139177.3544034
3,Salvaleón,125057.4449000
3,Pueblonuevo del Guadiana,92069.4043336
3,Alange,47656.4433824
3,Puebla de Obando,106140.2412426
3,"Albuera. La",112537.3347641
3,Usagre,97105.9321120
3,Fuenlabrada de los Montes,101948.6963720
3,Alconchel,152961.5447191
3,Oliva de Mérida,38707.6772999
3,Salvatierra de los Barros,112522.1366430
3,Villalba de los Barros,92412.5789591
3,Casas de Don Pedro,62112.1392201
3,Esparragalejo,61709.0195531
3,Montemolín,128539.4558251
3,"Roca de la Sierra. La",96797.4072888
3,Campillo de Llerena,110155.0210301
3,Cabeza la Vaca,150089.5869753
3,Villar de Rena,23030.3255974
3,Trujillanos,47439.2227858
3,Valle de la Serena,33059.4324201
3,"Parra. La",105208.7004563
3,Mirandilla,60903.5015084
3,"Haba. La",11653.0330840
3,Villagonzalo,39374.0366330
3,Feria,100473.0530449
3,Medina de las Torres,105976.4047215
3,Valdetorres,28456.1828867
3,Almendral,119339.8792055
3,Corte de Peleas,98309.5541151
3,Cheles,169122.1981703
3,Puebla de Alcocer,76615.4052134
3,Torre de Miguel Sesmero,116303.6922020
3,Valdecaballeros,135600.5026051
3,Peñalsordo,99291.7264648
3,Valle de Santa Ana,135188.7816524
3,Valverde de Mérida,42527.5680545
3,Castilblanco,125993.8177310
3,Bodonal de la Sierra,134077.6318447
3,"Nava de Santiago. La",79769.6121714
3,Esparragosa de la Serena,55724.6642305
3,Maguilla,103346.1899368
3,Calera de León,141514.1704166
3,Ahillones,113255.5879083
3,Higuera de la Serena,40576.3519894
3,Esparragosa de Lares,74048.0081635
3,Torremayor,71329.7961353
3,Villagarcía de la Torre,108849.9711045
3,Cordobilla de Lácara,82640.5709251
3,Benquerencia de la Serena,57842.2457902
3,Llera,82175.7074141
3,San Pedro de Mérida,39177.1187822
3,Calzadilla de los Barros,107732.0290339
3,Puebla de la Reina,54958.3713984
3,Acedera,37265.3510293
3,Táliga,146705.5200433
3,Valencia del Mombuey,170972.8125901
3,Puebla del Maestre,129934.2253633
3,Manchita,45832.3484490
3,"Morera. La",109053.7062043
3,Fuente del Arco,120146.0220559
3,Don Álvaro,50083.4447376
3,Alconera,106011.4071863
3,Nogales,115555.7113419
3,Helechosa de los Montes,154825.5742789
3,Valverde de Llerena,110764.4725735
3,Palomas,50501.0138679
3,Trasierra,112393.3203523
3,Valencia de las Torres,82953.9554036
3,Garlitos,102799.3679354
3,Rena,20213.4711349
3,Malpartida de la Serena,50336.1089507
3,Peraleda del Zaucejo,75761.3278756
3,Magacela,18237.5286629
3,Entrín Bajo,102537.8815975
3,Villarta de los Montes,185461.3672300
3,Carmonita,72650.9306234
3,Cristina,34612.5059647
3,Hinojosa del Valle,82544.9076989
3,Garbayuela,95581.7924266
3,Puebla del Prior,75118.6619400
3,Retamal de Llerena,55324.6445965
3,Mengabril,11636.4572063
3,Malcocinado,114024.7013254
3,Valle de Matamoros,142378.3173858
3,Zarza-Capilla,94098.3856309
3,Higuera de Llerena,86282.3333723
3,Baterno,110155.8389751
3,Atalaya,110743.2985014
3,Valverde de Burguillos,112019.9894049
3,Orellana de la Sierra,52177.1779294
3,"Lapa. La",106753.5557648
3,Tamurejo,108384.7141834
3,Aljucén,66373.9835265
3,Sancti-Spíritus,91571.0237461
3,Reina,114458.7243043
3,Casas de Reina,111626.2274875
3,Capilla,102645.2127268
3,Risco,93863.5671426
3,"Carrascalejo. El",62417.6694919
3,C ceres,93919.3799236
3,Plasencia,156387.8792869
3,Navalmoral de la Mata,137935.0240603
3,Coria,159391.7758758
3,Miajadas,36024.2005686
3,Trujillo,70643.9414500
3,Talayuela,161508.7862257
3,Moraleja,174568.5913160
3,Arroyo de la Luz,115019.7454558
3,Jara¡z de la Vera,152634.5787782
3,Valencia de Alc ntara,181643.6982882
3,Montehermoso,180032.6123833
3,Casar de Cáceres,103856.1425402
3,Malpartida de Plasencia,149756.0003009
3,Malpartida de Cáceres,107130.4425992
3,Hervás,220335.6200282
3,Torrejoncillo,171981.9119710
3,Jarandilla de la Vera,168025.3457216
3,Alcuéscar,60912.7496572
3,Losar de la Vera,169551.8949759
3,Madroñera,70887.3867815
3,Valverde del Fresno,237251.3909207
3,Garrovillas de Alconétar,126648.6060684
3,Aldeanueva de la Vera,162842.8568436
3,Cabezuela del Valle,185773.6529523
3,Brozas,143170.4230526
3,Villanueva de la Vera,180736.9640036
3,Guadalupe,91288.3943298
3,Logrosán,71421.4205806
3,Sierra de Fuentes,82463.4376124
3,Navaconcejo,182462.1275398
3,Ceclavín,166088.6157212
3,Montánchez,60107.2088043
3,Almoharín,42360.7063206
3,Aliseda,124623.8904656
3,Galisteo,162739.9641150
3,Madrigalejo,70691.0010466
3,Cilleros,226617.7245090
3,Zarza de Granadilla,186840.5813051
3,Madrigal de la Vera,190218.4927811
3,Cañamero,83553.8017061
3,Serradilla,135129.9478045
3,Torreorgaz,74820.5918949
3,Pinofranqueado,205592.2284757
3,Zorita,50670.3123363
3,Gata,208022.4768029
3,Alcántara,158188.6443431
3,Guijo de Galisteo,182416.2076757
3,Piornal,172250.0931685
3,Ahigal,182837.8058146
3,Peraleda de la Mata,150949.2928040
3,Navas del Madro¤o,133936.5827082
3,Nuñomoral,226781.6225404
3,Valdefuentes,57662.1512251
3,Zarza la Mayor,177558.5912596
3,Casatejada,131099.3645930
3,Casar de Palomero,204529.1420285
3,Jerte,191695.6224782
3,Almaraz,122357.1413143
3,Majadas,140058.7460504
3,Cañaveral,134522.9428414
3,Rosalejo,157996.1261977
3,Caminomorisco,205460.7959674
3,Riolobos,156831.5396749
3,Casta¤ar de Ibor,119729.3984694
3,Tornavacas,198776.4816106
3,Torrecillas de la Tiesa,91398.0631435
3,"Pesga. La",204262.7553940
3,Carcaboso,166225.0491590
3,Garganta la Olla,161248.7396208
3,Torremocha,66849.4569731
3,Eljas,238215.4964205
3,Campo Lugar,37137.0151444
3,Al¡a,101429.4646907
3,Arroyomolinos,53325.6078205
3,Monroy,121115.7297128
3,"Torno. El",175889.9496030
3,"Cumbre. La",74181.4673564
3,Hoyos,215658.7108764
3,Mohedas de Granadilla,192497.5111572
3,Perales del Puerto,215323.3112843
3,Talav n,130777.9932391
3,San Martín de Trevejo,236263.8741953
3,Cuacos de Yuste,159202.2369407
3,Tejeda de Tiétar,164917.4442446
3,Acehúche,152669.5640581
3,Escurial,49410.2999813
3,Garciaz,72487.3257888
3,Membrío,178496.8598523
3,Deleitosa,110284.5882407
3,Santibáñez el Bajo,186571.5641131
3,Saucedilla,126939.8835497
3,Aldeanueva del Camino,188315.0639972
3,Albalá,63562.9791711
3,Aldeacentenera,87522.8218579
3,Casas del Monte,183682.4605154
3,Valdeobispo,171039.3519177
3,Holguera,161397.8635556
3,Mirabel,145354.7232923
3,Aldea del Cano,83590.7687488
3,Baños de Montemayor,228475.2008274
3,Navezuelas,105016.3197644
3,Casas de Millán,138534.4353973
3,Salorino,172548.2623762
3,Torrecilla de los Ángeles,195856.4547694
3,Acebo,217556.8789073
3,Santiago de Alcántara,199982.1982728
3,Pasarón de la Vera,161058.1141825
3,Villamiel,228276.7755784
3,Villar del Pedroso,148522.0458553
3,Belvís de Monroy,141886.9287271
3,Casas del Castañar,174665.6536830
3,Torre de Santa María,56254.8537688
3,Guijo de Granadilla,184011.7903503
3,Torremenga,154951.2734841
3,Zarza de Montánchez,53636.2723918
3,Aceituna,188713.1821740
3,Torrejón el Rubio,113987.9569262
3,Torrequemada,71575.5009605
3,Jaraicejo,113241.4124124
3,Valverde de la Vera,177642.9329488
3,Torre de Don Miguel,204085.1494668
3,Pozuelo de Zarzón,183881.3147943
3,Villa del Campo,182873.1049237
3,Plasenzuela,73253.0932191
3,Bohonal de Ibor,141909.1359664
3,Berzocana,89078.6306734
3,Casares de las Hurdes,234522.7342562
3,Hernán-Pérez,195807.4732006
3,Villanueva de la Sierra,190759.3499819
3,Cadalso,200399.0683266
3,Navalvillar de Ibor,112732.5860342
3,Arroyomolinos de la Vera,165703.3216508
3,Cedillo,224555.2073275
3,"Garganta. La",234818.5722165
3,Ibahernando,67022.4738184
3,Calzadilla,170322.9199296
3,Barrado,171188.7279368
3,Casillas de Coria,169213.4524140
3,Villasbuenas de Gata,206407.1961661
3,Valdelacasa de Tajo,156460.9712086
3,Abertura,43513.2646093
3,Palomero,198823.4875798
3,Serrejón,129156.0916144
3,Hinojal,124096.4969714
3,Gargantilla,190485.0731157
3,Santibáñez el Alto,201524.9466701
3,Cabañas del Castillo,104034.2202874
3,Robledillo de Trujillo,58500.4228197
3,Cabezabellosa,179887.2921138
3,Morcillo,174563.7737850
3,Portaje,157981.9915600
3,Guijo de Santa Bárbara,172468.9167768
3,Robledollano,124031.6798869
3,Puerto de Santa Cruz,53618.4482477
3,Herreruela,163547.1174964
3,Valdastillas,178006.6438943
3,Cabrero,176215.8236114
3,Herguijuela,62633.0483009
3,Talaveruela de la Vera,176517.4699510
3,"Granja. La",184302.8127377
3,"Aldea del Obispo. La",89099.7997575
3,Casas de Don Gómez,167659.0476376
3,Aldehuela de Jerte,170413.3491172
3,"Gordo. El",156171.1537763
3,Carrascalejo,141270.4749998
3,Mata de Alcántara,151985.1967348
3,Fresnedoso de Ibor,136320.5235919
3,Abadía,190939.9524388
3,Santa Cruz de Paniagua,193245.3931719
3,Villamesías,47776.6626841
3,Santa Marta de Magasca,92529.3597042
3,Santiago del Campo,125157.6047336
3,Robledillo de la Vera,165370.1286523
3,Salvatierra de Santiago,61002.2526534
3,Santa Ana,62858.8953437
3,Peraleda de San Román,151904.9057036
3,Oliva de Plasencia,167515.7238740
3,Herrera de Alcántara,226257.3405574
3,Santa Cruz de la Sierra,56846.8263341
3,Portezuelo,138557.9548942
3,Alcollarín,44974.3397723
3,Viandar de la Vera,175635.2470483
3,Millanes,136566.5945385
3,Marchagaz,201649.4808667
3,Rebollar,180587.2523712
3,Guijo de Coria,176866.2895270
3,Valdemorales,46698.2821922
3,Villar de Plasencia,172452.9235903
3,Ladrillar,239483.8073442
3,Carbajo,194607.2912989
3,Romangordo,113340.9157161
3,Casas de Don Antonio,74129.1793404
3,Valdehúncar,140573.2154145
3,Conquista de la Sierra,59562.6985916
3,Piedras Albas,168207.9532688
3,Collado,155861.4506863
3,Botija,77629.9904241
3,Huélaga,171864.4700874
3,Cerezo,191935.2204836
3,Descargamaría,209639.3917302
3,Segura de Toro,187029.5327246
3,Toril,141498.4836646
3,Mesas de Ibor,149350.9766390
3,Pescueza,165680.5523502
3,Villa del Rey,149966.2297812
3,Jarilla,179080.5590766
3,Casas de Miravete,112370.0174981
3,Gargüera,164886.8028978
3,Robledillo de Gata,212598.6926085
3,Valdecañas de Tajo,158088.1519570
3,Pedroso de Acim,140792.6254651
3,Berrocalejo,163583.8858766
3,Garvín,156242.4219801
3,Higuera,116706.6926338
3,Benquerencia,67896.5324248
3,Cachorrilla,167544.0987908
3,Campillo de Deleitosa,162969.4759424
3,Ruanes,64800.9048155
4,Badajoz,22380.9391160
4,Mérida,75903.8637779
4,Don Benito,94773.6446144
4,Almendralejo,43299.9330008
4,Villanueva de la Serena,106354.0272773
4,Zafra,72812.4213428
4,Montijo,26089.8320510
4,Villafranca de los Barros,59950.9241954
4,Olivenza,51565.8616751
4,Jerez de los Caballeros,73253.9728868
4,Azuaga,136006.6668543
4,"Santos de Maimona. Los",72955.1916500
4,Guareña,85130.6521790
4,Fuente del Maestre,58641.1220307
4,Castuera,136930.0542423
4,Calamonte,41670.7126557
4,Llerena,117529.5883923
4,Puebla de la Calzada,26745.1021945
4,San Vicente de Alcántara,95293.7190919
4,Alburquerque,63836.5944513
4,Aceuchal,43677.1791859
4,Oliva de la Frontera,87898.3184875
4,Talavera la Real,3209.9602731
4,Cabeza del Buey,171958.8431409
4,Campanario,123322.5125694
4,Fregenal de la Sierra,110502.5596370
4,Quintana de la Serena,149289.2697356
4,Fuente de Cantos,98624.4889221
4,Navalvillar de Pela,129310.2401024
4,Monesterio,113690.6416609
4,Santa Amalia,79242.0752556
4,Santa Marta,42744.2353556
4,Arroyo de San Serván,35422.3357335
4,Valverde de Leganés,39048.7508703
4,Zalamea de la Serena,126988.1950460
4,Hornachos,85207.7831017
4,Barcarrota,48035.0162671
4,Herrera del Duque,189373.2462391
4,Villanueva del Fresno,80628.5478921
4,Talarrubias,158012.3186867
4,"Zarza. La",69113.8647258
4,Ribera del Fresno,68189.2870148
4,Burguillos del Cerro,79492.4916038
4,Orellana la Vieja,127809.0310482
4,Zah¡nos,82865.7984235
4,Puebla de Sancho P‚rez,76711.5400497
4,Solana de los Barros,31172.3674591
4,Valdelacalzada,34282.5476731
4,Lobón,18797.0608856
4,Monterrubio de la Serena,148687.8715006
4,Fuentes de León,122498.6278424
4,"Garrovilla. La",37655.4429250
4,Berlanga,118886.4385002
4,Higuera la Real,99351.9716895
4,Villar del Rey,49914.5136775
4,Granja de Torrehermosa,149487.6964247
4,Medell¡n,98221.3573665
4,Bienvenida,99428.9540447
4,"Codosera. La",75717.8504441
4,Valencia del Ventoso,93694.5823192
4,"Coronada. La",115569.9348398
4,Torremej¡a,54796.1003856
4,Siruela,175882.4561930
4,Higuera de Vargas,69540.4215239
4,Segura de León,116474.0134193
4,Salvaleón,52035.2001237
4,Pueblonuevo del Guadiana,38011.0462488
4,Alange,63694.6857976
4,Puebla de Obando,60098.7528645
4,"Albuera. La",22465.3687338
4,Usagre,91780.1881452
4,Fuenlabrada de los Montes,181124.0308918
4,Alconchel,64740.0113959
4,Oliva de Mérida,82978.0747148
4,Salvatierra de los Barros,63398.6690879
4,Villalba de los Barros,46532.7558007
4,Casas de Don Pedro,141287.4737399
4,Esparragalejo,42485.9493497
4,Montemolín,113515.3099649
4,"Roca de la Sierra. La",49955.6703110
4,Campillo de Llerena,133328.7183645
4,Cabeza la Vaca,128416.7218793
4,Villar de Rena,101875.1683711
4,Trujillanos,54116.8605431
4,Valle de la Serena,109148.1509030
4,"Parra. La",55947.5564960
4,Mirandilla,55964.6652121
4,"Haba. La",100869.2868618
4,Villagonzalo,73818.6389030
4,Feria,58043.4473901
4,Medina de las Torres,83273.0637374
4,Valdetorres,88336.1123983
4,Almendral,35011.7435983
4,Corte de Peleas,26151.7756286
4,Cheles,79050.2321401
4,Puebla de Alcocer,160068.8585154
4,Torre de Miguel Sesmero,37648.7852032
4,Valdecaballeros,214775.8371248
4,Peñalsordo,188031.7458442
4,Valle de Santa Ana,84634.4467070
4,Valverde de Mérida,65409.3054087
4,Castilblanco,205169.1522508
4,Bodonal de la Sierra,111374.2908606
4,"Nava de Santiago. La",45899.5776186
4,Esparragosa de la Serena,131813.3827135
4,Maguilla,116675.5583574
4,Calera de León,122669.3257902
4,Ahillones,125112.9110539
4,Higuera de la Serena,116665.0704724
4,Esparragosa de Lares,162788.0275428
4,Torremayor,31859.5307489
4,Villagarcía de la Torre,103590.9279595
4,Cordobilla de Lácara,58493.8076235
4,Benquerencia de la Serena,143727.8803685
4,Llera,89998.6025705
4,San Pedro de Mérida,60757.3407824
4,Calzadilla de los Barros,88761.6683487
4,Puebla de la Reina,79212.1096895
4,Acedera,116440.6855491
4,Táliga,56633.5540130
4,Valencia del Mombuey,107857.9009614
4,Puebla del Maestre,131530.6077718
4,Manchita,93660.5730857
4,"Morera. La",51889.5838703
4,Fuente del Arco,133475.3904765
4,Don Álvaro,74281.0006722
4,Alconera,82812.4781887
4,Nogales,42533.4665656
4,Helechosa de los Montes,234000.9087987
4,Valverde de Llerena,132971.4259205
4,Palomas,75391.1531274
4,Trasierra,125722.6887728
4,Valencia de las Torres,96540.8544403
4,Garlitos,188602.1262559
4,Rena,99058.3139085
4,Malpartida de la Serena,126424.8274337
4,Peraleda del Zaucejo,135565.5985953
4,Magacela,107453.7824407
4,Entrín Bajo,29754.3436447
4,Villarta de los Montes,264636.7017498
4,Carmonita,68126.7755295
4,Cristina,82440.7306015
4,Hinojosa del Valle,77219.1637320
4,Garbayuela,174757.1269464
4,Puebla del Prior,72557.7002030
4,Retamal de Llerena,108916.6090739
4,Mengabril,96065.1306920
4,Malcocinado,151888.9685618
4,Valle de Matamoros,64879.2388189
4,Zarza-Capilla,182838.4050102
4,Higuera de Llerena,99611.7017929
4,Baterno,189331.1734949
4,Atalaya,87544.3695038
4,Valverde de Burguillos,87481.4580734
4,Orellana de la Sierra,131352.5124492
4,"Lapa. La",75435.8094483
4,Tamurejo,187560.0487032
4,Aljucén,61435.1472302
4,Sancti-Spíritus,177349.2636591
4,Reina,127788.0927249
4,Casas de Reina,124955.5959081
4,Capilla,191385.2321062
4,Risco,179666.3254631
4,"Carrascalejo. El",57478.8331956
4,C ceres,116987.5462060
4,Plasencia,178189.1799216
4,Navalmoral de la Mata,197137.0797689
4,Coria,167157.0262193
4,Miajadas,95812.4201186
4,Trujillo,124537.8827905
4,Talayuela,220710.8419342
4,Moraleja,182333.8416595
4,Arroyo de la Luz,109051.6196743
4,Jara¡z de la Vera,211836.6344868
4,Valencia de Alc ntara,111708.3683982
4,Montehermoso,192062.9625077
4,Casar de Cáceres,111759.7960178
4,Malpartida de Plasencia,179272.7150950
4,Malpartida de Cáceres,107087.7582080
4,Hervás,244561.8010617
4,Torrejoncillo,179869.9214355
4,Jarandilla de la Vera,227227.4014301
4,Alcuéscar,77631.2956592
4,Losar de la Vera,228753.9506845
4,Madroñera,136767.7257744
4,Valverde del Fresno,245016.6412642
4,Garrovillas de Alconétar,134413.8564119
4,Aldeanueva de la Vera,222044.9125521
4,Cabezuela del Valle,209999.8339857
4,Brozas,132494.6262080
4,Villanueva de la Vera,239939.0197121
4,Guadalupe,170463.7288496
4,Logrosán,150266.2633543
4,Sierra de Fuentes,115878.3082276
4,Navaconcejo,206688.3085732
4,Ceclavín,173853.8660647
4,Montánchez,87206.3746066
4,Almoharín,96461.2180724
4,Aliseda,94426.2954973
4,Galisteo,180012.0539301
4,Madrigalejo,149535.8438203
4,Cilleros,234382.9748525
4,Zarza de Granadilla,206673.1925028
4,Madrigal de la Vera,249420.5484897
4,Cañamero,162398.6444798
4,Serradilla,167063.2752761
4,Torreorgaz,111934.2584359
4,Pinofranqueado,213357.4788192
4,Zorita,129515.1551100
4,Gata,215787.7271463
4,Alcántara,143508.7312302
4,Guijo de Galisteo,190181.4580192
4,Piornal,209259.3678670
4,Ahigal,202626.6601307
4,Peraleda de la Mata,210151.3485126
4,Navas del Madro¤o,127968.4569267
4,Nuñomoral,239189.5543900
4,Valdefuentes,95638.8885412
4,Zarza la Mayor,167584.2718074
4,Casatejada,190301.4203015
4,Casar de Palomero,221345.6478743
4,Jerte,215921.8035116
4,Almaraz,181559.1970229
4,Majadas,199260.8017589
4,Cañaveral,142410.9523060
4,Rosalejo,217198.1819062
4,Caminomorisco,217868.7278170
4,Riolobos,164719.5491394
4,Casta¤ar de Ibor,192858.3923900
4,Tornavacas,223002.6626440
4,Torrecillas de la Tiesa,150600.1188521
4,"Pesga. La",224051.6097100
4,Carcaboso,184473.4644742
4,Garganta la Olla,220450.7953294
4,Torremocha,104826.1942892
4,Eljas,245980.7467640
4,Campo Lugar,115981.8579181
4,Al¡a,180604.7992105
4,Arroyomolinos,85368.0273342
4,Monroy,143129.4762343
4,"Torno. El",200116.1306365
4,"Cumbre. La",114612.4220830
4,Hoyos,223423.9612199
4,Mohedas de Granadilla,212286.3654732
4,Perales del Puerto,223088.5616278
4,Talav n,138977.4675319
4,San Martín de Trevejo,244029.1245387
4,Cuacos de Yuste,218404.2926492
4,Tejeda de Tiétar,206139.8436602
4,Acehúche,160434.8144016
4,Escurial,128255.1427550
4,Garciaz,144753.4459765
4,Membrío,111085.8456326
4,Deleitosa,169486.6439493
4,Santibáñez el Bajo,206360.4184292
4,Saucedilla,186141.9392582
4,Aldeanueva del Camino,208187.6376182
4,Albalá,89254.4916317
4,Aldeacentenera,156599.1642591
4,Casas del Monte,203526.4392341
4,Valdeobispo,189287.7672329
4,Holguera,169285.8730201
4,Mirabel,168196.5643673
4,Aldea del Cano,89438.6787968
4,Baños de Montemayor,252701.3818609
4,Navezuelas,183861.1625381
4,Casas de Millán,146733.9096902
4,Salorino,104045.1108673
4,Torrecilla de los Ángeles,203621.7051128
4,Acebo,225322.1292508
4,Santiago de Alcántara,133130.3810213
4,Pasarón de la Vera,220260.1698910
4,Villamiel,236042.0259218
4,Villar del Pedroso,227697.3803751
4,Belvís de Monroy,201088.9844357
4,Casas del Castañar,198891.8347165
4,Torre de Santa María,92374.2384793
4,Guijo de Granadilla,203800.6446664
4,Torremenga,211049.1553324
4,Zarza de Montánchez,103068.4771391
4,Aceituna,199414.3666588
4,Torrejón el Rubio,162818.5250924
4,Torrequemada,108689.1675014
4,Jaraicejo,171612.6084512
4,Valverde de la Vera,236844.9886574
4,Torre de Don Miguel,211850.3998103
4,Pozuelo de Zarzón,191646.5651378
4,Villa del Campo,190638.3552672
4,Plasenzuela,113684.0479457
4,Bohonal de Ibor,209806.5108551
4,Berzocana,167923.4734471
4,Casares de las Hurdes,246930.6661059
4,Hernán-Pérez,203572.7235441
4,Villanueva de la Sierra,198524.6003253
4,Cadalso,208164.3186700
4,Navalvillar de Ibor,191907.9205540
4,Arroyomolinos de la Vera,200784.9059358
4,Cedillo,154619.8774376
4,"Garganta. La",259044.7532499
4,Ibahernando,116454.6785657
4,Calzadilla,178088.1702731
4,Barrado,200715.9628754
4,Casillas de Coria,176978.7027575
4,Villasbuenas de Gata,214172.4465095
4,Valdelacasa de Tajo,230935.4689758
4,Abertura,115341.8218274
4,Palomero,211791.5680571
4,Serrejón,188358.1473229
4,Hinojal,132295.9712642
4,Gargantilla,210357.6467368
4,Santibáñez el Alto,209290.1970136
4,Cabañas del Castillo,182879.0630611
4,Robledillo de Trujillo,107932.6275670
4,Cabezabellosa,200034.8922265
4,Morcillo,182329.0241285
4,Portaje,165747.2419035
4,Guijo de Santa Bárbara,231670.9724854
4,Robledollano,183233.7355955
4,Puerto de Santa Cruz,115216.8886132
4,Herreruela,95043.9659875
4,Valdastillas,202232.8249277
4,Cabrero,200442.0046449
4,Herguijuela,128513.3872939
4,Talaveruela de la Vera,235719.5256596
4,"Granja. La",204175.3863587
4,"Aldea del Obispo. La",140597.0310014
4,Casas de Don Gómez,175424.2979811
4,Aldehuela de Jerte,188661.7644323
4,"Gordo. El",215373.2094849
4,Carrascalejo,220445.8095196
4,Mata de Alcántara,146284.3139573
4,Fresnedoso de Ibor,196269.7203526
4,Abadía,210812.5260598
4,Santa Cruz de Paniagua,202252.9535673
4,Villamesías,107564.8822341
4,Santa Marta de Magasca,132960.3144308
4,Santiago del Campo,133357.0790265
4,Robledillo de la Vera,224572.1843608
4,Salvatierra de Santiago,101433.2073800
4,Santa Ana,108361.0776260
4,Peraleda de San Román,219802.6940287
4,Oliva de Plasencia,187304.5781900
4,Herrera de Alcántara,156322.0106674
4,Santa Cruz de la Sierra,118610.4130379
4,Portezuelo,146323.2052376
4,Alcollarín,123819.1825460
4,Viandar de la Vera,234837.3027568
4,Millanes,195768.6502470
4,Marchagaz,215041.9426958
4,Rebollar,204813.4334046
4,Guijo de Coria,184631.5398705
4,Valdemorales,100418.2968246
4,Villar de Plasencia,192600.5237030
4,Ladrillar,251891.7391939
4,Carbajo,127755.4740474
4,Romangordo,172542.9714246
4,Casas de Don Antonio,82826.7492857
4,Valdehúncar,199775.2711231
4,Conquista de la Sierra,131828.8187793
4,Piedras Albas,153528.0401559
4,Collado,215063.5063948
4,Botija,115606.7277402
4,Huélaga,179629.7204308
4,Cerezo,211724.0747997
4,Descargamaría,217404.6420736
4,Segura de Toro,206873.5114433
4,Toril,200700.5393731
4,Mesas de Ibor,217248.3515278
4,Pescueza,173445.8026937
4,Villa del Rey,138474.5206668
4,Jarilla,198924.5377953
4,Casas de Miravete,171572.0732066
4,Gargüera,194414.0378364
4,Robledillo de Gata,220363.9429520
4,Valdecañas de Tajo,225985.5268458
4,Pedroso de Acim,148704.8030283
4,Berrocalejo,222785.9415851
4,Garvín,224140.2103052
4,Higuera,175908.7483423
4,Benquerencia,105873.2697409
4,Cachorrilla,175309.3491343
4,Campillo de Deleitosa,230866.8508311
4,Ruanes,105231.8595421
5,Badajoz,86804.5462498
5,Mérida,99196.9808177
5,Don Benito,104821.6303396
5,Almendralejo,45963.6474361
5,Villanueva de la Serena,116368.7563348
5,Zafra,13836.7257585
5,Montijo,90165.1283176
5,Villafranca de los Barros,33022.5229067
5,Olivenza,82964.8127496
5,Jerez de los Caballeros,32114.5209711
5,Azuaga,86294.9623682
5,"Santos de Maimona. Los",18986.1326999
5,Guareña,80021.5705815
5,Fuente del Maestre,27128.1899066
5,Castuera,111646.4090464
5,Calamonte,71802.5650149
5,Llerena,57296.5153322
5,Puebla de la Calzada,90820.3984611
5,San Vicente de Alcántara,166019.3903241
5,Alburquerque,134562.2656834
5,Aceuchal,44447.0046267
5,Oliva de la Frontera,49231.5832382
5,Talavera la Real,82809.6247117
5,Cabeza del Buey,146786.3372854
5,Campanario,132315.3661153
5,Fregenal de la Sierra,32464.8061462
5,Quintana de la Serena,124005.6245396
5,Fuente de Cantos,27818.7761752
5,Navalvillar de Pela,147683.9994915
5,Monesterio,48264.1587934
5,Santa Amalia,108238.6657880
5,Santa Marta,57196.8422194
5,Arroyo de San Serván,67694.4428523
5,Valverde de Leganés,71971.9503768
5,Zalamea de la Serena,101704.5498501
5,Hornachos,52133.9451990
5,Barcarrota,49388.2491802
5,Herrera del Duque,199865.0250022
5,Villanueva del Fresno,75590.9889983
5,Talarrubias,162621.0879152
5,"Zarza. La",77070.0512153
5,Ribera del Fresno,36205.1369689
5,Burguillos del Cerro,12557.4356728
5,Orellana la Vieja,146182.7904373
5,Zah¡nos,51845.0225918
5,Puebla de Sancho P‚rez,16650.8461613
5,Solana de los Barros,56110.0633988
5,Valdelacalzada,98357.8439398
5,Lobón,84847.2890717
5,Monterrubio de la Serena,123404.2263046
5,Fuentes de León,46309.8276576
5,"Garrovilla. La",86548.2708940
5,Berlanga,76323.6223484
5,Higuera la Real,60809.5740084
5,Villar del Rey,120640.1849097
5,Granja de Torrehermosa,103461.2072317
5,Medell¡n,99573.5060819
5,Bienvenida,39417.6091088
5,"Codosera. La",146443.5216763
5,Valencia del Ventoso,17505.7821345
5,"Coronada. La",126064.7607814
5,Torremej¡a,57991.8086718
5,Siruela,180491.2254215
5,Higuera de Vargas,57460.9699625
5,Segura de León,40285.2132345
5,Salvaleón,43015.5937375
5,Pueblonuevo del Guadiana,102086.3425155
5,Alange,71650.8722872
5,Puebla de Obando,124174.0491312
5,"Albuera. La",63810.5669809
5,Usagre,38126.0735054
5,Fuenlabrada de los Montes,191615.8096549
5,Alconchel,69050.7704710
5,Oliva de Mérida,70987.1672605
5,Salvatierra de los Barros,30284.6356407
5,Villalba de los Barros,39339.3663028
5,Casas de Don Pedro,159661.2331290
5,Esparragalejo,82092.8483390
5,Montemolín,42709.5972180
5,"Roca de la Sierra. La",114030.9665776
5,Campillo de Llerena,90765.9022127
5,Cabeza la Vaca,52227.9216946
5,Villar de Rena,120579.4195063
5,Trujillanos,84971.5270193
5,Valle de la Serena,92558.6373208
5,"Parra. La",37244.2983096
5,Mirandilla,86655.3973406
5,"Haba. La",110884.0159193
5,Villagonzalo,81371.6030463
5,Feria,32792.1945500
5,Medina de las Torres,12467.3509905
5,Valdetorres,89688.2611136
5,Almendral,58338.1999212
5,Corte de Peleas,60082.1576173
5,Cheles,89069.2743516
5,Puebla de Alcocer,156859.2628386
5,Torre de Miguel Sesmero,56648.1587829
5,Valdecaballeros,225267.6158879
5,Peñalsordo,162859.2399887
5,Valle de Santa Ana,52536.5669770
5,Valverde de Mérida,89587.5899401
5,Castilblanco,215660.9310138
5,Bodonal de la Sierra,35185.4906759
5,"Nava de Santiago. La",104631.5890143
5,Esparragosa de la Serena,106529.7375175
5,Maguilla,74112.7422056
5,Calera de León,57865.8190551
5,Ahillones,68491.6108270
5,Higuera de la Serena,91853.9108561
5,Esparragosa de Lares,154291.8657887
5,Torremayor,91713.6249213
5,Villagarcía de la Torre,46969.6277325
5,Cordobilla de Lácara,117225.8190193
5,Benquerencia de la Serena,118444.2351725
5,Llera,49244.7174360
5,San Pedro de Mérida,91447.4525854
5,Calzadilla de los Barros,32046.9167302
5,Puebla de la Reina,62622.5961073
5,Acedera,134814.4449382
5,Táliga,66192.1530803
5,Valencia del Mombuey,69191.1657120
5,Puebla del Maestre,60724.8950249
5,Manchita,88551.4914882
5,"Morera. La",41089.3040577
5,Fuente del Arco,71444.1602042
5,Don Álvaro,97143.4666233
5,Alconera,7442.0989167
5,Nogales,50754.9661436
5,Helechosa de los Montes,244492.6875618
5,Valverde de Llerena,76350.1256936
5,Palomas,58876.4298731
5,Trasierra,60988.4663995
5,Valencia de las Torres,54943.0713680
5,Garlitos,179317.2251612
5,Rena,117762.5650437
5,Malpartida de la Serena,101141.1822377
5,Peraleda del Zaucejo,102221.7864503
5,Magacela,117468.5114981
5,Entrín Bajo,57916.3853062
5,Villarta de los Montes,275128.4805129
5,Carmonita,107747.2440994
5,Cristina,77331.6490040
5,Hinojosa del Valle,36465.2785976
5,Garbayuela,185115.2264380
5,Puebla del Prior,40573.5501571
5,Retamal de Llerena,77453.3186368
5,Mengabril,97417.2794073
5,Malcocinado,102177.2640758
5,Valle de Matamoros,40596.6705077
5,Zarza-Capilla,157665.8991547
5,Higuera de Llerena,57048.8856411
5,Baterno,193939.9427235
5,Atalaya,4330.4614947
5,Valverde de Burguillos,9338.0980183
5,Orellana de la Sierra,149726.2718383
5,"Lapa. La",22926.7251974
5,Tamurejo,192168.8179317
5,Aljucén,92125.8793587
5,Sancti-Spíritus,171814.8813713
5,Reina,65756.8624526
5,Casas de Reina,62924.3656358
5,Capilla,166212.7262507
5,Risco,174107.4247678
5,"Carrascalejo. El",88169.5653241
5,C ceres,158644.3701878
5,Plasencia,220080.8585542
5,Navalmoral de la Mata,228131.2984035
5,Coria,209096.3696049
5,Miajadas,126624.1778951
5,Trujillo,155532.1014252
5,Talayuela,251705.0605689
5,Moraleja,224273.1850450
5,Arroyo de la Luz,157885.1327505
5,Jara¡z de la Vera,242830.8531214
5,Valencia de Alc ntara,182434.0396304
5,Montehermoso,234002.3058932
5,Casar de Cáceres,153651.4746504
5,Malpartida de Plasencia,221164.3937276
5,Malpartida de Cáceres,149995.8298940
5,Hervás,286453.4796943
5,Torrejoncillo,221761.6000681
5,Jarandilla de la Vera,258221.6200648
5,Alcuéscar,108625.5142939
5,Losar de la Vera,259748.1693191
5,Madroñera,167579.4835510
5,Valverde del Fresno,286955.9846497
5,Garrovillas de Alconétar,176353.1997974
5,Aldeanueva de la Vera,253039.1311868
5,Cabezuela del Valle,251891.5126183
5,Brozas,186035.8103474
5,Villanueva de la Vera,270933.2383468
5,Guadalupe,188837.4882387
5,Logrosán,168970.5144895
5,Sierra de Fuentes,150550.7628594
5,Navaconcejo,248579.9872058
5,Ceclavín,215793.2094502
5,Montánchez,118200.5932413
5,Almoharín,127455.4367071
5,Aliseda,158501.5917639
5,Galisteo,221903.7325627
5,Madrigalejo,168240.0949555
5,Cilleros,276322.3182381
5,Zarza de Granadilla,248564.8711354
5,Madrigal de la Vera,280414.7671244
5,Cañamero,181102.8956150
5,Serradilla,208720.0992578
5,Torreorgaz,142907.9171420
5,Pinofranqueado,255296.8222047
5,Zorita,148219.4062452
5,Gata,257727.0705319
5,Alcántara,201998.3498275
5,Guijo de Galisteo,232120.8014047
5,Piornal,251151.0464996
5,Ahigal,244518.3387633
5,Peraleda de la Mata,241145.5671473
5,Navas del Madro¤o,176801.9700030
5,Nuñomoral,281128.8977756
5,Valdefuentes,126633.1071759
5,Zarza la Mayor,226073.8904047
5,Casatejada,221295.6389362
5,Casar de Palomero,263284.9912599
5,Jerte,257813.4821442
5,Almaraz,212553.4156576
5,Majadas,230255.0203936
5,Cañaveral,184302.6309386
5,Rosalejo,248192.4005409
5,Caminomorisco,259808.0712025
5,Riolobos,206611.2277720
5,Casta¤ar de Ibor,217278.4923783
5,Tornavacas,264894.3412766
5,Torrecillas de la Tiesa,181594.3374868
5,"Pesga. La",265943.2883426
5,Carcaboso,226365.1431068
5,Garganta la Olla,251445.0139641
5,Torremocha,135820.4129239
5,Eljas,287920.0901495
5,Campo Lugar,134686.1090533
5,Al¡a,198978.5585996
5,Arroyomolinos,116362.2459689
5,Monroy,184786.3002160
5,"Torno. El",242007.8092691
5,"Cumbre. La",145606.6407176
5,Hoyos,265363.3046054
5,Mohedas de Granadilla,254178.0441058
5,Perales del Puerto,265027.9050133
5,Talav n,180634.2915137
5,San Martín de Trevejo,285968.4679243
5,Cuacos de Yuste,249398.5112839
5,Tejeda de Tiétar,248031.5222928
5,Acehúche,202374.1577872
5,Escurial,146959.3938902
5,Garciaz,170036.4196977
5,Membrío,181811.5168648
5,Deleitosa,200480.8625840
5,Santibáñez el Bajo,248252.0970618
5,Saucedilla,217136.1578929
5,Aldeanueva del Camino,250079.3162508
5,Albalá,120248.7102663
5,Aldeacentenera,185071.9157667
5,Casas del Monte,245418.1178667
5,Valdeobispo,231179.4458655
5,Holguera,211177.5516527
5,Mirabel,210088.2429999
5,Aldea del Cano,120412.3375029
5,Baños de Montemayor,294593.0604935
5,Navezuelas,202565.4136733
5,Casas de Millán,188390.7336719
5,Salorino,174770.7820995
5,Torrecilla de los Ángeles,245561.0484984
5,Acebo,267261.4726363
5,Santiago de Alcántara,203856.0522535
5,Pasarón de la Vera,251254.3885257
5,Villamiel,277981.3693074
5,Villar del Pedroso,246071.1397642
5,Belvís de Monroy,232083.2030703
5,Casas del Castañar,240783.5133491
5,Torre de Santa María,123368.4571140
5,Guijo de Granadilla,245692.3232990
5,Torremenga,245147.5478273
5,Zarza de Montánchez,134062.6957738
5,Aceituna,241353.7100443
5,Torrejón el Rubio,196479.4068048
5,Torrequemada,139662.8262075
5,Jaraicejo,202606.8270858
5,Valverde de la Vera,267839.2072920
5,Torre de Don Miguel,253789.7431958
5,Pozuelo de Zarzón,233585.9085233
5,Villa del Campo,232577.6986527
5,Plasenzuela,144678.2665803
5,Bohonal de Ibor,239458.2298753
5,Berzocana,186627.7245823
5,Casares de las Hurdes,288870.0094914
5,Hernán-Pérez,245512.0669296
5,Villanueva de la Sierra,240463.9437109
5,Cadalso,250103.6620556
5,Navalvillar de Ibor,210281.6799431
5,Arroyomolinos de la Vera,242676.5845684
5,Cedillo,225345.5486698
5,"Garganta. La",300936.4318825
5,Ibahernando,147448.8972004
5,Calzadilla,220027.5136586
5,Barrado,242607.6415080
5,Casillas de Coria,218918.0461430
5,Villasbuenas de Gata,256111.7898951
5,Valdelacasa de Tajo,254010.0651175
5,Abertura,141062.3585181
5,Palomero,253730.9114427
5,Serrejón,219352.3659576
5,Hinojal,173952.7952460
5,Gargantilla,252249.3253694
5,Santibáñez el Alto,251229.5403991
5,Cabañas del Castillo,201583.3141963
5,Robledillo de Trujillo,138926.8462017
5,Cabezabellosa,241926.5708591
5,Morcillo,224268.3675140
5,Portaje,207686.5852890
5,Guijo de Santa Bárbara,262665.1911201
5,Robledollano,214227.9542302
5,Puerto de Santa Cruz,146144.3714108
5,Herreruela,165769.6372197
5,Valdastillas,244124.5035603
5,Cabrero,242333.6832775
5,Herguijuela,159325.1450704
5,Talaveruela de la Vera,266713.7442943
5,"Granja. La",246067.0649913
5,"Aldea del Obispo. La",171591.2496360
5,Casas de Don Gómez,217363.6413666
5,Aldehuela de Jerte,230553.4430649
5,"Gordo. El",246367.4281196
5,Carrascalejo,238819.5689087
5,Mata de Alcántara,200641.4103665
5,Fresnedoso de Ibor,227263.9389873
5,Abadía,252704.2046924
5,Santa Cruz de Paniagua,244192.2969528
5,Villamesías,138376.6400106
5,Santa Marta de Magasca,163954.5330655
5,Santiago del Campo,175013.9030082
5,Robledillo de la Vera,255566.4029955
5,Salvatierra de Santiago,132427.4260147
5,Santa Ana,139355.2962607
5,Peraleda de San Román,249453.9996124
5,Oliva de Plasencia,229196.2568226
5,Herrera de Alcántara,227047.6818996
5,Santa Cruz de la Sierra,149422.1708145
5,Portezuelo,188262.5486232
5,Alcollarín,142523.4336812
5,Viandar de la Vera,265831.5213915
5,Millanes,226762.8688817
5,Marchagaz,256981.2860814
5,Rebollar,246705.1120372
5,Guijo de Coria,226570.8832560
5,Valdemorales,131412.5154593
5,Villar de Plasencia,234492.2023356
5,Ladrillar,293831.0825794
5,Carbajo,198481.1452796
5,Romangordo,203537.1900593
5,Casas de Don Antonio,113820.9679204
5,Valdehúncar,230769.4897578
5,Conquista de la Sierra,157111.7925005
5,Piedras Albas,212017.6587531
5,Collado,246057.7250295
5,Botija,146600.9463748
5,Huélaga,221569.0638164
5,Cerezo,253615.7534323
5,Descargamaría,259343.9854592
5,Segura de Toro,248765.1900759
5,Toril,231694.7580078
5,Mesas de Ibor,246900.0705479
5,Pescueza,215385.1460792
5,Villa del Rey,192831.6170760
5,Jarilla,240816.2164279
5,Casas de Miravete,202566.2918413
5,Gargüera,236305.7164690
5,Robledillo de Gata,262303.2863375
5,Valdecañas de Tajo,255637.2458659
5,Pedroso de Acim,190596.4816609
5,Berrocalejo,253780.1602198
5,Garvín,253791.5158890
5,Higuera,206902.9669770
5,Benquerencia,136867.4883755
5,Cachorrilla,217248.6925198
5,Campillo de Deleitosa,260518.5698513
5,Ruanes,136226.0781768
6,Badajoz,162167.7917838
6,Mérida,106545.2791212
6,Don Benito,60181.9611738
6,Almendralejo,105297.8072252
6,Villanueva de la Serena,58807.0822229
6,Zafra,108596.3371028
6,Montijo,132063.9713165
6,Villafranca de los Barros,95751.8843281
6,Olivenza,172103.2178425
6,Jerez de los Caballeros,146660.4286008
6,Azuaga,72302.3818369
6,"Santos de Maimona. Los",105263.4594621
6,Guareña,91710.7477314
6,Fuente del Maestre,107498.5944303
6,Castuera,11461.7811006
6,Calamonte,114244.9445248
6,Llerena,93396.7016802
6,Puebla de la Calzada,134735.5460700
6,San Vicente de Alcántara,219161.1347725
6,Alburquerque,186271.8317508
6,Aceuchal,110736.2054827
6,Oliva de la Frontera,163777.4908679
6,Talavera la Real,143783.0034115
6,Cabeza del Buey,46601.7093397
6,Campanario,32130.7381696
6,Fregenal de la Sierra,146390.3565439
6,Quintana de la Serena,2568.0310404
6,Fuente de Cantos,107851.7777786
6,Navalvillar de Pela,65386.5956801
6,Monesterio,126116.0667746
6,Santa Amalia,75097.6533414
6,Santa Marta,131931.2301602
6,Arroyo de San Serván,122572.2072129
6,Valverde de Leganés,161110.3554697
6,Zalamea de la Serena,25059.4587821
6,Hornachos,70597.7590976
6,Barcarrota,151480.8430699
6,Herrera del Duque,99680.3970565
6,Villanueva del Fresno,189539.2446625
6,Talarrubias,62436.4599695
6,"Zarza. La",97606.7860685
6,Ribera del Fresno,86549.3181718
6,Burguillos del Cerro,127103.3433025
6,Orellana la Vieja,51441.1210782
6,Zah¡nos,166390.9302215
6,Puebla de Sancho P‚rez,112179.1417854
6,Solana de los Barros,116743.8236234
6,Valdelacalzada,142272.9915486
6,Lobón,134626.4246389
6,Monterrubio de la Serena,29064.4841949
6,Fuentes de León,140704.7038010
6,"Garrovilla. La",120096.5278987
6,Berlanga,94753.5517881
6,Higuera la Real,175355.4816380
6,Villar del Rey,165171.8962517
6,Granja de Torrehermosa,68337.9036234
6,Medell¡n,71459.3969412
6,Bienvenida,96782.6802135
6,"Codosera. La",199585.2661247
6,Valencia del Ventoso,126963.7507702
6,"Coronada. La",38661.8352848
6,Torremej¡a,105876.6143088
6,Siruela,80306.5974758
6,Higuera de Vargas,172006.8775921
6,Segura de León,135970.0262360
6,Salvaleón,145108.1876272
6,Pueblonuevo del Guadiana,146001.4901243
6,Alange,93003.4915010
6,Puebla de Obando,160072.3270333
6,"Albuera. La",147377.4594422
6,Usagre,90259.1200257
6,Fuenlabrada de los Montes,91431.1817092
6,Alconchel,173650.7081663
6,Oliva de Mérida,84781.3349169
6,Salvatierra de los Barros,131962.5158574
6,Villalba de los Barros,115388.7740631
6,Casas de Don Pedro,76566.2604047
6,Esparragalejo,115641.1053437
6,Montemolín,120561.5051991
6,"Roca de la Sierra. La",150729.4930795
6,Campillo de Llerena,84315.0032491
6,Cabeza la Vaca,144293.1435950
6,Villar de Rena,61915.3164572
6,Trujillanos,101371.3085765
6,Valle de la Serena,39198.9904417
6,"Parra. La",124649.0796706
6,Mirandilla,114835.5872991
6,"Haba. La",52490.4909280
6,Villagonzalo,93782.3568221
6,Feria,119913.4322592
6,Medina de las Torres,118740.6654731
6,Valdetorres,82864.5030759
6,Almendral,144512.6378522
6,Corte de Peleas,129125.4262139
6,Cheles,193669.2120469
6,Puebla de Alcocer,56674.6348929
6,Torre de Miguel Sesmero,142822.5967139
6,Valdecaballeros,125082.9879422
6,Peñalsordo,62674.6120430
6,Valle de Santa Ana,154629.1608667
6,Valverde de Mérida,96935.8882436
6,Castilblanco,115476.3030681
6,Bodonal de la Sierra,138848.1568954
6,"Nava de Santiago. La",133701.6979620
6,Esparragosa de la Serena,21221.4521802
6,Maguilla,88378.5387118
6,Calera de León,135717.7270362
6,Ahillones,87415.5701273
6,Higuera de la Serena,30245.3192776
6,Esparragosa de Lares,54107.2378430
6,Torremayor,125261.8819260
6,Villagarcía de la Torre,100872.0204785
6,Cordobilla de Lácara,129550.7565668
6,Benquerencia de la Serena,18259.6072268
6,Llera,79056.7163694
6,San Pedro de Mérida,93109.2045728
6,Calzadilla de los Barros,117959.4506795
6,Puebla de la Reina,67718.3796552
6,Acedera,62301.5812716
6,Táliga,168284.7469699
6,Valencia del Mombuey,183737.0733417
6,Puebla del Maestre,119130.7070718
6,Manchita,100240.6686381
6,"Morera. La",128494.0854187
6,Fuente del Arco,97801.5885255
6,Don Álvaro,104491.7649267
6,Alconera,118775.6679379
6,Nogales,138159.7475046
6,Helechosa de los Montes,144308.0596161
6,Valverde de Llerena,84924.4547925
6,Palomas,72670.5975295
6,Trasierra,101589.8020607
6,Valencia de las Torres,72150.4371120
6,Garlitos,79132.5972154
6,Rena,59098.4619946
6,Malpartida de la Serena,20466.7034011
6,Peraleda del Zaucejo,49921.3100946
6,Magacela,45819.8457679
6,Entrín Bajo,133353.7536962
6,Villarta de los Montes,174943.8525672
6,Carmonita,119561.1162651
6,Cristina,89020.8261539
6,Hinojosa del Valle,85257.9633016
6,Garbayuela,84930.5984923
6,Puebla del Prior,82437.6101445
6,Retamal de Llerena,44521.1263050
6,Mengabril,66044.7773955
6,Malcocinado,88184.6835444
6,Valle de Matamoros,155142.5781374
6,Zarza-Capilla,57481.2712090
6,Higuera de Llerena,75478.8150807
6,Baterno,93755.3147778
6,Atalaya,123507.5592530
6,Valverde de Burguillos,124784.2501565
6,Orellana de la Sierra,56776.7538345
6,"Lapa. La",119517.8165164
6,Tamurejo,91984.1899860
6,Aljucén,120306.0693171
6,Sancti-Spíritus,71630.2534256
6,Reina,102498.2863943
6,Casas de Reina,99926.1604805
6,Capilla,66028.0983050
6,Risco,73922.7968221
6,"Carrascalejo. El",116349.7552825
6,C ceres,140829.5655653
6,Plasencia,195272.8701467
6,Navalmoral de la Mata,176820.0149201
6,Coria,206301.9615175
6,Miajadas,82914.5999607
6,Trujillo,109528.9323098
6,Talayuela,200393.7770855
6,Moraleja,221478.7769577
6,Arroyo de la Luz,161929.9310975
6,Jara¡z de la Vera,191519.5696380
6,Valencia de Alc ntara,235575.7840788
6,Montehermoso,218917.6032431
6,Casar de Cáceres,150766.3281819
6,Malpartida de Plasencia,188640.9911607
6,Malpartida de Cáceres,154040.6282409
6,Hervás,259220.6108880
6,Torrejoncillo,215063.4945300
6,Jarandilla de la Vera,206910.3365814
6,Alcuéscar,107822.9352989
6,Losar de la Vera,208436.8858357
6,Madroñera,109772.3776413
6,Valverde del Fresno,281499.0950491
6,Garrovillas de Alconétar,173558.7917101
6,Aldeanueva de la Vera,201727.8477034
6,Cabezuela del Valle,224658.6438121
6,Brozas,190080.6086943
6,Villanueva de la Vera,219621.9548634
6,Guadalupe,112336.3908645
6,Logrosán,97730.8669860
6,Sierra de Fuentes,129373.6232541
6,Navaconcejo,221347.1183995
6,Ceclavín,212998.8013629
6,Montánchez,107017.3944460
6,Almoharín,89270.8919623
6,Aliseda,171534.0761072
6,Galisteo,201624.9549748
6,Madrigalejo,109575.9919064
6,Cilleros,270865.4286374
6,Zarza de Granadilla,225725.5721649
6,Madrigal de la Vera,229103.4836409
6,Cañamero,107972.1424558
6,Serradilla,174014.9386643
6,Torreorgaz,121730.7775366
6,Pinofranqueado,246593.1374579
6,Zorita,89555.3031961
6,Gata,252270.1809312
6,Alcántara,205098.8299848
6,Guijo de Galisteo,224841.2553678
6,Piornal,211135.0840283
6,Ahigal,221722.7966744
6,Peraleda de la Mata,186352.5522551
6,Navas del Madro¤o,180846.7683499
6,Nuñomoral,265666.6134002
6,Valdefuentes,104572.3368668
6,Zarza la Mayor,224468.7769013
6,Casatejada,169984.3554528
6,Casar de Palomero,243414.1328883
6,Jerte,230580.6133380
6,Almaraz,161242.1321741
6,Majadas,178943.7369102
6,Cañaveral,181433.1284831
6,Rosalejo,193475.7234562
6,Caminomorisco,244345.7868271
6,Riolobos,199913.1222339
6,Casta¤ar de Ibor,140777.3950041
6,Tornavacas,237661.4724704
6,Torrecillas de la Tiesa,130283.0540033
6,"Pesga. La",243147.7462538
6,Carcaboso,205110.0400188
6,Garganta la Olla,200133.7304806
6,Torremocha,113759.6426148
6,Eljas,282463.2005489
6,Campo Lugar,76022.0060042
6,Al¡a,122477.4612254
6,Arroyomolinos,100235.7934622
6,Monroy,160000.7205726
6,"Torno. El",214774.9404628
6,"Cumbre. La",119462.0407763
6,Hoyos,259906.4150048
6,Mohedas de Granadilla,231382.5020170
6,Perales del Puerto,259571.0154126
6,Talav n,172198.8010221
6,San Martín de Trevejo,280511.5783236
6,Cuacos de Yuste,198087.2278005
6,Tejeda de Tiétar,203802.4351044
6,Acehúche,199579.7496998
6,Escurial,88295.2908411
6,Garciaz,111372.3166486
6,Membrío,225407.0454940
6,Deleitosa,148344.9084243
6,Santibáñez el Bajo,225456.5549729
6,Saucedilla,165824.8744095
6,Aldeanueva del Camino,227200.0548570
6,Albalá,110473.1648128
6,Aldeacentenera,126407.8127177
6,Casas del Monte,222567.4513752
6,Valdeobispo,209924.3427775
6,Holguera,204479.4461146
6,Mirabel,184239.7141521
6,Aldea del Cano,130500.9543905
6,Baños de Montemayor,267360.1916872
6,Navezuelas,129434.6605141
6,Casas de Millán,185444.6210390
6,Salorino,226480.3481668
6,Torrecilla de los Ángeles,240104.1588977
6,Acebo,261804.5830356
6,Santiago de Alcántara,246892.3839145
6,Pasarón de la Vera,199943.1050423
6,Villamiel,272524.4797067
6,Villar del Pedroso,169570.0423900
6,Belvís de Monroy,180771.9195869
6,Casas del Castañar,213550.6445428
6,Torre de Santa María,103165.0394105
6,Guijo de Granadilla,222896.7812101
6,Torremenga,193836.2643439
6,Zarza de Montánchez,100546.4580335
6,Aceituna,227598.1730338
6,Torrejón el Rubio,152872.9477860
6,Torrequemada,118485.6866022
6,Jaraicejo,152126.4032722
6,Valverde de la Vera,216527.9238086
6,Torre de Don Miguel,248332.8535951
6,Pozuelo de Zarzón,228107.5134963
6,Villa del Campo,229235.0790647
6,Plasenzuela,120163.2788608
6,Bohonal de Ibor,162957.1325011
6,Berzocana,114625.5608917
6,Casares de las Hurdes,273407.7251160
6,Hernán-Pérez,240055.1773290
6,Villanueva de la Sierra,235007.0541102
6,Cadalso,244646.7724549
6,Navalvillar de Ibor,133780.5825689
6,Arroyomolinos de la Vera,204588.3125106
6,Cedillo,273873.2733245
6,"Garganta. La",273703.5630763
6,Ibahernando,113932.6594601
6,Calzadilla,217233.1055713
6,Barrado,210073.7187966
6,Casillas de Coria,216123.6380557
6,Villasbuenas de Gata,250654.9002944
6,Valdelacasa de Tajo,177508.9677433
6,Abertura,82398.2554691
6,Palomero,237708.4784396
6,Serrejón,168041.0824742
6,Hinojal,171006.6826131
6,Gargantilla,229370.0639755
6,Santibáñez el Alto,245772.6507985
6,Cabañas del Castillo,129581.1505057
6,Robledillo de Trujillo,105410.6084614
6,Cabezabellosa,218772.2829735
6,Morcillo,221473.9594267
6,Portaje,204892.1772017
6,Guijo de Santa Bárbara,211353.9076366
6,Robledollano,149692.4547128
6,Puerto de Santa Cruz,92503.4391075
6,Herreruela,217479.2032871
6,Valdastillas,216891.6347541
6,Cabrero,215100.8144712
6,Herguijuela,101518.0391607
6,Talaveruela de la Vera,215402.4608108
6,"Granja. La",223187.8035974
6,"Aldea del Obispo. La",127984.7906173
6,Casas de Don Gómez,214569.2332793
6,Aldehuela de Jerte,209298.3399770
6,"Gordo. El",191640.0503479
6,Carrascalejo,162318.4715345
6,Mata de Alcántara,198895.3823765
6,Fresnedoso de Ibor,157368.5201266
6,Abadía,229824.9432986
6,Santa Cruz de Paniagua,232130.3840317
6,Villamesías,91230.5492486
6,Santa Marta de Magasca,132702.4941005
6,Santiago del Campo,172067.7903753
6,Robledillo de la Vera,204255.1195121
6,Salvatierra de Santiago,107912.4382951
6,Santa Ana,109769.0809854
6,Peraleda de San Román,172952.9022382
6,Oliva de Plasencia,206400.7147338
6,Herrera de Alcántara,275575.4065544
6,Santa Cruz de la Sierra,95731.8171939
6,Portezuelo,185468.1405359
6,Alcollarín,83859.3306321
6,Viandar de la Vera,214520.2379081
6,Millanes,175451.5853983
6,Marchagaz,240534.4717265
6,Rebollar,219472.2432310
6,Guijo de Coria,223776.4751687
6,Valdemorales,93608.4678339
6,Villar de Plasencia,211337.9144501
6,Ladrillar,278368.7982040
6,Carbajo,241517.4769406
6,Romangordo,152225.9065759
6,Casas de Don Antonio,121039.3649821
6,Valdehúncar,171955.7536764
6,Conquista de la Sierra,98447.6894514
6,Piedras Albas,215118.1389105
6,Collado,194746.4415461
6,Botija,124540.1760658
6,Huélaga,218774.6557291
6,Cerezo,230820.2113434
6,Descargamaría,253887.0958585
6,Segura de Toro,225914.5235844
6,Toril,180383.4745243
6,Mesas de Ibor,170398.9731737
6,Pescueza,212590.7379919
6,Villa del Rey,196876.4154229
6,Jarilla,217965.5499364
6,Casas de Miravete,151255.0083579
6,Gargüera,203771.7937576
6,Robledillo de Gata,256846.3967368
6,Valdecañas de Tajo,179136.1484917
6,Pedroso de Acim,187702.8111068
6,Berrocalejo,199052.7824481
6,Garvín,177290.4185148
6,Higuera,155591.6834936
6,Benquerencia,114806.7180665
6,Cachorrilla,214454.2844325
6,Campillo de Deleitosa,184017.4724771
6,Ruanes,111711.0904572
7,Badajoz,187641.2113208
7,Mérida,126038.1085320
7,Don Benito,79674.7905846
7,Almendralejo,130771.2267622
7,Villanueva de la Serena,78299.9116337
7,Zafra,134069.7566398
7,Montijo,151556.8007274
7,Villafranca de los Barros,121225.3038651
7,Olivenza,197576.6373795
7,Jerez de los Caballeros,172133.8481378
7,Azuaga,85994.9256851
7,"Santos de Maimona. Los",130736.8789991
7,Guareña,111203.5771422
7,Fuente del Maestre,132972.0139673
7,Castuera,35443.1238055
7,Calamonte,136032.4849640
7,Llerena,118682.0040773
7,Puebla de la Calzada,154228.3754808
7,San Vicente de Alcántara,238653.9641834
7,Alburquerque,205764.6611616
7,Aceuchal,136209.6250197
7,Oliva de la Frontera,189250.9104048
7,Talavera la Real,169145.2836080
7,Cabeza del Buey,1539.6750519
7,Campanario,49915.0982195
7,Fregenal de la Sierra,171675.6589410
7,Quintana de la Serena,49294.4161309
7,Fuente de Cantos,133137.0801757
7,Navalvillar de Pela,70609.9737534
7,Monesterio,151401.3691717
7,Santa Amalia,94590.4827522
7,Santa Marta,157404.6496972
7,Arroyo de San Serván,142065.0366237
7,Valverde de Leganés,186583.7750067
7,Zalamea de la Serena,50532.8783190
7,Hornachos,96071.1786346
7,Barcarrota,176954.2626069
7,Herrera del Duque,77187.1873180
7,Villanueva del Fresno,215012.6641995
7,Talarrubias,42772.3278615
7,"Zarza. La",117099.6154794
7,Ribera del Fresno,112022.7377087
7,Burguillos del Cerro,152576.7628395
7,Orellana la Vieja,69222.2693765
7,Zah¡nos,191864.3497585
7,Puebla de Sancho P‚rez,137652.5613224
7,Solana de los Barros,142217.2431604
7,Valdelacalzada,161765.8209594
7,Lobón,154119.2540497
7,Monterrubio de la Serena,29683.9847124
7,Fuentes de León,165990.0061981
7,"Garrovilla. La",139589.3573095
7,Berlanga,109741.6764876
7,Higuera la Real,200828.9011750
7,Villar del Rey,184664.7256625
7,Granja de Torrehermosa,69028.5419126
7,Medell¡n,90952.2263520
7,Bienvenida,122067.9826106
7,"Codosera. La",219078.0955355
7,Valencia del Ventoso,152249.0531673
7,"Coronada. La",58154.6646957
7,Torremej¡a,131350.0338458
7,Siruela,39007.4009606
7,Higuera de Vargas,197480.2971291
7,Segura de León,161255.3286331
7,Salvaleón,170581.6071641
7,Pueblonuevo del Guadiana,165494.3195351
7,Alange,118476.9110380
7,Puebla de Obando,179565.1564441
7,"Albuera. La",172850.8789792
7,Usagre,115544.4224228
7,Fuenlabrada de los Montes,68937.9719707
7,Alconchel,199124.1277033
7,Oliva de Mérida,110254.7544539
7,Salvatierra de los Barros,157435.9353944
7,Villalba de los Barros,140862.1936001
7,Casas de Don Pedro,56902.1282966
7,Esparragalejo,135133.9347545
7,Montemolín,145846.8075962
7,"Roca de la Sierra. La",170222.3224903
7,Campillo de Llerena,98007.5470973
7,Cabeza la Vaca,169578.4459921
7,Villar de Rena,81408.1458680
7,Trujillanos,120864.1379873
7,Valle de la Serena,64672.4099786
7,"Parra. La",150122.4992076
7,Mirandilla,134328.4167099
7,"Haba. La",71983.3203389
7,Villagonzalo,113275.1862330
7,Feria,145386.8517962
7,Medina de las Torres,144214.0850101
7,Valdetorres,102357.3324867
7,Almendral,169986.0573892
7,Corte de Peleas,154598.8457509
7,Cheles,219142.6315839
7,Puebla de Alcocer,36092.4633504
7,Torre de Miguel Sesmero,168296.0162509
7,Valdecaballeros,102589.7782037
7,Peñalsordo,18075.0163156
7,Valle de Santa Ana,180102.5804037
7,Valverde de Mérida,116428.7176544
7,Castilblanco,92983.0933296
7,Bodonal de la Sierra,164133.4592925
7,"Nava de Santiago. La",153194.5273729
7,Esparragosa de la Serena,45167.2885022
7,Maguilla,102071.0825600
7,Calera de León,161003.0294334
7,Ahillones,101108.1139755
7,Higuera de la Serena,55718.7388145
7,Esparragosa de Lares,35959.8834841
7,Torremayor,144754.7113368
7,Villagarcía de la Torre,122931.3483427
7,Cordobilla de Lácara,149043.5859776
7,Benquerencia de la Serena,29041.6825652
7,Llera,104342.0187666
7,San Pedro de Mérida,112602.0339837
7,Calzadilla de los Barros,143244.7530767
7,Puebla de la Reina,93191.7991922
7,Acedera,80082.7295700
7,Táliga,193758.1665069
7,Valencia del Mombuey,209210.4928787
7,Puebla del Maestre,144416.0094689
7,Manchita,119733.4980489
7,"Morera. La",153967.5049556
7,Fuente del Arco,111494.1323737
7,Don Álvaro,123984.5943376
7,Alconera,144249.0874749
7,Nogales,163633.1670416
7,Helechosa de los Montes,121814.8498776
7,Valverde de Llerena,98616.9986407
7,Palomas,98144.0170665
7,Trasierra,117349.0239260
7,Valencia de las Torres,97435.7395091
7,Garlitos,34533.0014880
7,Rena,78591.2914055
7,Malpartida de la Serena,45940.1229381
7,Peraleda del Zaucejo,50163.7126632
7,Magacela,65312.6751787
7,Entrín Bajo,158827.1732332
7,Villarta de los Montes,152450.6428287
7,Carmonita,139053.9456759
7,Cristina,108513.6555647
7,Hinojosa del Valle,110731.3828386
7,Garbayuela,50425.7738930
7,Puebla del Prior,107911.0296815
7,Retamal de Llerena,69994.5458420
7,Mengabril,85537.6068063
7,Malcocinado,101877.2273926
7,Valle de Matamoros,180615.9976744
7,Zarza-Capilla,12881.6754816
7,Higuera de Llerena,100764.1174779
7,Baterno,52456.1182626
7,Atalaya,148980.9787900
7,Valverde de Burguillos,150257.6696935
7,Orellana de la Sierra,74557.9021329
7,"Lapa. La",144991.2360534
7,Tamurejo,50684.9934709
7,Aljucén,139798.8987280
7,Sancti-Spíritus,27355.9539284
7,Reina,116190.8302425
7,Casas de Reina,113618.7043287
7,Capilla,21428.5025775
7,Risco,29648.4973249
7,"Carrascalejo. El",135842.5846934
7,C ceres,160322.3949761
7,Plasencia,214765.6995576
7,Navalmoral de la Mata,183286.5309743
7,Coria,225794.7909284
7,Miajadas,102407.4293716
7,Trujillo,129021.7617207
7,Talayuela,219553.6583536
7,Moraleja,240971.6063685
7,Arroyo de la Luz,181422.7605083
7,Jara¡z de la Vera,210679.4509061
7,Valencia de Alc ntara,255068.6134897
7,Montehermoso,238410.4326539
7,Casar de Cáceres,170259.1575927
7,Malpartida de Plasencia,208133.8205716
7,Malpartida de Cáceres,173533.4576518
7,Hervás,278713.4402989
7,Torrejoncillo,234556.3239408
7,Jarandilla de la Vera,226070.2178495
7,Alcuéscar,127315.7647097
7,Losar de la Vera,227596.7671038
7,Madroñera,129265.2070521
7,Valverde del Fresno,300991.9244599
7,Garrovillas de Alconétar,193051.6211209
7,Aldeanueva de la Vera,220887.7289715
7,Cabezuela del Valle,244151.4732229
7,Brozas,209573.4381052
7,Villanueva de la Vera,238781.8361315
7,Guadalupe,116041.2862951
7,Logrosán,101435.7624166
7,Sierra de Fuentes,148866.4526649
7,Navaconcejo,240839.9478104
7,Ceclavín,232491.6307737
7,Montánchez,126510.2238569
7,Almoharín,108763.7213732
7,Aliseda,191026.9055181
7,Galisteo,221117.7843856
7,Madrigalejo,129068.8213172
7,Cilleros,290358.2580482
7,Zarza de Granadilla,245218.4015757
7,Madrigal de la Vera,248263.3649090
7,Cañamero,111677.0378864
7,Serradilla,193507.7680751
7,Torreorgaz,141223.6069474
7,Pinofranqueado,266085.9668687
7,Zorita,109048.1326069
7,Gata,271763.0103420
7,Alcántara,224591.6593957
7,Guijo de Galisteo,244334.0847786
7,Piornal,230294.9652964
7,Ahigal,241215.6260852
7,Peraleda de la Mata,190057.4476857
7,Navas del Madro¤o,200339.5977607
7,Nuñomoral,285159.4428110
7,Valdefuentes,124065.1662776
7,Zarza la Mayor,243961.6063121
7,Casatejada,189144.2367209
7,Casar de Palomero,262906.9622991
7,Jerte,250073.4427488
7,Almaraz,180402.0134422
7,Majadas,198103.6181783
7,Cañaveral,200925.9578940
7,Rosalejo,197180.6188868
7,Caminomorisco,263838.6162380
7,Riolobos,219405.9516447
7,Casta¤ar de Ibor,144482.2904347
7,Tornavacas,257154.3018812
7,Torrecillas de la Tiesa,149775.8834142
7,"Pesga. La",262640.5756646
7,Carcaboso,224602.8694297
7,Garganta la Olla,219293.6117487
7,Torremocha,133252.4720257
7,Eljas,301956.0299597
7,Campo Lugar,95514.8354150
7,Al¡a,126182.3566560
7,Arroyomolinos,119728.6228730
7,Monroy,179493.5499835
7,"Torno. El",234267.7698736
7,"Cumbre. La",138954.8701872
7,Hoyos,279399.2444156
7,Mohedas de Granadilla,250875.3314278
7,Perales del Puerto,279063.8448235
7,Talav n,191691.6304330
7,San Martín de Trevejo,300004.4077344
7,Cuacos de Yuste,217247.1090686
7,Tejeda de Tiétar,222962.3163725
7,Acehúche,219072.5791107
7,Escurial,107788.1202519
7,Garciaz,130865.1460594
7,Membrío,244899.8749048
7,Deleitosa,152049.8038548
7,Santibáñez el Bajo,244949.3843837
7,Saucedilla,184984.7556776
7,Aldeanueva del Camino,246692.8842678
7,Albalá,129965.9942236
7,Aldeacentenera,145900.6421285
7,Casas del Monte,242060.2807860
7,Valdeobispo,229417.1721884
7,Holguera,223972.2755254
7,Mirabel,203732.5435630
7,Aldea del Cano,149993.7838014
7,Baños de Montemayor,286853.0210981
7,Navezuelas,133139.5559447
7,Casas de Millán,204937.4504498
7,Salorino,245973.1775777
7,Torrecilla de los Ángeles,259596.9883085
7,Acebo,281297.4124465
7,Santiago de Alcántara,266385.2133253
7,Pasarón de la Vera,219102.9863104
7,Villamiel,292017.3091175
7,Villar del Pedroso,173274.9378206
7,Belvís de Monroy,191049.8071398
7,Casas del Castañar,233043.4739537
7,Torre de Santa María,122657.8688214
7,Guijo de Granadilla,242389.6106209
7,Torremenga,212996.1456120
7,Zarza de Montánchez,120039.2874443
7,Aceituna,247091.0024447
7,Torrejón el Rubio,172365.7771968
7,Torrequemada,137978.5160130
7,Jaraicejo,171492.3740255
7,Valverde de la Vera,235687.8050767
7,Torre de Don Miguel,267825.6830060
7,Pozuelo de Zarzón,247600.3429072
7,Villa del Campo,248727.9084755
7,Plasenzuela,139656.1082716
7,Bohonal de Ibor,166662.0279316
7,Berzocana,118330.4563223
7,Casares de las Hurdes,292900.5545269
7,Hernán-Pérez,259548.0067398
7,Villanueva de la Sierra,254499.8835210
7,Cadalso,264139.6018657
7,Navalvillar de Ibor,137485.4779995
7,Arroyomolinos de la Vera,223748.1937787
7,Cedillo,293366.1027354
7,"Garganta. La",293196.3924871
7,Ibahernando,133425.4888709
7,Calzadilla,236725.9349821
7,Barrado,229566.5482074
7,Casillas de Coria,235616.4674665
7,Villasbuenas de Gata,270147.7297052
7,Valdelacasa de Tajo,181213.8631739
7,Abertura,101891.0848799
7,Palomero,257201.3078504
7,Serrejón,187200.9637423
7,Hinojal,190499.5120239
7,Gargantilla,248862.8933864
7,Santibáñez el Alto,265265.4802093
7,Cabañas del Castillo,133286.0459363
7,Robledillo de Trujillo,124903.4378722
7,Cabezabellosa,238265.1123844
7,Morcillo,240966.7888375
7,Portaje,224385.0066125
7,Guijo de Santa Bárbara,230513.7889047
7,Robledollano,153397.3501434
7,Puerto de Santa Cruz,111996.2685183
7,Herreruela,236972.0326979
7,Valdastillas,236384.4641649
7,Cabrero,234593.6438821
7,Herguijuela,121010.8685716
7,Talaveruela de la Vera,234562.3420789
7,"Granja. La",242680.6330083
7,"Aldea del Obispo. La",147477.6200281
7,Casas de Don Gómez,234062.0626902
7,Aldehuela de Jerte,228791.1693878
7,"Gordo. El",195344.9457785
7,Carrascalejo,166023.3669651
7,Mata de Alcántara,218388.2117873
7,Fresnedoso de Ibor,161073.4155572
7,Abadía,249317.7727094
7,Santa Cruz de Paniagua,251623.2134425
7,Villamesías,110723.3786594
7,Santa Marta de Magasca,152195.3235113
7,Santiago del Campo,191560.6197861
7,Robledillo de la Vera,223415.0007802
7,Salvatierra de Santiago,127405.2677060
7,Santa Ana,129261.9103962
7,Peraleda de San Román,176657.7976688
7,Oliva de Plasencia,225893.5441446
7,Herrera de Alcántara,295068.2359652
7,Santa Cruz de la Sierra,115224.6466048
7,Portezuelo,204960.9699467
7,Alcollarín,103352.1600429
7,Viandar de la Vera,233680.1191762
7,Millanes,185729.4729512
7,Marchagaz,260027.3011373
7,Rebollar,238965.0726418
7,Guijo de Coria,243269.3045795
7,Valdemorales,113101.2972448
7,Villar de Plasencia,230830.7438609
7,Ladrillar,297861.6276149
7,Carbajo,261010.3063514
7,Romangordo,171385.7878440
7,Casas de Don Antonio,140532.1943930
7,Valdehúncar,175660.6491070
7,Conquista de la Sierra,117940.5188622
7,Piedras Albas,234610.9683213
7,Collado,213906.3228142
7,Botija,144033.0054766
7,Huélaga,238267.4851399
7,Cerezo,250313.0407542
7,Descargamaría,273379.9252693
7,Segura de Toro,245407.3529952
7,Toril,199543.3557925
7,Mesas de Ibor,174103.8686043
7,Pescueza,232083.5674028
7,Villa del Rey,216369.2448337
7,Jarilla,237458.3793472
7,Casas de Miravete,170620.9791111
7,Gargüera,223264.6231684
7,Robledillo de Gata,276339.2261477
7,Valdecañas de Tajo,182841.0439223
7,Pedroso de Acim,207195.6405177
7,Berrocalejo,202757.6778787
7,Garvín,180995.3139454
7,Higuera,174751.5647617
7,Benquerencia,134299.5474773
7,Cachorrilla,233947.1138433
7,Campillo de Deleitosa,187722.3679077
7,Ruanes,131203.9198680
8,Badajoz,114597.6526234
8,Mérida,128771.5583044
8,Don Benito,134396.2078263
8,Almendralejo,75538.2249228
8,Villanueva de la Serena,145943.3338215
8,Zafra,43411.3032452
8,Montijo,119739.7058043
8,Villafranca de los Barros,62597.1003934
8,Olivenza,104796.6057671
8,Jerez de los Caballeros,53946.3139886
8,Azuaga,102928.2431909
8,"Santos de Maimona. Los",48560.7101866
8,Guareña,109596.1480682
8,Fuente del Maestre,56702.7673933
8,Castuera,134850.0788635
8,Calamonte,101377.1425016
8,Llerena,66623.6748005
8,Puebla de la Calzada,120394.9759479
8,San Vicente de Alcántara,193812.4966977
8,Alburquerque,162355.3720571
8,Aceuchal,74021.5821134
8,Oliva de la Frontera,71063.3762556
8,Talavera la Real,110938.9933001
8,Cabeza del Buey,169801.8899627
8,Campanario,155519.0359325
8,Fregenal de la Sierra,3426.4818357
8,Quintana de la Serena,147209.2943568
8,Fuente de Cantos,39327.0292658
8,Navalvillar de Pela,177258.5769782
8,Monesterio,41492.5380499
8,Santa Amalia,137813.2432747
8,Santa Marta,86771.4197061
8,Arroyo de San Serván,97269.0203390
8,Valverde de Leganés,93803.7433942
8,Zalamea de la Serena,124908.2196673
8,Hornachos,81708.5226857
8,Barcarrota,71220.0421976
8,Herrera del Duque,223068.6948194
8,Villanueva del Fresno,97422.7820157
8,Talarrubias,185824.7577324
8,"Zarza. La",106644.6287020
8,Ribera del Fresno,65779.7144556
8,Burguillos del Cerro,34749.5998962
8,Orellana la Vieja,174829.4188411
8,Zah¡nos,73676.8156093
8,Puebla de Sancho P‚rez,41724.8450365
8,Solana de los Barros,85684.6408855
8,Valdelacalzada,127932.4214265
8,Lobón,114421.8665584
8,Monterrubio de la Serena,143966.4053971
8,Fuentes de León,17385.6661278
8,"Garrovilla. La",116122.8483807
8,Berlanga,92201.2590834
8,Higuera la Real,82641.3670258
8,Villar del Rey,148433.2912834
8,Granja de Torrehermosa,120094.4880543
8,Medell¡n,129148.0835686
8,Bienvenida,48744.7685772
8,"Codosera. La",174236.6280499
8,Valencia del Ventoso,24666.0557927
8,"Coronada. La",155639.3382681
8,Torremej¡a,87566.3861585
8,Siruela,203694.8952387
8,Higuera de Vargas,79292.7629799
8,Segura de León,11361.0517047
8,Salvaleón,64847.3867549
8,Pueblonuevo del Guadiana,131660.9200022
8,Alange,101225.4497739
8,Puebla de Obando,153748.6266179
8,"Albuera. La",91603.6733545
8,Usagre,56165.4356810
8,Fuenlabrada de los Montes,214819.4794720
8,Alconchel,90882.5634885
8,Oliva de Mérida,100561.7447472
8,Salvatierra de los Barros,52116.4286581
8,Villalba de los Barros,68913.9437896
8,Casas de Don Pedro,189235.8106157
8,Esparragalejo,111667.4258257
8,Montemolín,51193.1462415
8,"Roca de la Sierra. La",143605.5440643
8,Campillo de Llerena,106643.5389477
8,Cabeza la Vaca,23303.7601647
8,Villar de Rena,150153.9969930
8,Trujillanos,114546.1045060
8,Valle de la Serena,122133.2148075
8,"Parra. La",59076.0913271
8,Mirandilla,116229.9748273
8,"Haba. La",140458.5934060
8,Villagonzalo,110946.1805330
8,Feria,55655.9695085
8,Medina de las Torres,36694.8807680
8,Valdetorres,119262.8386003
8,Almendral,80169.9929386
8,Corte de Peleas,89656.7351040
8,Cheles,110901.0673691
8,Puebla de Alcocer,180062.9326558
8,Torre de Miguel Sesmero,78479.9518003
8,Valdecaballeros,248471.2857051
8,Peñalsordo,185874.7926660
8,Valle de Santa Ana,74368.3599945
8,Valverde de Mérida,119162.1674268
8,Castilblanco,238864.6008310
8,Bodonal de la Sierra,7259.8062507
8,"Nava de Santiago. La",134206.1665010
8,Esparragosa de la Serena,129733.4073347
8,Maguilla,89990.3789406
8,Calera de León,32799.8812567
8,Ahillones,84250.1739318
8,Higuera de la Serena,115057.5806733
8,Esparragosa de Lares,177495.5356059
8,Torremayor,121288.2024080
8,Villagarcía de la Torre,64909.9378777
8,Cordobilla de Lácara,146800.3965060
8,Benquerencia de la Serena,141647.9049897
8,Llera,71299.1412551
8,San Pedro de Mérida,121022.0300721
8,Calzadilla de los Barros,61621.4942169
8,Puebla de la Reina,92197.1735940
8,Acedera,164389.0224249
8,Táliga,88023.9460977
8,Valencia del Mombuey,91022.9587295
8,Puebla del Maestre,62449.8250431
8,Manchita,118126.0689749
8,"Morera. La",62921.0970751
8,Fuente del Arco,80771.3196725
8,Don Álvaro,126718.0441100
8,Alconera,37016.6764034
8,Nogales,72586.7591610
8,Helechosa de los Montes,267696.3573790
8,Valverde de Llerena,92218.7289810
8,Palomas,88451.0073598
8,Trasierra,70315.6258679
8,Valencia de las Torres,72982.4335437
8,Garlitos,202332.7778385
8,Rena,147337.1425304
8,Malpartida de la Serena,124344.8520549
8,Peraleda del Zaucejo,120261.1486259
8,Magacela,147043.0889848
8,Entrín Bajo,85709.4916798
8,Villarta de los Montes,298332.1503301
8,Carmonita,137321.8215861
8,Cristina,106906.2264907
8,Hinojosa del Valle,66039.8560843
8,Garbayuela,208318.8962552
8,Puebla del Prior,70148.1276438
8,Retamal de Llerena,103161.8273919
8,Mengabril,126991.8568940
8,Malcocinado,118810.5448984
8,Valle de Matamoros,62428.4635252
8,Zarza-Capilla,180681.4518320
8,Higuera de Llerena,75088.2478167
8,Baterno,217143.6125407
8,Atalaya,37635.9846015
8,Valverde de Burguillos,26790.5907541
8,Orellana de la Sierra,179300.8493250
8,"Lapa. La",52501.3026841
8,Tamurejo,215372.4877489
8,Aljucén,121700.4568454
8,Sancti-Spíritus,195018.5511885
8,Reina,75084.0219209
8,Casas de Reina,72251.5251041
8,Capilla,189228.2789280
8,Risco,197311.0945850
8,"Carrascalejo. El",117744.1428108
8,C ceres,188218.9476745
8,Plasencia,249655.4360409
8,Navalmoral de la Mata,257705.8758902
8,Coria,238670.9470916
8,Miajadas,156198.7553818
8,Trujillo,185106.6789119
8,Talayuela,281279.6380556
8,Moraleja,253847.7625317
8,Arroyo de la Luz,187459.7102372
8,Jara¡z de la Vera,272405.4306081
8,Valencia de Alc ntara,210227.1460040
8,Montehermoso,263576.8833799
8,Casar de Cáceres,183226.0521371
8,Malpartida de Plasencia,250738.9712143
8,Malpartida de Cáceres,179570.4073807
8,Hervás,316028.0571810
8,Torrejoncillo,251336.1775548
8,Jarandilla de la Vera,287796.1975515
8,Alcuéscar,138200.0917806
8,Losar de la Vera,289322.7468059
8,Madroñera,197154.0610377
8,Valverde del Fresno,316530.5621364
8,Garrovillas de Alconétar,205927.7772841
8,Aldeanueva de la Vera,282613.7086735
8,Cabezuela del Valle,281466.0901050
8,Brozas,215610.3878341
8,Villanueva de la Vera,300507.8158335
8,Guadalupe,218412.0657254
8,Logrosán,198545.0919762
8,Sierra de Fuentes,180125.3403461
8,Navaconcejo,278154.5646925
8,Ceclavín,245367.7869369
8,Montánchez,147775.1707280
8,Almoharín,157030.0141938
8,Aliseda,188076.1692506
8,Galisteo,251478.3100494
8,Madrigalejo,197814.6724422
8,Cilleros,305896.8957248
8,Zarza de Granadilla,278139.4486221
8,Madrigal de la Vera,309989.3446111
8,Cañamero,210677.4731017
8,Serradilla,238294.6767445
8,Torreorgaz,172482.4946287
8,Pinofranqueado,284871.3996914
8,Zorita,177793.9837319
8,Gata,287301.6480186
8,Alcántara,231572.9273142
8,Guijo de Galisteo,261695.3788914
8,Piornal,280725.6239863
8,Ahigal,274092.9162500
8,Peraleda de la Mata,270720.1446340
8,Navas del Madro¤o,206376.5474897
8,Nuñomoral,310703.4752623
8,Valdefuentes,156207.6846626
8,Zarza la Mayor,255648.4678914
8,Casatejada,250870.2164229
8,Casar de Palomero,292859.5687466
8,Jerte,287388.0596309
8,Almaraz,242127.9931443
8,Majadas,259829.5978803
8,Cañaveral,213877.2084253
8,Rosalejo,277766.9780276
8,Caminomorisco,289382.6486892
8,Riolobos,236185.8052587
8,Casta¤ar de Ibor,246853.0698650
8,Tornavacas,294468.9187633
8,Torrecillas de la Tiesa,211168.9149735
8,"Pesga. La",295517.8658293
8,Carcaboso,255939.7205935
8,Garganta la Olla,281019.5914508
8,Torremocha,165394.9904106
8,Eljas,317494.6676362
8,Campo Lugar,164260.6865400
8,Al¡a,228553.1360863
8,Arroyomolinos,145936.8234556
8,Monroy,214360.8777027
8,"Torno. El",271582.3867558
8,"Cumbre. La",175181.2182043
8,Hoyos,294937.8820921
8,Mohedas de Granadilla,283752.6215926
8,Perales del Puerto,294602.4825000
8,Talav n,210208.8690004
8,San Martín de Trevejo,315543.0454110
8,Cuacos de Yuste,278973.0887706
8,Tejeda de Tiétar,277606.0997795
8,Acehúche,231948.7352739
8,Escurial,176533.9713769
8,Garciaz,199610.9971844
8,Membrío,209604.6232384
8,Deleitosa,230055.4400707
8,Santibáñez el Bajo,277826.6745485
8,Saucedilla,246710.7353796
8,Aldeanueva del Camino,279653.8937376
8,Albalá,149823.2877530
8,Aldeacentenera,214646.4932534
8,Casas del Monte,274992.6953534
8,Valdeobispo,260754.0233522
8,Holguera,240752.1291394
8,Mirabel,239662.8204866
8,Aldea del Cano,149986.9149896
8,Baños de Montemayor,324167.6379802
8,Navezuelas,232139.9911600
8,Casas de Millán,217965.3111587
8,Salorino,202563.8884731
8,Torrecilla de los Ángeles,275135.6259851
8,Acebo,296836.0501230
8,Santiago de Alcántara,231649.1586272
8,Pasarón de la Vera,280828.9660124
8,Villamiel,307555.9467941
8,Villar del Pedroso,275645.7172509
8,Belvís de Monroy,261657.7805570
8,Casas del Castañar,270358.0908358
8,Torre de Santa María,152943.0346007
8,Guijo de Granadilla,275266.9007857
8,Torremenga,274722.1253140
8,Zarza de Montánchez,163637.2732605
8,Aceituna,270928.2875310
8,Torrejón el Rubio,226053.9842915
8,Torrequemada,169237.4036942
8,Jaraicejo,232181.4045726
8,Valverde de la Vera,297413.7847787
8,Torre de Don Miguel,283364.3206825
8,Pozuelo de Zarzón,263160.4860100
8,Villa del Campo,262152.2761394
8,Plasenzuela,174252.8440671
8,Bohonal de Ibor,269032.8073620
8,Berzocana,216202.3020690
8,Casares de las Hurdes,318444.5869781
8,Hernán-Pérez,275086.6444163
8,Villanueva de la Sierra,270038.5211976
8,Cadalso,279678.2395423
8,Navalvillar de Ibor,239856.2574298
8,Arroyomolinos de la Vera,272251.1620551
8,Cedillo,253138.6550434
8,"Garganta. La",330511.0093692
8,Ibahernando,177023.4746871
8,Calzadilla,249602.0911453
8,Barrado,272182.2189947
8,Casillas de Coria,248492.6236297
8,Villasbuenas de Gata,285686.3673818
8,Valdelacasa de Tajo,283584.6426042
8,Abertura,170636.9360048
8,Palomero,283305.4889294
8,Serrejón,248926.9434443
8,Hinojal,203527.3727327
8,Gargantilla,281823.9028561
8,Santibáñez el Alto,280804.1178858
8,Cabañas del Castillo,231157.8916830
8,Robledillo de Trujillo,168501.4236884
8,Cabezabellosa,271501.1483458
8,Morcillo,253842.9450007
8,Portaje,237261.1627757
8,Guijo de Santa Bárbara,292239.7686068
8,Robledollano,243802.5317169
8,Puerto de Santa Cruz,175718.9488975
8,Herreruela,193562.7435933
8,Valdastillas,273699.0810470
8,Cabrero,271908.2607642
8,Herguijuela,188899.7225571
8,Talaveruela de la Vera,296288.3217810
8,"Granja. La",275641.6424780
8,"Aldea del Obispo. La",201165.8271228
8,Casas de Don Gómez,246938.2188533
8,Aldehuela de Jerte,260128.0205516
8,"Gordo. El",275942.0056063
8,Carrascalejo,268394.1463954
8,Mata de Alcántara,230215.9878532
8,Fresnedoso de Ibor,256838.5164740
8,Abadía,282278.7821791
8,Santa Cruz de Paniagua,273766.8744395
8,Villamesías,167951.2174973
8,Santa Marta de Magasca,193529.1105522
8,Santiago del Campo,204588.4804949
8,Robledillo de la Vera,285140.9804822
8,Salvatierra de Santiago,162002.0035014
8,Santa Ana,168929.8737474
8,Peraleda de San Román,279028.5770991
8,Oliva de Plasencia,258770.8343093
8,Herrera de Alcántara,254840.7882732
8,Santa Cruz de la Sierra,178996.7483012
8,Portezuelo,217837.1261099
8,Alcollarín,172098.0111679
8,Viandar de la Vera,295406.0988782
8,Millanes,256337.4463684
8,Marchagaz,286555.8635681
8,Rebollar,276279.6895239
8,Guijo de Coria,256145.4607427
8,Valdemorales,160987.0929460
8,Villar de Plasencia,264066.7798223
8,Ladrillar,323405.6600661
8,Carbajo,226274.2516533
8,Romangordo,233111.7675460
8,Casas de Don Antonio,143395.5454071
8,Valdehúncar,260344.0672445
8,Conquista de la Sierra,186686.3699872
8,Piedras Albas,241592.2362398
8,Collado,275632.3025162
8,Botija,176175.5238615
8,Huélaga,251143.6413031
8,Cerezo,283190.3309190
8,Descargamaría,288918.5629459
8,Segura de Toro,278339.7675626
8,Toril,261269.3354945
8,Mesas de Ibor,276474.6480346
8,Pescueza,244959.7235659
8,Villa del Rey,222406.1945627
8,Jarilla,270390.7939146
8,Casas de Miravete,232140.8693280
8,Gargüera,265880.2939558
8,Robledillo de Gata,291877.8638242
8,Valdecañas de Tajo,285211.8233526
8,Pedroso de Acim,220171.0591476
8,Berrocalejo,283354.7377065
8,Garvín,283366.0933757
8,Higuera,236477.5444637
8,Benquerencia,166442.0658622
8,Cachorrilla,246823.2700065
8,Campillo de Deleitosa,290093.1473380
8,Ruanes,165800.6556635
9,Badajoz,68049.0035185
9,Mérida,79533.2209283
9,Don Benito,86584.3981940
9,Almendralejo,21513.8872336
9,Villanueva de la Serena,98131.5241891
9,Zafra,13791.7663832
9,Montijo,65715.3681151
9,Villafranca de los Barros,14785.2907611
9,Olivenza,68135.6032521
9,Jerez de los Caballeros,51676.5838920
9,Azuaga,86674.5400335
9,"Santos de Maimona. Los",13934.5366904
9,Guareña,61784.3384358
9,Fuente del Maestre,2678.4297041
9,Castuera,100085.2953634
9,Calamonte,51256.3770241
9,Llerena,69081.5731195
9,Puebla de la Calzada,66370.6382586
9,San Vicente de Alcántara,147265.1672614
9,Alburquerque,115808.0426207
9,Aceuchal,19997.2444242
9,Oliva de la Frontera,68793.6461590
9,Talavera la Real,58359.8645091
9,Cabeza del Buey,135225.2236025
9,Campanario,115576.2438796
9,Fregenal de la Sierra,52927.1135756
9,Quintana de la Serena,112444.5108567
9,Fuente de Cantos,39603.8339625
9,Navalvillar de Pela,129446.7673459
9,Monesterio,57355.4677077
9,Santa Amalia,89465.5516717
9,Santa Marta,32747.0820169
9,Arroyo de San Serván,43244.6826497
9,Valverde de Leganés,57142.7408793
9,Zalamea de la Serena,90143.4361672
9,Hornachos,40572.8315161
9,Barcarrota,46282.8850495
9,Herrera del Duque,188303.9113193
9,Villanueva del Fresno,84341.2866421
9,Talarrubias,151059.9742323
9,"Zarza. La",56523.8632245
9,Ribera del Fresno,23554.3354292
9,Burguillos del Cerro,32119.4985937
9,Orellana la Vieja,127945.5582916
9,Zah¡nos,71407.0855127
9,Puebla de Sancho P‚rez,17690.8850901
9,Solana de los Barros,31660.3031962
9,Valdelacalzada,73908.0837372
9,Lobón,60397.5288692
9,Monterrubio de la Serena,111843.1126217
9,Fuentes de León,63477.9728828
9,"Garrovilla. La",66002.0829032
9,Berlanga,74251.4869146
9,Higuera la Real,80371.6369292
9,Villar del Rey,101885.9618470
9,Granja de Torrehermosa,103840.7848969
9,Medell¡n,81336.2739362
9,Bienvenida,43187.2314830
9,"Codosera. La",127689.2986135
9,Valencia del Ventoso,34673.9273596
9,"Coronada. La",107827.5286358
9,Torremej¡a,37445.6206810
9,Siruela,168930.1117386
9,Higuera de Vargas,69560.0372339
9,Segura de León,57453.3584597
9,Salvaleón,39910.2296067
9,Pueblonuevo del Guadiana,77636.5823129
9,Alange,51104.6842964
9,Puebla de Obando,99724.2889286
9,"Albuera. La",45680.6172676
9,Usagre,38505.6511706
9,Fuenlabrada de los Montes,180054.6959720
9,Alconchel,68452.7501459
9,Oliva de Mérida,52749.9351148
9,Salvatierra de los Barros,26764.5578370
9,Villalba de los Barros,14889.6061003
9,Casas de Don Pedro,141424.0009834
9,Esparragalejo,61546.6603482
9,Montemolín,54494.6550053
9,"Roca de la Sierra. La",89581.2063751
9,Campillo de Llerena,88693.7667789
9,Cabeza la Vaca,69396.0669197
9,Villar de Rena,102342.1873606
9,Trujillanos,64425.3390285
9,Valle de la Serena,74321.4051751
9,"Parra. La",19451.1216502
9,Mirandilla,66109.2093499
9,"Haba. La",92646.7837736
9,Villagonzalo,61707.8431569
9,Feria,14715.4742388
9,Medina de las Torres,24252.4087778
9,Valdetorres,71451.0289680
9,Almendral,40545.0232618
9,Corte de Peleas,35632.3974147
9,Cheles,88471.2540265
9,Puebla de Alcocer,145298.1491557
9,Torre de Miguel Sesmero,38854.9821235
9,Valdecaballeros,213706.5022050
9,Peñalsordo,151298.1263058
9,Valle de Santa Ana,49431.2028463
9,Valverde de Mérida,69923.8300508
9,Castilblanco,204099.8173309
9,Bodonal de la Sierra,52353.6359010
9,"Nava de Santiago. La",84085.4010235
9,Esparragosa de la Serena,94968.6238346
9,Maguilla,72040.6067718
9,Calera de León,66334.1518370
9,Ahillones,68871.1884922
9,Higuera de la Serena,80292.7971732
9,Esparragosa de Lares,142730.7521058
9,Torremayor,71167.4369305
9,Villagarcía de la Torre,47349.2053977
9,Cordobilla de Lácara,96679.6310285
9,Benquerencia de la Serena,106883.1214896
9,Llera,45363.6509848
9,San Pedro de Mérida,70901.2645947
9,Calzadilla de los Barros,32426.4943954
9,Puebla de la Reina,44385.3639616
9,Acedera,116577.2127926
9,Táliga,63086.7889495
9,Valencia del Mombuey,88753.2286329
9,Puebla del Maestre,72509.9528122
9,Manchita,70314.2593426
9,"Morera. La",23296.1273983
9,Fuente del Arco,83229.2179915
9,Don Álvaro,77479.7067339
9,Alconera,23791.8232291
9,Nogales,32961.7894842
9,Helechosa de los Montes,232931.5738789
9,Valverde de Llerena,76729.7033588
9,Palomas,40639.1977274
9,Trasierra,72773.5241869
9,Valencia de las Torres,51905.9028547
9,Garlitos,167756.1114782
9,Rena,99525.3328981
9,Malpartida de la Serena,89580.0685548
9,Peraleda del Zaucejo,90930.6470097
9,Magacela,99231.2793524
9,Entrín Bajo,39234.9654309
9,Villarta de los Montes,263567.3668300
9,Carmonita,87201.0561086
9,Cristina,59094.4168583
9,Hinojosa del Valle,32584.2121464
9,Garbayuela,173554.1127551
9,Puebla del Prior,27922.7486174
9,Retamal de Llerena,65892.2049539
9,Mengabril,79180.0472617
9,Malcocinado,102556.8417410
9,Valle de Matamoros,60158.7334286
9,Zarza-Capilla,146104.7854718
9,Higuera de Llerena,54976.7502072
9,Baterno,182378.8290406
9,Atalaya,28523.7145442
9,Valverde de Burguillos,29800.4054477
9,Orellana de la Sierra,131489.0396926
9,"Lapa. La",20765.1355932
9,Tamurejo,180607.7042488
9,Aljucén,71579.6913679
9,Sancti-Spíritus,160253.7676884
9,Reina,77541.9202399
9,Casas de Reina,74709.4234231
9,Capilla,154651.6125678
9,Risco,162546.3110849
9,"Carrascalejo. El",67623.3773333
9,C ceres,138098.1821970
9,Plasencia,199534.6705634
9,Navalmoral de la Mata,207585.1104128
9,Coria,188550.1816141
9,Miajadas,106077.9899043
9,Trujillo,134985.9134344
9,Talayuela,231158.8725781
9,Moraleja,203726.9970542
9,Arroyo de la Luz,137338.9447598
9,Jara¡z de la Vera,222284.6651306
9,Valencia de Alc ntara,163679.8165677
9,Montehermoso,213456.1179024
9,Casar de Cáceres,133105.2866596
9,Malpartida de Plasencia,200618.2057368
9,Malpartida de Cáceres,129449.6419032
9,Hervás,265907.2917035
9,Torrejoncillo,201215.4120773
9,Jarandilla de la Vera,237675.4320740
9,Alcuéscar,88079.3263031
9,Losar de la Vera,239201.9813284
9,Madroñera,147033.2955602
9,Valverde del Fresno,266409.7966589
9,Garrovillas de Alconétar,155807.0118066
9,Aldeanueva de la Vera,232492.9431960
9,Cabezuela del Valle,231345.3246275
9,Brozas,165489.6223566
9,Villanueva de la Vera,250387.0503560
9,Guadalupe,170600.2560931
9,Logrosán,150733.2823438
9,Sierra de Fuentes,130004.5748687
9,Navaconcejo,228033.7992150
9,Ceclavín,195247.0214594
9,Montánchez,97654.4052505
9,Almoharín,106909.2487163
9,Aliseda,134051.8315614
9,Galisteo,201357.5445719
9,Madrigalejo,150002.8628098
9,Cilleros,255776.1302473
9,Zarza de Granadilla,228018.6831446
9,Madrigal de la Vera,259868.5791336
9,Cañamero,162865.6634693
9,Serradilla,188173.9112671
9,Torreorgaz,122361.7291512
9,Pinofranqueado,234750.6342139
9,Zorita,129982.1740995
9,Gata,237180.8825411
9,Alcántara,181452.1618367
9,Guijo de Galisteo,211574.6134139
9,Piornal,230604.8585088
9,Ahigal,223972.1507725
9,Peraleda de la Mata,220599.3791565
9,Navas del Madro¤o,156255.7820122
9,Nuñomoral,260582.7097848
9,Valdefuentes,106086.9191851
9,Zarza la Mayor,205527.7024139
9,Casatejada,200749.4509454
9,Casar de Palomero,242738.8032691
9,Jerte,237267.2941534
9,Almaraz,192007.2276668
9,Majadas,209708.8324028
9,Cañaveral,163756.4429478
9,Rosalejo,227646.2125501
9,Caminomorisco,239261.8832117
9,Riolobos,186065.0397812
9,Casta¤ar de Ibor,199041.2602327
9,Tornavacas,244348.1532859
9,Torrecillas de la Tiesa,161048.1494960
9,"Pesga. La",245397.1003519
9,Carcaboso,205818.9551160
9,Garganta la Olla,230898.8259733
9,Torremocha,115274.2249331
9,Eljas,267373.9021587
9,Campo Lugar,116448.8769076
9,Al¡a,180741.3264539
9,Arroyomolinos,95816.0579781
9,Monroy,164240.1122252
9,"Torno. El",221461.6212783
9,"Cumbre. La",125060.4527269
9,Hoyos,244817.1166146
9,Mohedas de Granadilla,233631.8561151
9,Perales del Puerto,244481.7170225
9,Talav n,160088.1035229
9,San Martín de Trevejo,265422.2799335
9,Cuacos de Yuste,228852.3232931
9,Tejeda de Tiétar,227485.3343020
9,Acehúche,181827.9697964
9,Escurial,128722.1617445
9,Garciaz,151799.1875520
9,Membrío,163057.2938020
9,Deleitosa,179934.6745932
9,Santibáñez el Bajo,227705.9090710
9,Saucedilla,196589.9699021
9,Aldeanueva del Camino,229533.1282601
9,Albalá,99702.5222756
9,Aldeacentenera,166834.6836211
9,Casas del Monte,224871.9298759
9,Valdeobispo,210633.2578747
9,Holguera,190631.3636619
9,Mirabel,189542.0550091
9,Aldea del Cano,99866.1495121
9,Baños de Montemayor,274046.8725027
9,Navezuelas,184328.1815276
9,Casas de Millán,167844.5456812
9,Salorino,156016.5590367
9,Torrecilla de los Ángeles,225014.8605076
9,Acebo,246715.2846455
9,Santiago de Alcántara,185101.8291908
9,Pasarón de la Vera,230708.2005349
9,Villamiel,257435.1813166
9,Villar del Pedroso,227833.9076185
9,Belvís de Monroy,211537.0150795
9,Casas del Castañar,220237.3253583
9,Torre de Santa María,102822.2691232
9,Guijo de Granadilla,225146.1353082
9,Torremenga,224601.3598365
9,Zarza de Montánchez,113516.5077830
9,Aceituna,220807.5220535
9,Torrejón el Rubio,175933.2188140
9,Torrequemada,119116.6382167
9,Jaraicejo,182060.6390951
9,Valverde de la Vera,247293.0193012
9,Torre de Don Miguel,233243.5552050
9,Pozuelo de Zarzón,213039.7205325
9,Villa del Campo,212031.5106619
9,Plasenzuela,124132.0785896
9,Bohonal de Ibor,220254.5414990
9,Berzocana,168390.4924367
9,Casares de las Hurdes,268323.8215006
9,Hernán-Pérez,224965.8789389
9,Villanueva de la Sierra,219917.7557201
9,Cadalso,229557.4740648
9,Navalvillar de Ibor,192044.4477974
9,Arroyomolinos de la Vera,222130.3965776
9,Cedillo,206591.3256070
9,"Garganta. La",280390.2438917
9,Ibahernando,126902.7092096
9,Calzadilla,199481.3256678
9,Barrado,222061.4535172
9,Casillas de Coria,198371.8581522
9,Villasbuenas de Gata,235565.6019043
9,Valdelacasa de Tajo,235772.8329719
9,Abertura,122825.1263725
9,Palomero,233184.7234519
9,Serrejón,198806.1779668
9,Hinojal,153406.6072552
9,Gargantilla,231703.1373786
9,Santibáñez el Alto,230683.3524084
9,Cabañas del Castillo,183346.0820507
9,Robledillo de Trujillo,118380.6582109
9,Cabezabellosa,221380.3828683
9,Morcillo,203722.1795232
9,Portaje,187140.3972982
9,Guijo de Santa Bárbara,242119.0031293
9,Robledollano,193681.7662394
9,Puerto de Santa Cruz,125598.1834200
9,Herreruela,147015.4141569
9,Valdastillas,223578.3155695
9,Cabrero,221787.4952867
9,Herguijuela,138778.9570796
9,Talaveruela de la Vera,246167.5563035
9,"Granja. La",225520.8770005
9,"Aldea del Obispo. La",151045.0616453
9,Casas de Don Gómez,196817.4533759
9,Aldehuela de Jerte,210007.2550741
9,"Gordo. El",225821.2401288
9,Carrascalejo,220582.3367631
9,Mata de Alcántara,180095.2223757
9,Fresnedoso de Ibor,206717.7509965
9,Abadía,232158.0167016
9,Santa Cruz de Paniagua,223646.1089620
9,Villamesías,117830.4520198
9,Santa Marta de Magasca,143408.3450747
9,Santiago del Campo,154467.7150175
9,Robledillo de la Vera,235020.2150047
9,Salvatierra de Santiago,111881.2380239
9,Santa Ana,118809.1082699
9,Peraleda de San Román,230250.7246726
9,Oliva de Plasencia,208650.0688319
9,Herrera de Alcántara,208293.4588368
9,Santa Cruz de la Sierra,128875.9828237
9,Portezuelo,167716.3606324
9,Alcollarín,124286.2015355
9,Viandar de la Vera,245285.3334007
9,Millanes,206216.6808909
9,Marchagaz,236435.0980906
9,Rebollar,226158.9240464
9,Guijo de Coria,206024.6952652
9,Valdemorales,110866.3274685
9,Villar de Plasencia,213946.0143448
9,Ladrillar,273284.8945886
9,Carbajo,179726.9222169
9,Romangordo,182991.0020685
9,Casas de Don Antonio,93274.7799296
9,Valdehúncar,210223.3017670
9,Conquista de la Sierra,138874.5603548
9,Piedras Albas,191471.4707624
9,Collado,225511.5370387
9,Botija,126054.7583841
9,Huélaga,201022.8758256
9,Cerezo,233069.5654415
9,Descargamaría,238797.7974684
9,Segura de Toro,228219.0020851
9,Toril,211148.5700170
9,Mesas de Ibor,227696.3821717
9,Pescueza,194838.9580885
9,Villa del Rey,172285.4290852
9,Jarilla,220270.0284371
9,Casas de Miravete,182020.1038505
9,Gargüera,215759.5284783
9,Robledillo de Gata,241757.0983467
9,Valdecañas de Tajo,236433.5574896
9,Pedroso de Acim,170050.2936701
9,Berrocalejo,233233.9722290
9,Garvín,234588.2409491
9,Higuera,186356.7789862
9,Benquerencia,116321.3003847
9,Cachorrilla,196702.5045290
9,Campillo de Deleitosa,241314.8814750
9,Ruanes,115679.8901860
10,Badajoz,127405.5534039
10,Mérida,102198.3966594
10,Don Benito,107823.0461814
10,Almendralejo,78111.7013299
10,Villanueva de la Serena,119370.1721765
10,Zafra,53942.1448991
10,Montijo,122313.1822113
10,Villafranca de los Barros,60738.0966719
10,Olivenza,126813.3307174
10,Jerez de los Caballeros,85123.7233874
10,Azuaga,39019.7364178
10,"Santos de Maimona. Los",59091.5518405
10,Guareña,83022.9864232
10,Fuente del Maestre,67729.1970607
10,Castuera,85573.5725807
10,Calamonte,101740.8133928
10,Llerena,2715.1680274
10,Puebla de la Calzada,122968.4523549
10,San Vicente de Alcántara,206620.3974782
10,Alburquerque,175163.2728376
10,Aceuchal,78150.7013528
10,Oliva de la Frontera,102240.7856545
10,Talavera la Real,116559.4084621
10,Cabeza del Buey,120525.3836800
10,Campanario,106242.5296497
10,Fregenal de la Sierra,66345.9508530
10,Quintana de la Serena,97932.7880740
10,Fuente de Cantos,27807.3720877
10,Navalvillar de Pela,139498.3871602
10,Monesterio,34135.9940873
10,Santa Amalia,111240.0816298
10,Santa Marta,97797.8493735
10,Arroyo de San Serván,99842.4967460
10,Valverde de Leganés,115820.4683446
10,Zalamea de la Serena,75631.7133845
10,Hornachos,43687.6690674
10,Barcarrota,101173.0966725
10,Herrera del Duque,173792.1885366
10,Villanueva del Fresno,128600.1914146
10,Talarrubias,136548.2514496
10,"Zarza. La",87629.9186145
10,Ribera del Fresno,52268.7465157
10,Burguillos del Cerro,65566.6380891
10,Orellana la Vieja,125552.9125583
10,Zah¡nos,104854.2250081
10,Puebla de Sancho P‚rez,49634.3815543
10,Solana de los Barros,89520.2286739
10,Valdelacalzada,130505.8978335
10,Lobón,116995.3429654
10,Monterrubio de la Serena,94689.8991143
10,Fuentes de León,60660.2981102
10,"Garrovilla. La",116486.5192719
10,Berlanga,28292.7523103
10,Higuera la Real,113818.7764247
10,Villar del Rey,161241.1920638
10,Granja de Torrehermosa,56185.9812812
10,Medell¡n,102574.9219236
10,Bienvenida,36931.5818523
10,"Codosera. La",187044.5288304
10,Valencia del Ventoso,46919.3450793
10,"Coronada. La",112773.6267649
10,Torremej¡a,87930.0570497
10,Siruela,154418.3889559
10,Higuera de Vargas,110470.1723788
10,Segura de León,55925.6205451
10,Salvaleón,94800.4412298
10,Pueblonuevo del Guadiana,134234.3964092
10,Alange,82210.7396863
10,Puebla de Obando,156322.1030249
10,"Albuera. La",104411.5741350
10,Usagre,40592.0464789
10,Fuenlabrada de los Montes,165542.9731893
10,Alconchel,122059.9728873
10,Oliva de Mérida,73988.5831022
10,Salvatierra de los Barros,81654.7694600
10,Villalba de los Barros,79940.3734570
10,Casas de Don Pedro,150678.0518847
10,Esparragalejo,112031.0967169
10,Montemolín,28423.9395481
10,"Roca de la Sierra. La",146179.0204713
10,Campillo de Llerena,42735.0321746
10,Cabeza la Vaca,49964.4153861
10,Villar de Rena,123580.8353480
10,Trujillanos,106083.6882515
10,Valle de la Serena,74734.7455546
10,"Parra. La",78128.8491155
10,Mirandilla,116593.6457185
10,"Haba. La",113885.4317610
10,Villagonzalo,84373.0188881
10,Feria,73393.2017041
10,Medina de las Torres,43086.0404561
10,Valdetorres,92689.6769554
10,Almendral,99222.7507271
10,Corte de Peleas,100683.1647714
10,Cheles,142078.4767679
10,Puebla de Alcocer,130786.4263730
10,Torre de Miguel Sesmero,97532.7095888
10,Valdecaballeros,199194.7794223
10,Peñalsordo,136598.2863832
10,Valle de Santa Ana,104321.4144693
10,Valverde de Mérida,92589.0057819
10,Castilblanco,189588.0945482
10,Bodonal de la Sierra,58803.7512045
10,"Nava de Santiago. La",134569.8373922
10,Esparragosa de la Serena,80456.9010519
10,Maguilla,26081.8721675
10,Calera de León,41388.9988273
10,Ahillones,20341.6671587
10,Higuera de la Serena,65781.0743905
10,Esparragosa de Lares,128219.0293231
10,Torremayor,121651.8732992
10,Villagarcía de la Torre,43039.6192436
10,Cordobilla de Lácara,147164.0673972
10,Benquerencia de la Serena,92371.3987069
10,Llera,30354.6759021
10,San Pedro de Mérida,97811.8373154
10,Calzadilla de los Barros,60656.7682216
10,Puebla de la Reina,57955.6872664
10,Acedera,136413.3727517
10,Táliga,117977.0005726
10,Valencia del Mombuey,122200.3681283
10,Puebla del Maestre,24454.3008906
10,Manchita,91552.9073299
10,"Morera. La",81973.8548635
10,Fuente del Arco,16862.8128994
10,Don Álvaro,100144.8824650
10,Alconera,60451.3013330
10,Nogales,91639.5169495
10,Helechosa de los Montes,218419.8510962
10,Valverde de Llerena,28310.2222079
10,Palomas,61877.8457148
10,Trasierra,6913.3958795
10,Valencia de las Torres,23705.9272609
10,Garlitos,153056.2715557
10,Rena,120763.9808855
10,Malpartida de la Serena,75068.3457721
10,Peraleda del Zaucejo,70984.6423432
10,Magacela,119931.6372480
10,Entrín Bajo,98517.3924603
10,Villarta de los Montes,249055.6440473
10,Carmonita,137685.4924773
10,Cristina,80333.0648457
10,Hinojosa del Valle,42391.5740028
10,Garbayuela,159042.3899724
10,Puebla del Prior,55527.5201144
10,Retamal de Llerena,53885.3211092
10,Mengabril,100418.6952491
10,Malcocinado,54902.0381253
10,Valle de Matamoros,93605.8729240
10,Zarza-Capilla,131404.9455492
10,Higuera de Llerena,19994.4925150
10,Baterno,167867.1062579
10,Atalaya,51159.2879534
10,Valverde de Burguillos,59945.3489821
10,Orellana de la Sierra,130888.5453146
10,"Lapa. La",64094.9400328
10,Tamurejo,166095.9814661
10,Aljucén,122064.1277366
10,Sancti-Spíritus,145742.0449057
10,Reina,11175.5151478
10,Casas de Reina,8343.0183310
10,Capilla,139951.7726452
10,Risco,148034.5883022
10,"Carrascalejo. El",118107.8137020
10,C ceres,188582.6185657
10,Plasencia,250019.1069321
10,Navalmoral de la Mata,236871.7114892
10,Coria,239034.6179828
10,Miajadas,132985.5208437
10,Trujillo,169562.8756605
10,Talayuela,260445.4736546
10,Moraleja,254211.4334229
10,Arroyo de la Luz,187823.3811284
10,Jara¡z de la Vera,251571.2662071
10,Valencia de Alc ntara,223035.0467845
10,Montehermoso,263940.5542711
10,Casar de Cáceres,183589.7230283
10,Malpartida de Plasencia,248674.9345114
10,Malpartida de Cáceres,179934.0782719
10,Hervás,316391.7280722
10,Torrejoncillo,251699.8484460
10,Jarandilla de la Vera,266962.0331505
10,Alcuéscar,138563.7626718
10,Losar de la Vera,268488.5824049
10,Madroñera,171437.8965321
10,Valverde del Fresno,316894.2330276
10,Garrovillas de Alconétar,206291.4481753
10,Aldeanueva de la Vera,261779.5442725
10,Cabezuela del Valle,281829.7609962
10,Brozas,215974.0587253
10,Villanueva de la Vera,279673.6514325
10,Guadalupe,186448.1823446
10,Logrosán,171842.6584661
10,Sierra de Fuentes,179364.6226552
10,Navaconcejo,278518.2355837
10,Ceclavín,245731.4578281
10,Montánchez,148138.8416192
10,Almoharín,139261.8913635
10,Aliseda,190649.6456577
10,Galisteo,251841.9809406
10,Madrigalejo,171241.5107972
10,Cilleros,306260.5666160
10,Zarza de Granadilla,278503.1195133
10,Madrigal de la Vera,289155.1802101
10,Cañamero,182083.9339359
10,Serradilla,234048.8820150
10,Torreorgaz,171721.7769377
10,Pinofranqueado,285235.0705826
10,Zorita,151220.8220869
10,Gata,287665.3189098
10,Alcántara,231936.5982054
10,Guijo de Galisteo,262059.0497826
10,Piornal,271186.7805974
10,Ahigal,274456.5871412
10,Peraleda de la Mata,249885.9802330
10,Navas del Madro¤o,206740.2183809
10,Nuñomoral,311067.1461535
10,Valdefuentes,154563.3362679
10,Zarza la Mayor,256012.1387826
10,Casatejada,230036.0520219
10,Casar de Palomero,293223.2396378
10,Jerte,287751.7305221
10,Almaraz,221293.8287433
10,Majadas,238995.4334793
10,Cañaveral,214240.8793165
10,Rosalejo,256932.8136266
10,Caminomorisco,289746.3195804
10,Riolobos,236549.4761499
10,Casta¤ar de Ibor,214889.1864842
10,Tornavacas,294832.5896545
10,Torrecillas de la Tiesa,190334.7505725
10,"Pesga. La",295881.5367205
10,Carcaboso,256303.3914847
10,Garganta la Olla,260185.4270498
10,Torremocha,163750.6420160
10,Eljas,317858.3385274
10,Campo Lugar,137687.5248950
10,Al¡a,196589.2527055
10,Arroyomolinos,146300.4943468
10,Monroy,214724.5485939
10,"Torno. El",271946.0576470
10,"Cumbre. La",171082.6523992
10,Hoyos,295301.5529833
10,Mohedas de Granadilla,284116.2924837
10,Perales del Puerto,294966.1533912
10,Talav n,210572.5398916
10,San Martín de Trevejo,315906.7163022
10,Cuacos de Yuste,258138.9243696
10,Tejeda de Tiétar,263854.1316735
10,Acehúche,232312.4061651
10,Escurial,149960.8097319
10,Garciaz,173037.8355394
10,Membrío,222412.5240189
10,Deleitosa,209221.2756697
10,Santibáñez el Bajo,278190.3454397
10,Saucedilla,225876.5709786
10,Aldeanueva del Camino,280017.5646288
10,Albalá,150186.9586442
10,Aldeacentenera,188073.3316085
10,Casas del Monte,275356.3662446
10,Valdeobispo,261117.6942434
10,Holguera,241115.8000306
10,Mirabel,240026.4913778
10,Aldea del Cano,150350.5858808
10,Baños de Montemayor,324531.3088714
10,Navezuelas,203546.4519942
10,Casas de Millán,218328.9820499
10,Salorino,215371.7892536
10,Torrecilla de los Ángeles,275499.2968763
10,Acebo,297199.7210142
10,Santiago de Alcántara,244457.0594077
10,Pasarón de la Vera,259994.8016114
10,Villamiel,307919.6176853
10,Villar del Pedroso,243681.8338701
10,Belvís de Monroy,240823.6161560
10,Casas del Castañar,270721.7617270
10,Torre de Santa María,153156.0388117
10,Guijo de Granadilla,275630.5716769
10,Torremenga,253887.9609130
10,Zarza de Montánchez,150537.4574346
10,Aceituna,271291.9584222
10,Torrejón el Rubio,212906.8911367
10,Torrequemada,168476.6860033
10,Jaraicejo,212178.0998414
10,Valverde de la Vera,276579.6203777
10,Torre de Don Miguel,283727.9915737
10,Pozuelo de Zarzón,263524.1569012
10,Villa del Campo,262515.9470306
10,Plasenzuela,170154.2782619
10,Bohonal de Ibor,237068.9239811
10,Berzocana,188737.3523718
10,Casares de las Hurdes,318808.2578693
10,Hernán-Pérez,275450.3153075
10,Villanueva de la Sierra,270402.1920888
10,Cadalso,280041.9104335
10,Navalvillar de Ibor,207892.3740490
10,Arroyomolinos de la Vera,264640.0090797
10,Cedillo,265946.5558239
10,"Garganta. La",330874.6802604
10,Ibahernando,163923.6588612
10,Calzadilla,249965.7620365
10,Barrado,270107.6621473
10,Casillas de Coria,248856.2945209
10,Villasbuenas de Gata,286050.0382730
10,Valdelacasa de Tajo,251620.7592234
10,Abertura,144063.7743599
10,Palomero,283669.1598206
10,Serrejón,228092.7790433
10,Hinojal,203891.0436239
10,Gargantilla,282187.5737473
10,Santibáñez el Alto,281167.7887770
10,Cabañas del Castillo,203692.9419858
10,Robledillo de Trujillo,155401.6078625
10,Cabezabellosa,271864.8192370
10,Morcillo,254206.6158919
10,Portaje,237624.8336669
10,Guijo de Santa Bárbara,271405.6042058
10,Robledollano,222968.3673159
10,Puerto de Santa Cruz,152505.7143594
10,Herreruela,206370.6443738
10,Valdastillas,274062.7519382
10,Cabrero,272271.9316554
10,Herguijuela,163183.5580516
10,Talaveruela de la Vera,275454.1573800
10,"Granja. La",276005.3133692
10,"Aldea del Obispo. La",188018.7339680
10,Casas de Don Gómez,247301.8897445
10,Aldehuela de Jerte,260491.6914428
10,"Gordo. El",255107.8412053
10,Carrascalejo,236430.2630146
10,Mata de Alcántara,230579.6587444
10,Fresnedoso de Ibor,231480.3116067
10,Abadía,282642.4530703
10,Santa Cruz de Paniagua,274130.5453307
10,Villamesías,144737.9829593
10,Santa Marta de Magasca,189430.5447470
10,Santiago del Campo,204952.1513861
10,Robledillo de la Vera,264306.8160812
10,Salvatierra de Santiago,157903.4376963
10,Santa Ana,159760.0803865
10,Peraleda de San Román,247064.6937183
10,Oliva de Plasencia,259134.5052005
10,Herrera de Alcántara,267648.6890537
10,Santa Cruz de la Sierra,155783.5137631
10,Portezuelo,218200.7970011
10,Alcollarín,145524.8495229
10,Viandar de la Vera,274571.9344772
10,Millanes,235503.2819674
10,Marchagaz,286919.5344593
10,Rebollar,276643.3604151
10,Guijo de Coria,256509.1316339
10,Valdemorales,143599.4672351
10,Villar de Plasencia,264430.4507135
10,Ladrillar,323769.3309573
10,Carbajo,239082.1524337
10,Romangordo,212277.6031450
10,Casas de Don Antonio,143759.2162983
10,Valdehúncar,239509.9028435
10,Conquista de la Sierra,160113.2083422
10,Piedras Albas,241955.9071310
10,Collado,254798.1381152
10,Botija,174531.1754669
10,Huélaga,251507.3121943
10,Cerezo,283554.0018102
10,Descargamaría,289282.2338371
10,Segura de Toro,278703.4384538
10,Toril,240435.1710935
10,Mesas de Ibor,244510.7646538
10,Pescueza,245323.3944571
10,Villa del Rey,222769.8654539
10,Jarilla,270754.4648058
10,Casas de Miravete,211306.7049270
10,Gargüera,263805.7371083
10,Robledillo de Gata,292241.5347154
10,Valdecañas de Tajo,253247.9399718
10,Pedroso de Acim,220534.7300388
10,Berrocalejo,262520.5733055
10,Garvín,251402.2099949
10,Higuera,215643.3800627
10,Benquerencia,164797.7174676
10,Cachorrilla,247186.9408977
10,Campillo de Deleitosa,258129.2639572
10,Ruanes,161702.0898583
11,Badajoz,188474.8685473
11,Mérida,127867.0935988
11,Don Benito,86802.9221220
11,Almendralejo,160683.8271796
11,Villanueva de la Serena,91536.1679498
11,Zafra,163982.3570572
11,Montijo,151688.1260607
11,Villafranca de los Barros,151137.9042825
11,Olivenza,215194.0682402
11,Jerez de los Caballeros,202046.4485552
11,Azuaga,119207.9253147
11,"Santos de Maimona. Los",160649.4794165
11,Guareña,119217.6984087
11,Fuente del Maestre,162884.6143847
11,Castuera,65355.7242229
11,Calamonte,136163.8102974
11,Llerena,148782.7216346
11,Puebla de la Calzada,154359.7008141
11,San Vicente de Alcántara,238785.2895167
11,Alburquerque,205895.9864950
11,Aceuchal,166122.2254371
11,Oliva de la Frontera,219163.5108222
11,Talavera la Real,169276.6089414
11,Cabeza del Buey,35215.1132420
11,Campanario,63151.3545355
11,Fregenal de la Sierra,201776.3764983
11,Quintana de la Serena,79207.0165483
11,Fuente de Cantos,163237.7977330
11,Navalvillar de Pela,47197.1718381
11,Monesterio,181502.0867289
11,Santa Amalia,94721.8080856
11,Santa Marta,174671.5985963
11,Arroyo de San Serván,142196.3619571
11,Valverde de Leganés,202676.9574354
11,Zalamea de la Serena,80445.4787364
11,Hornachos,125983.7790520
11,Barcarrota,206169.4367010
11,Herrera del Duque,41867.2312026
11,Villanueva del Fresno,242406.3217501
11,Talarrubias,16771.9594239
11,"Zarza. La",125113.7367459
11,Ribera del Fresno,141935.3381261
11,Burguillos del Cerro,182489.3632569
11,Orellana la Vieja,62222.2604048
11,Zah¡nos,221776.9501759
11,Puebla de Sancho P‚rez,167565.1617398
11,Solana de los Barros,159484.1920595
11,Valdelacalzada,161897.1462928
11,Lobón,154250.5793831
11,Monterrubio de la Serena,62896.9843420
11,Fuentes de León,196090.7237554
11,"Garrovilla. La",139720.6826429
11,Berlanga,142954.6761172
11,Higuera la Real,230741.5015924
11,Villar del Rey,184796.0509959
11,Granja de Torrehermosa,102241.5415422
11,Medell¡n,98966.3476185
11,Bienvenida,152168.7001679
11,"Codosera. La",219209.4208689
11,Valencia del Ventoso,182349.7707246
11,"Coronada. La",71390.9210117
11,Torremej¡a,143709.7782774
11,Siruela,3687.4448453
11,Higuera de Vargas,227392.8975465
11,Segura de León,191356.0461903
11,Salvaleón,200494.2075815
11,Pueblonuevo del Guadiana,165625.6448685
11,Alange,129571.7142489
11,Puebla de Obando,179696.4817775
11,"Albuera. La",186093.5752990
11,Usagre,145645.1399801
11,Fuenlabrada de los Montes,33618.0158553
11,Alconchel,226517.7852540
11,Oliva de Mérida,120622.9481664
11,Salvatierra de los Barros,187348.5358118
11,Villalba de los Barros,170774.7940175
11,Casas de Don Pedro,33489.3263813
11,Esparragalejo,135265.2600879
11,Montemolín,175947.5251535
11,"Roca de la Sierra. La",170353.6478236
11,Campillo de Llerena,131220.5467269
11,Cabeza la Vaca,199679.1635494
11,Villar de Rena,80892.3515757
11,Trujillanos,120995.4633207
11,Valle de la Serena,94585.0103960
11,"Parra. La",180035.0996250
11,Mirandilla,134459.7420432
11,"Haba. La",85219.5766549
11,Villagonzalo,121289.3074995
11,Feria,175299.4522136
11,Medina de las Torres,174126.6854274
11,Valdetorres,110338.1970855
11,Almendral,192896.1197404
11,Corte de Peleas,171865.7946500
11,Cheles,242678.4387052
11,Puebla de Alcocer,21416.0657750
11,Torre de Miguel Sesmero,189859.9327368
11,Valdecaballeros,67269.8220883
11,Peñalsordo,34202.0802165
11,Valle de Santa Ana,210015.1808211
11,Valverde de Mérida,117372.5352295
11,Castilblanco,57663.1372143
11,Bodonal de la Sierra,194234.1768498
11,"Nava de Santiago. La",153325.8527062
11,Esparragosa de la Serena,76607.4721346
11,Maguilla,135284.0821896
11,Calera de León,191103.7469906
11,Ahillones,134321.1136052
11,Higuera de la Serena,85631.3392319
11,Esparragosa de Lares,25664.4921329
11,Torremayor,144886.0366701
11,Villagarcía de la Torre,156144.3479723
11,Cordobilla de Lácara,149018.0240609
11,Benquerencia de la Serena,62254.6821949
11,Llera,134442.7363238
11,San Pedro de Mérida,112733.3593170
11,Calzadilla de los Barros,173345.4706339
11,Puebla de la Reina,123104.3996096
11,Acedera,56673.3205689
11,Táliga,220261.7605781
11,Valencia del Mombuey,239123.0932961
11,Puebla del Maestre,174516.7270261
11,Manchita,127747.6193155
11,"Morera. La",183880.1053730
11,Fuente del Arco,144707.1320033
11,Don Álvaro,126244.2304931
11,Alconera,174161.6878923
11,Nogales,193545.7674589
11,Helechosa de los Montes,86494.8937622
11,Valverde de Llerena,131829.9982703
11,Palomas,128056.6174839
11,Trasierra,150562.0235557
11,Valencia de las Torres,127536.4570664
11,Garlitos,20667.2245175
11,Rena,78075.4971131
11,Malpartida de la Serena,75852.7233555
11,Peraleda del Zaucejo,83376.7122928
11,Magacela,78548.9314948
11,Entrín Bajo,176094.1221323
11,Villarta de los Montes,117130.6867133
11,Carmonita,139028.3837592
11,Cristina,116527.7768312
11,Hinojosa del Valle,140643.9832559
11,Garbayuela,15105.8177777
11,Puebla del Prior,137823.6300989
11,Retamal de Llerena,99907.1462594
11,Mengabril,93551.7280728
11,Malcocinado,135090.2270222
11,Valle de Matamoros,210528.5980918
11,Zarza-Capilla,29008.7393825
11,Higuera de Llerena,130864.8350351
11,Baterno,17136.1621472
11,Atalaya,178893.5792074
11,Valverde de Burguillos,180170.2701109
11,Orellana de la Sierra,56285.8057324
11,"Lapa. La",174903.8364707
11,Tamurejo,15365.0373555
11,Aljucén,139930.2240613
11,Sancti-Spíritus,8122.7255646
11,Reina,149403.8298722
11,Casas de Reina,146831.7039584
11,Capilla,33818.7140347
11,Risco,11731.4237247
11,"Carrascalejo. El",135973.9100267
11,C ceres,160296.8330594
11,Plasencia,206382.1249108
11,Navalmoral de la Mata,159873.7290590
11,Coria,225769.2290116
11,Miajadas,102401.6537044
11,Trujillo,128505.9674283
11,Talayuela,196140.8564383
11,Moraleja,240946.0444518
11,Arroyo de la Luz,181397.1985916
11,Jara¡z de la Vera,187266.6489908
11,Valencia de Alc ntara,255199.9388230
11,Montehermoso,231546.6609292
11,Casar de Cáceres,170233.5956760
11,Malpartida de Plasencia,195336.4627718
11,Malpartida de Cáceres,173507.8957350
11,Hervás,265911.9178637
11,Torrejoncillo,230143.0282978
11,Jarandilla de la Vera,202657.4159342
11,Alcuéscar,127290.2027930
11,Losar de la Vera,204183.9651886
11,Madroñera,118504.6025449
11,Valverde del Fresno,294128.1527352
11,Garrovillas de Alconétar,193026.0592042
11,Aldeanueva de la Vera,197474.9270562
11,Cabezuela del Valle,231349.9507877
11,Brozas,209547.8761884
11,Villanueva de la Vera,215369.0342162
11,Guadalupe,92628.4843798
11,Logrosán,78022.9605013
11,Sierra de Fuentes,148840.8907482
11,Navaconcejo,228038.4253752
11,Ceclavín,232466.0688570
11,Montánchez,126484.6619401
11,Almoharín,108738.1594564
11,Aliseda,191001.3436013
11,Galisteo,214570.8714094
11,Madrigalejo,116984.3933790
11,Cilleros,283494.4863235
11,Zarza de Granadilla,238354.6298510
11,Madrigal de la Vera,224850.5629938
11,Cañamero,88264.2359712
11,Serradilla,189094.4724321
11,Torreorgaz,141198.0450307
11,Pinofranqueado,259222.1951439
11,Zorita,98711.2162200
11,Gata,264899.2386173
11,Alcántara,224566.0974789
11,Guijo de Galisteo,237470.3130539
11,Piornal,206882.1633811
11,Ahigal,234351.8543605
11,Peraleda de la Mata,166644.6457704
11,Navas del Madro¤o,200314.0358440
11,Nuñomoral,278295.6710863
11,Valdefuentes,124039.6043609
11,Zarza la Mayor,243936.0443954
11,Casatejada,165731.4348056
11,Casar de Palomero,256043.1905744
11,Jerte,237271.9203136
11,Almaraz,156989.2115270
11,Majadas,174690.8162630
11,Cañaveral,200900.3959772
11,Rosalejo,173767.8169715
11,Caminomorisco,256974.8445132
11,Riolobos,214992.6560017
11,Casta¤ar de Ibor,121069.4885194
11,Tornavacas,244352.7794460
11,Torrecillas de la Tiesa,145250.3588098
11,"Pesga. La",255776.8039398
11,Carcaboso,217739.0977049
11,Garganta la Olla,195880.8098335
11,Torremocha,133226.9101089
11,Eljas,295092.2582349
11,Campo Lugar,94999.0411227
11,Al¡a,102769.5547407
11,Arroyomolinos,119703.0609563
11,Monroy,175080.2543405
11,"Torno. El",225884.1952269
11,"Cumbre. La",138439.0758948
11,Hoyos,272535.4726908
11,Mohedas de Granadilla,244011.5597031
11,Perales del Puerto,272200.0730987
11,Talav n,187278.3347900
11,San Martín de Trevejo,293140.6360097
11,Cuacos de Yuste,193834.3071533
11,Tejeda de Tiétar,199549.5144572
11,Acehúche,219047.0171939
11,Escurial,107272.3259596
11,Garciaz,117449.4254380
11,Membrío,244874.3129881
11,Deleitosa,128637.0019396
11,Santibáñez el Bajo,238085.6126590
11,Saucedilla,161571.9537623
11,Aldeanueva del Camino,239829.1125431
11,Albalá,129940.4323069
11,Aldeacentenera,123745.7188311
11,Casas del Monte,235196.5090613
11,Valdeobispo,222553.4004636
11,Holguera,219558.9798824
11,Mirabel,199319.2479200
11,Aldea del Cano,149968.2218846
11,Baños de Montemayor,274051.4986629
11,Navezuelas,109726.7540294
11,Casas de Millán,204911.8885331
11,Salorino,246104.5029110
11,Torrecilla de los Ángeles,252733.2165838
11,Acebo,274433.6407217
11,Santiago de Alcántara,266359.6514086
11,Pasarón de la Vera,195690.1843951
11,Villamiel,285153.5373928
11,Villar del Pedroso,149862.1359053
11,Belvís de Monroy,167637.0052245
11,Casas del Castañar,213372.1562251
11,Torre de Santa María,122632.3069046
11,Guijo de Granadilla,235525.8388962
11,Torremenga,189583.3436967
11,Zarza de Montánchez,120013.7255276
11,Aceituna,240227.2307199
11,Torrejón el Rubio,167952.4815539
11,Torrequemada,137952.9540963
11,Jaraicejo,148079.5721102
11,Valverde de la Vera,212275.0031614
11,Torre de Don Miguel,260961.9112812
11,Pozuelo de Zarzón,240736.5711824
11,Villa del Campo,241864.1367508
11,Plasenzuela,139630.5463549
11,Bohonal de Ibor,143249.2260164
11,Berzocana,94917.6544070
11,Casares de las Hurdes,286036.7828021
11,Hernán-Pérez,252684.2350151
11,Villanueva de la Sierra,247636.1117963
11,Cadalso,257275.8301410
11,Navalvillar de Ibor,114072.6760842
11,Arroyomolinos de la Vera,200335.3918634
11,Cedillo,293340.5408186
11,"Garganta. La",280394.8700519
11,Ibahernando,133035.3102324
11,Calzadilla,236700.3730654
11,Barrado,207455.4623732
11,Casillas de Coria,235590.9055498
11,Villasbuenas de Gata,263283.9579805
11,Valdelacasa de Tajo,157801.0612586
11,Abertura,101375.2905876
11,Palomero,250337.5361257
11,Serrejón,163788.1618270
11,Hinojal,190473.9501072
11,Gargantilla,241999.1216616
11,Santibáñez el Alto,258401.7084846
11,Cabañas del Castillo,109873.2440210
11,Robledillo de Trujillo,124877.8759555
11,Cabezabellosa,231401.3406596
11,Morcillo,237234.5234606
11,Portaje,224359.4446958
11,Guijo de Santa Bárbara,207100.9869895
11,Robledollano,129984.5482281
11,Puerto de Santa Cruz,111480.4742260
11,Herreruela,237103.3580312
11,Valdastillas,217589.8830858
11,Cabrero,213102.2314554
11,Herguijuela,110250.2640643
11,Talaveruela de la Vera,211149.5401637
11,"Granja. La",235816.8612835
11,"Aldea del Obispo. La",143064.3243851
11,Casas de Don Gómez,234036.5007734
11,Aldehuela de Jerte,221927.3976630
11,"Gordo. El",171932.1438632
11,Carrascalejo,142610.5650498
11,Mata de Alcántara,218362.6498706
11,Fresnedoso de Ibor,137660.6136419
11,Abadía,242454.0009847
11,Santa Cruz de Paniagua,244759.4417178
11,Villamesías,110207.5843671
11,Santa Marta de Magasca,151679.5292190
11,Santiago del Campo,191535.0578694
11,Robledillo de la Vera,200002.1988649
11,Salvatierra de Santiago,127379.7057892
11,Santa Ana,129236.3484795
11,Peraleda de San Román,153244.9957536
11,Oliva de Plasencia,219029.7724198
11,Herrera de Alcántara,295042.6740485
11,Santa Cruz de la Sierra,114708.8523124
11,Portezuelo,204935.4080300
11,Alcollarín,102836.3657506
11,Viandar de la Vera,210267.3172609
11,Millanes,162316.6710359
11,Marchagaz,253163.5294126
11,Rebollar,226163.5502066
11,Guijo de Coria,242812.4442302
11,Valdemorales,113075.7353280
11,Villar de Plasencia,223966.9721362
11,Ladrillar,290997.8558901
11,Carbajo,260984.7444347
11,Romangordo,147972.9859287
11,Casas de Don Antonio,140506.6324762
11,Valdehúncar,152247.8471917
11,Conquista de la Sierra,107179.9143550
11,Piedras Albas,234585.4064046
11,Collado,190493.5208989
11,Botija,144007.4435599
11,Huélaga,238241.9232231
11,Cerezo,243449.2690295
11,Descargamaría,266516.1535446
11,Segura de Toro,238543.5812705
11,Toril,176130.5538772
11,Mesas de Ibor,150691.0666890
11,Pescueza,232058.0054860
11,Villa del Rey,216343.6829170
11,Jarilla,230594.6076225
11,Casas de Miravete,147208.1771959
11,Gargüera,207164.6107283
11,Robledillo de Gata,269475.4544229
11,Valdecañas de Tajo,159428.2420070
11,Pedroso de Acim,207170.0786009
11,Berrocalejo,179344.8759635
11,Garvín,157582.5120301
11,Higuera,151338.7628464
11,Benquerencia,134273.9855606
11,Cachorrilla,233921.5519266
11,Campillo de Deleitosa,164309.5659924
11,Ruanes,131178.3579513
12,Badajoz,86064.6155656
12,Mérida,61623.9967764
12,Don Benito,67248.6462983
12,Almendralejo,29885.1339970
12,Villanueva de la Serena,78795.7722935
12,Zafra,26445.6699706
12,Montijo,74086.6148785
12,Villafranca de los Barros,12511.5293390
12,Olivenza,90093.2062835
12,Jerez de los Caballeros,64509.7614686
12,Azuaga,71859.5590223
12,"Santos de Maimona. Los",23112.7923299
12,Guareña,42448.5865402
12,Fuente del Maestre,24258.2394413
12,Castuera,77808.3568873
12,Calamonte,53514.2460599
12,Llerena,53382.4805603
12,Puebla de la Calzada,74741.8850220
12,San Vicente de Alcántara,159874.5050124
12,Alburquerque,128417.3803717
12,Aceuchal,29924.1340200
12,Oliva de la Frontera,81626.8237356
12,Talavera la Real,68332.8411292
12,Cabeza del Buey,112948.2851264
12,Campanario,96240.4919840
12,Fregenal de la Sierra,65760.2911522
12,Quintana de la Serena,90167.5723805
12,Fuente de Cantos,46843.1348111
12,Navalvillar de Pela,110111.0154502
12,Monesterio,63048.5941030
12,Santa Amalia,70665.6817467
12,Santa Marta,50762.6940640
12,Arroyo de San Serván,51615.9294132
12,Valverde de Leganés,79100.3439107
12,Zalamea de la Serena,67866.4976910
12,Hornachos,18295.8930399
12,Barcarrota,68240.4880808
12,Herrera del Duque,166026.9728431
12,Villanueva del Fresno,106298.8896734
12,Talarrubias,128783.0357562
12,"Zarza. La",47055.5187314
12,Ribera del Fresno,3308.9631827
12,Burguillos del Cerro,44952.6761703
12,Orellana la Vieja,108609.8063960
12,Zah¡nos,84240.2630893
12,Puebla de Sancho P‚rez,30028.4746532
12,Solana de los Barros,41293.6613411
12,Valdelacalzada,82279.3305007
12,Lobón,68768.7756326
12,Monterrubio de la Serena,89566.1741455
12,Fuentes de León,75815.5624458
12,"Garrovilla. La",68259.9519391
12,Berlanga,54739.3306682
12,Higuera la Real,93204.8145058
12,Villar del Rey,113195.1049105
12,Granja de Torrehermosa,82575.8063628
12,Medell¡n,62000.5220406
12,Bienvenida,35774.0372460
12,"Codosera. La",140298.6363646
12,Valencia del Ventoso,47011.5169227
12,"Coronada. La",88491.7767401
12,Torremej¡a,39703.4897169
12,Siruela,146653.1732624
12,Higuera de Vargas,89856.2104599
12,Segura de León,69790.9480227
12,Salvaleón,61867.8326381
12,Pueblonuevo del Guadiana,86007.8290764
12,Alange,41636.3398033
12,Puebla de Obando,108095.5356921
12,"Albuera. La",65844.7176715
12,Usagre,27633.0803132
12,Fuenlabrada de los Montes,157777.7574958
12,Alconchel,90410.3531773
12,Oliva de Mérida,33414.1832192
12,Salvatierra de los Barros,48722.1608683
12,Villalba de los Barros,33856.0322923
12,Casas de Don Pedro,122088.2490877
12,Esparragalejo,63804.5293841
12,Montemolín,59552.8622316
12,"Roca de la Sierra. La",97952.4531385
12,Campillo de Llerena,69181.6105325
12,Cabeza la Vaca,80616.7351765
12,Villar de Rena,83006.4354650
12,Trujillanos,65509.2883685
12,Valle de la Serena,54985.6532795
12,"Parra. La",41408.7246816
12,Mirandilla,68367.0783857
12,"Haba. La",73311.0318780
12,Villagonzalo,43798.6190050
12,Feria,36673.0772702
12,Medina de las Torres,36589.9983408
12,Valdetorres,52115.2770723
12,Almendral,62502.6262931
12,Corte de Peleas,53648.0094619
12,Cheles,110428.8570579
12,Puebla de Alcocer,123021.2106796
12,Torre de Miguel Sesmero,60812.5851548
12,Valdecaballeros,191429.5637288
12,Peñalsordo,129021.1878296
12,Valle de Santa Ana,71388.8058776
12,Valverde de Mérida,52014.6058988
12,Castilblanco,181822.8788547
12,Bodonal de la Sierra,64691.2254641
12,"Nava de Santiago. La",86343.2700594
12,Esparragosa de la Serena,72691.6853584
12,Maguilla,52528.4505254
12,Calera de León,72041.3186178
12,Ahillones,61385.3606055
12,Higuera de la Serena,58015.8586971
12,Esparragosa de Lares,120453.8136296
12,Torremayor,73425.3059663
12,Villagarcía de la Torre,39863.3775110
12,Cordobilla de Lácara,98937.5000644
12,Benquerencia de la Serena,84606.1830134
12,Llera,25851.4947385
12,San Pedro de Mérida,57237.4374323
12,Calzadilla de los Barros,38259.1772350
12,Puebla de la Reina,25049.6120660
12,Acedera,97241.4608969
12,Táliga,85044.3919809
12,Valencia del Mombuey,101586.4062095
12,Puebla del Maestre,77568.1600386
12,Manchita,50978.5074469
12,"Morera. La",45253.7304296
12,Fuente del Arco,69328.2826445
12,Don Álvaro,59570.4825820
12,Alconera,36625.0008057
12,Nogales,54919.3925155
12,Helechosa de los Montes,210654.6354027
12,Valverde de Llerena,69243.8754721
12,Palomas,21303.4458318
12,Trasierra,61575.5809408
12,Valencia de las Torres,32393.7466084
12,Garlitos,145479.1730021
12,Rena,80189.5810024
12,Malpartida de la Serena,67303.1300786
12,Peraleda del Zaucejo,68653.7085335
12,Magacela,79895.5274568
12,Entrín Bajo,57250.5774780
12,Villarta de los Montes,241290.4283538
12,Carmonita,89458.9251444
12,Cristina,39758.6649627
12,Hinojosa del Valle,13072.0559001
12,Garbayuela,151277.1742789
12,Puebla del Prior,5645.8101412
12,Retamal de Llerena,43615.2664777
12,Mengabril,59844.2953660
12,Malcocinado,87741.8607298
12,Valle de Matamoros,72991.9110052
12,Zarza-Capilla,123827.8469956
12,Higuera de Llerena,35464.5939609
12,Baterno,160101.8905644
12,Atalaya,41356.8921208
12,Valverde de Burguillos,42633.5830243
12,Orellana de la Sierra,112153.2877970
12,"Lapa. La",37367.1493841
12,Tamurejo,158330.7657727
12,Aljucén,73837.5604038
12,Sancti-Spíritus,137976.8292122
12,Reina,63640.9848929
12,Casas de Reina,60808.4880761
12,Capilla,132374.6740916
12,Risco,140269.3726087
12,"Carrascalejo. El",69881.2463692
12,C ceres,140356.0512329
12,Plasencia,201792.5395992
12,Navalmoral de la Mata,196297.3116062
12,Coria,190808.0506499
12,Miajadas,92411.1209607
12,Trujillo,128988.4757775
12,Talayuela,219871.0737716
12,Moraleja,205984.8660901
12,Arroyo de la Luz,139596.8137956
12,Jara¡z de la Vera,210996.8663241
12,Valencia de Alc ntara,176289.1543187
12,Montehermoso,215713.9869383
12,Casar de Cáceres,135363.1556955
12,Malpartida de Plasencia,202876.0747727
12,Malpartida de Cáceres,131707.5109391
12,Hervás,268165.1607393
12,Torrejoncillo,203473.2811132
12,Jarandilla de la Vera,226387.6332675
12,Alcuéscar,90337.1953389
12,Losar de la Vera,227914.1825218
12,Madroñera,130863.4966491
12,Valverde del Fresno,268667.6656948
12,Garrovillas de Alconétar,158064.8808425
12,Aldeanueva de la Vera,221205.1443895
12,Cabezuela del Valle,233603.1936634
12,Brozas,167747.4913925
12,Villanueva de la Vera,239099.2515495
12,Guadalupe,151264.5041974
12,Logrosán,131397.5304482
12,Sierra de Fuentes,132262.4439045
12,Navaconcejo,230291.6682509
12,Ceclavín,197504.8904953
12,Montánchez,99912.2742863
12,Almoharín,98687.4914804
12,Aliseda,142423.0783248
12,Galisteo,203615.4136077
12,Madrigalejo,130667.1109142
12,Cilleros,258033.9992831
12,Zarza de Granadilla,230276.5521805
12,Madrigal de la Vera,248580.7803270
12,Cañamero,143529.9115737
12,Serradilla,190431.7803029
12,Torreorgaz,124619.5981870
12,Pinofranqueado,237008.5032498
12,Zorita,110646.4222039
12,Gata,239438.7515770
12,Alcántara,183710.0308725
12,Guijo de Galisteo,213832.4824498
12,Piornal,230612.3807144
12,Ahigal,226230.0198084
12,Peraleda de la Mata,209311.5803499
12,Navas del Madro¤o,158513.6510480
12,Nuñomoral,262840.5788206
12,Valdefuentes,108344.7882210
12,Zarza la Mayor,207785.5714497
12,Casatejada,189461.6521389
12,Casar de Palomero,244996.6723050
12,Jerte,239525.1631893
12,Almaraz,180719.4288602
12,Majadas,198421.0335963
12,Cañaveral,166014.3119836
12,Rosalejo,216358.4137436
12,Caminomorisco,241519.7522476
12,Riolobos,188322.9088171
12,Casta¤ar de Ibor,179705.5083370
12,Tornavacas,246606.0223217
12,Torrecillas de la Tiesa,149760.3506894
12,"Pesga. La",247654.9693877
12,Carcaboso,208076.8241519
12,Garganta la Olla,219611.0271667
12,Torremocha,117532.0939690
12,Eljas,269631.7711946
12,Campo Lugar,97113.1250120
12,Al¡a,161405.5745583
12,Arroyomolinos,98073.9270139
12,Monroy,166497.9812611
12,"Torno. El",223719.4903141
12,"Cumbre. La",127318.3217627
12,Hoyos,247074.9856505
12,Mohedas de Granadilla,235889.7251509
12,Perales del Puerto,246739.5860584
12,Talav n,162345.9725588
12,San Martín de Trevejo,267680.1489693
12,Cuacos de Yuste,217564.5244866
12,Tejeda de Tiétar,223279.7317905
12,Acehúche,184085.8388322
12,Escurial,109386.4098489
12,Garciaz,132463.4356564
12,Membrío,175666.6315530
12,Deleitosa,168646.8757866
12,Santibáñez el Bajo,229963.7781068
12,Saucedilla,185302.1710956
12,Aldeanueva del Camino,231790.9972959
12,Albalá,101960.3913114
12,Aldeacentenera,147498.9317255
12,Casas del Monte,227129.7989117
12,Valdeobispo,212891.1269106
12,Holguera,192889.2326978
12,Mirabel,191799.9240450
12,Aldea del Cano,102124.0185480
12,Baños de Montemayor,276304.7415386
12,Navezuelas,164992.4296320
12,Casas de Millán,170102.4147170
12,Salorino,168625.8967878
12,Torrecilla de los Ángeles,227272.7295434
12,Acebo,248973.1536814
12,Santiago de Alcántara,197711.1669418
12,Pasarón de la Vera,219420.4017284
12,Villamiel,259693.0503524
12,Villar del Pedroso,208498.1557229
12,Belvís de Monroy,200249.2162730
12,Casas del Castañar,222495.1943941
12,Torre de Santa María,105080.1381590
12,Guijo de Granadilla,227404.0043440
12,Torremenga,213313.5610300
12,Zarza de Montánchez,109963.0575516
12,Aceituna,223065.3910894
12,Torrejón el Rubio,172332.4912537
12,Torrequemada,121374.5072526
12,Jaraicejo,171603.6999583
12,Valverde de la Vera,236005.2204947
12,Torre de Don Miguel,235501.4242409
12,Pozuelo de Zarzón,215297.5895684
12,Villa del Campo,214289.3796978
12,Plasenzuela,126389.9476254
12,Bohonal de Ibor,201885.2458340
12,Berzocana,149054.7405410
12,Casares de las Hurdes,270581.6905365
12,Hernán-Pérez,227223.7479747
12,Villanueva de la Sierra,222175.6247559
12,Cadalso,231815.3431006
12,Navalvillar de Ibor,172708.6959018
12,Arroyomolinos de la Vera,224065.6091967
12,Cedillo,219200.6633580
12,"Garganta. La",282648.1129276
12,Ibahernando,123349.2589782
12,Calzadilla,201739.1947037
12,Barrado,224319.3225531
12,Casillas de Coria,200629.7271881
12,Villasbuenas de Gata,237823.4709401
12,Valdelacasa de Tajo,216437.0810762
12,Abertura,103489.3744769
12,Palomero,235442.5924878
12,Serrejón,187518.3791602
12,Hinojal,155664.4762911
12,Gargantilla,233961.0064145
12,Santibáñez el Alto,232941.2214442
12,Cabañas del Castillo,164010.3301550
12,Robledillo de Trujillo,114827.2079795
12,Cabezabellosa,223638.2519041
12,Morcillo,205980.0485591
12,Portaje,189398.2663341
12,Guijo de Santa Bárbara,230831.2043227
12,Robledollano,182393.9674328
12,Puerto de Santa Cruz,111931.3144764
12,Herreruela,159624.7519080
12,Valdastillas,225836.1846054
12,Cabrero,224045.3643225
12,Herguijuela,122609.1581685
12,Talaveruela de la Vera,234879.7574969
12,"Granja. La",227778.7460364
12,"Aldea del Obispo. La",147444.3340850
12,Casas de Don Gómez,199075.3224117
12,Aldehuela de Jerte,212265.1241100
12,"Gordo. El",214533.4413222
12,Carrascalejo,201246.5848674
12,Mata de Alcántara,182353.0914116
12,Fresnedoso de Ibor,195429.9521900
12,Abadía,234415.8857375
12,Santa Cruz de Paniagua,225903.9779979
12,Villamesías,104163.5830762
12,Santa Marta de Magasca,145666.2141105
12,Santiago del Campo,156725.5840533
12,Robledillo de la Vera,223732.4161982
12,Salvatierra de Santiago,114139.1070598
12,Santa Ana,119185.6805035
12,Peraleda de San Román,211881.0155711
12,Oliva de Plasencia,210907.9378677
12,Herrera de Alcántara,220902.7965879
12,Santa Cruz de la Sierra,115209.1138800
12,Portezuelo,169974.2296683
12,Alcollarín,104950.4496399
12,Viandar de la Vera,233997.5345942
12,Millanes,194928.8820844
12,Marchagaz,238692.9671265
12,Rebollar,228416.7930823
12,Guijo de Coria,208282.5643011
12,Valdemorales,103025.0673520
12,Villar de Plasencia,216203.8833806
12,Ladrillar,275542.7636245
12,Carbajo,192336.2599679
12,Romangordo,171703.2032620
12,Casas de Don Antonio,95532.6489654
12,Valdehúncar,198935.5029604
12,Conquista de la Sierra,119538.8084592
12,Piedras Albas,193729.3397982
12,Collado,214223.7382322
12,Botija,128312.6274199
12,Huélaga,203280.7448614
12,Cerezo,235327.4344773
12,Descargamaría,241055.6665042
12,Segura de Toro,230476.8711210
12,Toril,199860.7712104
12,Mesas de Ibor,209327.0865066
12,Pescueza,197096.8271243
12,Villa del Rey,174543.2981210
12,Jarilla,222527.8974730
12,Casas de Miravete,170732.3050440
12,Gargüera,218017.3975141
12,Robledillo de Gata,244014.9673826
12,Valdecañas de Tajo,218064.2618246
12,Pedroso de Acim,172308.1627060
12,Berrocalejo,221946.1734225
12,Garvín,216218.5318477
12,Higuera,175068.9801797
12,Benquerencia,118579.1694206
12,Cachorrilla,198960.3735649
12,Campillo de Deleitosa,222945.5858100
12,Ruanes,117937.7592219
13,Badajoz,34613.3218698
13,Mérida,116469.8462616
13,Don Benito,135339.6270981
13,Almendralejo,67876.5545844
13,Villanueva de la Serena,146920.0097611
13,Zafra,71137.0996246
13,Montijo,66655.8145347
13,Villafranca de los Barros,75829.1306858
13,Olivenza,3165.8605649
13,Jerez de los Caballeros,56975.4857499
13,Azuaga,144019.8732750
13,"Santos de Maimona. Los",71279.8699318
13,Guareña,119505.0314517
13,Fuente del Maestre,63722.2696289
13,Castuera,159898.7918582
13,Calamonte,82059.2559910
13,Llerena,126426.9063610
13,Puebla de la Calzada,67311.0846782
13,San Vicente de Alcántara,113794.6623180
13,Alburquerque,82337.5376773
13,Aceuchal,59806.5589254
13,Oliva de la Frontera,59606.7116358
13,Talavera la Real,46487.8411053
13,Cabeza del Buey,195038.7200973
13,Campanario,163888.4950531
13,Fregenal de la Sierra,99282.1515341
13,Quintana de la Serena,172258.0073515
13,Fuente de Cantos,96949.1672040
13,Navalvillar de Pela,169876.2225861
13,Monesterio,114700.8009492
13,Santa Amalia,119808.0577393
13,Santa Marta,62816.4456628
13,Arroyo de San Serván,75810.8790688
13,Valverde de Leganés,10714.8409813
13,Zalamea de la Serena,149956.9326620
13,Hornachos,101616.6714409
13,Barcarrota,31781.1182354
13,Herrera del Duque,229939.2287228
13,Villanueva del Fresno,42261.2183378
13,Talarrubias,198578.3011704
13,"Zarza. La",104984.0536829
13,Ribera del Fresno,84598.1753540
13,Burguillos del Cerro,68272.0835010
13,Orellana la Vieja,168375.0135319
13,Zah¡nos,48823.1252513
13,Puebla de Sancho P‚rez,75036.2183316
13,Solana de los Barros,58874.2826563
13,Valdelacalzada,68405.3781635
13,Lobón,59363.0433693
13,Monterrubio de la Serena,171656.6091165
13,Fuentes de León,117617.5866330
13,"Garrovilla. La",78221.4254087
13,Berlanga,133004.5937550
13,Higuera la Real,83073.4845526
13,Villar del Rey,68415.4569036
13,Granja de Torrehermosa,161186.1181384
13,Medell¡n,137613.9545413
13,Bienvenida,100532.5647245
13,"Codosera. La",94218.7936702
13,Valencia del Ventoso,89096.6349340
13,"Coronada. La",156135.9173235
13,Torremej¡a,85905.8111394
13,Siruela,216448.4386767
13,Higuera de Vargas,34603.2753077
13,Segura de León,111592.9722099
13,Salvaleón,39703.6311840
13,Pueblonuevo del Guadiana,60565.4592578
13,Alange,99564.8747548
13,Puebla de Obando,84386.4332009
13,"Albuera. La",27152.5211597
13,Usagre,95850.9844121
13,Fuenlabrada de los Montes,221690.0133755
13,Alconchel,22273.9776364
13,Oliva de Mérida,110470.6281307
13,Salvatierra de los Barros,51086.7265403
13,Villalba de los Barros,55649.7347464
13,Casas de Don Pedro,181853.4562236
13,Esparragalejo,83051.9318335
13,Montemolín,111839.9882467
13,"Roca de la Sierra. La",75304.5441490
13,Campillo de Llerena,147446.8736193
13,Cabeza la Vaca,123535.6806700
13,Villar de Rena,142441.1508548
13,Trujillanos,94682.8430268
13,Valle de la Serena,132116.8885189
13,"Parra. La",46634.7013154
13,Mirandilla,96530.6476958
13,"Haba. La",141435.2693455
13,Villagonzalo,110168.0336153
13,Feria,52555.6821190
13,Medina de las Torres,81597.7420192
13,Valdetorres,127728.7095731
13,Almendral,25561.5434475
13,Corte de Peleas,46223.9859357
13,Cheles,30650.2310299
13,Puebla de Alcocer,200634.8409991
13,Torre de Miguel Sesmero,28335.9300225
13,Valdecaballeros,255341.8196085
13,Peñalsordo,211111.6228005
13,Valle de Santa Ana,72322.5041594
13,Valverde de Mérida,105975.2878924
13,Castilblanco,245735.1347345
13,Bodonal de la Sierra,106493.2496513
13,"Nava de Santiago. La",86465.5601023
13,Esparragosa de la Serena,154782.1203294
13,Maguilla,130793.7136122
13,Calera de León,123679.4850784
13,Ahillones,126216.5217337
13,Higuera de la Serena,139633.8080883
13,Esparragosa de Lares,202544.2486006
13,Torremayor,72425.5132326
13,Villagarcía de la Torre,104694.5386392
13,Cordobilla de Lácara,99059.7901072
13,Benquerencia de la Serena,166696.6179844
13,Llera,104116.7578252
13,San Pedro de Mérida,101323.3232661
13,Calzadilla de los Barros,89771.8276369
13,Puebla de la Reina,102180.8473054
13,Acedera,157006.6680328
13,Táliga,23137.0963382
13,Valencia del Mombuey,79566.2941097
13,Puebla del Maestre,129855.2860537
13,Manchita,128034.9523584
13,"Morera. La",42576.7286896
13,Fuente del Arco,140574.5512330
13,Don Álvaro,114846.9831559
13,Alconera,81101.9842653
13,Nogales,33220.6113849
13,Helechosa de los Montes,274566.8912824
13,Valverde de Llerena,134075.0366003
13,Palomas,98359.8907433
13,Trasierra,130118.8574283
13,Valencia de las Torres,110659.0096951
13,Garlitos,227569.6079730
13,Rena,139624.2963922
13,Malpartida de la Serena,149393.5650496
13,Peraleda del Zaucejo,151974.4869344
13,Magacela,148019.7649244
13,Entrín Bajo,42129.4198473
13,Villarta de los Montes,305202.6842335
13,Carmonita,108692.7580132
13,Cristina,116815.1098742
13,Hinojosa del Valle,91337.3189868
13,Garbayuela,215323.1094301
13,Puebla del Prior,88966.5885421
13,Retamal de Llerena,126936.0448787
13,Mengabril,135457.7278668
13,Malcocinado,159902.1749825
13,Valle de Matamoros,48600.7516819
13,Zarza-Capilla,205918.2819666
13,Higuera de Llerena,113729.8570477
13,Baterno,229897.1559786
13,Atalaya,82621.5369719
13,Valverde de Burguillos,76261.0499705
13,Orellana de la Sierra,171918.4949329
13,"Lapa. La",68338.7767487
13,Tamurejo,228126.0311869
13,Aljucén,102001.1297139
13,Sancti-Spíritus,217915.2461428
13,Reina,134887.2534814
13,Casas de Reina,132054.7566646
13,Capilla,214465.1090625
13,Risco,220232.3079468
13,"Carrascalejo. El",98044.8156793
13,C ceres,141275.2265424
13,Plasencia,202476.8602580
13,Navalmoral de la Mata,237703.0622526
13,Coria,191444.7065557
13,Miajadas,136378.4026023
13,Trujillo,165103.8652742
13,Talayuela,261276.8244179
13,Moraleja,206621.5219959
13,Arroyo de la Luz,133339.3000107
13,Jara¡z de la Vera,237795.0830441
13,Valencia de Alc ntara,130209.3116243
13,Montehermoso,216350.6428441
13,Casar de Cáceres,136047.4763542
13,Malpartida de Plasencia,203560.3954314
13,Malpartida de Cáceres,131375.4385444
13,Hervás,268849.4813981
13,Torrejoncillo,204157.6017719
13,Jarandilla de la Vera,253454.4208527
13,Alcuéscar,118197.2781429
13,Losar de la Vera,259356.5938936
13,Madroñera,177333.7082581
13,Valverde del Fresno,269304.3216006
13,Garrovillas de Alconétar,158701.5367483
13,Aldeanueva de la Vera,248271.9319747
13,Cabezuela del Valle,234287.5143221
13,Brozas,150995.5694340
13,Villanueva de la Vera,275403.4405522
13,Guadalupe,211029.7113333
13,Logrosán,190832.2458380
13,Sierra de Fuentes,140165.9885640
13,Navaconcejo,230975.9889096
13,Ceclavín,194270.8798369
13,Montánchez,127772.3570903
13,Almoharín,137027.2005561
13,Aliseda,118713.9758337
13,Galisteo,204299.7342665
13,Madrigalejo,190101.8263040
13,Cilleros,258670.6551889
13,Zarza de Granadilla,230960.8728392
13,Madrigal de la Vera,284884.9693298
13,Cañamero,202964.6269635
13,Serradilla,191350.9556125
13,Torreorgaz,140998.6904023
13,Pinofranqueado,237645.1591556
13,Zorita,170081.1375937
13,Gata,240075.4074827
13,Alcántara,162009.6744563
13,Guijo de Galisteo,214469.1383556
13,Piornal,233547.0482034
13,Ahigal,226914.3404671
13,Peraleda de la Mata,250717.3309963
13,Navas del Madro¤o,152256.1372631
13,Nuñomoral,263477.2347264
13,Valdefuentes,136204.8710249
13,Zarza la Mayor,186085.2150335
13,Casatejada,230867.4027852
13,Casar de Palomero,245633.3282107
13,Jerte,240209.4838480
13,Almaraz,222125.1795066
13,Majadas,231878.4268518
13,Cañaveral,166698.6326424
13,Rosalejo,257764.1643899
13,Caminomorisco,242156.4081534
13,Riolobos,189007.2294758
13,Casta¤ar de Ibor,233424.3748737
13,Tornavacas,247290.3429804
13,Torrecillas de la Tiesa,191166.1013358
13,"Pesga. La",248339.2900464
13,Carcaboso,208761.1448106
13,Garganta la Olla,246677.8147519
13,Torremocha,145392.1767729
13,Eljas,270268.4271004
13,Campo Lugar,156547.8404018
13,Al¡a,221170.7816942
13,Arroyomolinos,125934.0098179
13,Monroy,167417.1565707
13,"Torno. El",224403.8109729
13,"Cumbre. La",155178.4045667
13,Hoyos,247711.6415563
13,Mohedas de Granadilla,236574.0458096
13,Perales del Puerto,247376.2419642
13,Talav n,163265.1478683
13,San Martín de Trevejo,268316.8048751
13,Cuacos de Yuste,244631.3120718
13,Tejeda de Tiétar,230427.5239966
13,Acehúche,184722.4947380
13,Escurial,168821.1252387
13,Garciaz,185319.4284602
13,Membrío,129586.7888586
13,Deleitosa,210052.6264330
13,Santibáñez el Bajo,230648.0987656
13,Saucedilla,226707.9217419
13,Aldeanueva del Camino,232475.3179546
13,Albalá,129820.4741154
13,Aldeacentenera,197165.1467428
13,Casas del Monte,227814.1195705
13,Valdeobispo,213575.4475693
13,Holguera,193573.5533565
13,Mirabel,192484.2447037
13,Aldea del Cano,130004.6612805
13,Baños de Montemayor,276989.0621973
13,Navezuelas,224427.1450218
13,Casas de Millán,171021.5900266
13,Salorino,122546.0540934
13,Torrecilla de los Ángeles,227909.3854492
13,Acebo,249609.8095872
13,Santiago de Alcántara,151631.3242474
13,Pasarón de la Vera,244706.6299120
13,Villamiel,260329.7062582
13,Villar del Pedroso,268263.3628588
13,Belvís de Monroy,241654.9669194
13,Casas del Castañar,223179.5150529
13,Torre de Santa María,132940.2209630
13,Guijo de Granadilla,228088.3250028
13,Torremenga,235336.8356688
13,Zarza de Montánchez,143634.4596228
13,Aceituna,223702.0469952
13,Torrejón el Rubio,187106.2054288
13,Torrequemada,144056.4137311
13,Jaraicejo,210300.0615719
13,Valverde de la Vera,272309.4094975
13,Torre de Don Miguel,236138.0801467
13,Pozuelo de Zarzón,215934.2454742
13,Villa del Campo,214926.0356036
13,Plasenzuela,154250.0304294
13,Bohonal de Ibor,250372.4933388
13,Berzocana,208489.4559308
13,Casares de las Hurdes,271218.3464423
13,Hernán-Pérez,227860.4038805
13,Villanueva de la Sierra,222812.2806617
13,Cadalso,232451.9990064
13,Navalvillar de Ibor,232473.9030377
13,Arroyomolinos de la Vera,225072.5862722
13,Cedillo,173120.8206637
13,"Garganta. La",283332.4335863
13,Ibahernando,157020.6610494
13,Calzadilla,202375.8506095
13,Barrado,225003.6432118
13,Casillas de Coria,201266.3830939
13,Villasbuenas de Gata,238460.1268459
13,Valdelacasa de Tajo,271501.4514595
13,Abertura,155907.8043111
13,Palomero,236079.2483935
13,Serrejón,228924.1298066
13,Hinojal,156583.6516006
13,Gargantilla,234645.3270732
13,Santibáñez el Alto,233577.8773500
13,Cabañas del Castillo,223445.0455448
13,Robledillo de Trujillo,148498.6100507
13,Cabezabellosa,224322.5725629
13,Morcillo,206616.7044649
13,Portaje,190034.9222399
13,Guijo de Santa Bárbara,257897.9919079
13,Robledollano,223799.7180792
13,Puerto de Santa Cruz,155782.8710969
13,Herreruela,113544.9092136
13,Valdastillas,226520.5052641
13,Cabrero,224729.6849813
13,Herguijuela,169079.3697776
13,Talaveruela de la Vera,271183.9464997
13,"Granja. La",228463.0666951
13,"Aldea del Obispo. La",181163.0134851
13,Casas de Don Gómez,199711.9783175
13,Aldehuela de Jerte,212949.4447687
13,"Gordo. El",255939.1919686
13,Carrascalejo,261011.7920033
13,Mata de Alcántara,164785.2571834
13,Fresnedoso de Ibor,236835.7028363
13,Abadía,235100.2063962
13,Santa Cruz de Paniagua,226540.6339037
13,Villamesías,148130.8647178
13,Santa Marta de Magasca,164991.9992743
13,Santiago del Campo,157644.7593629
13,Robledillo de la Vera,262562.7945817
13,Salvatierra de Santiago,141999.1898637
13,Santa Ana,148927.0601097
13,Peraleda de San Román,260368.6765124
13,Oliva de Plasencia,211592.2585264
13,Herrera de Alcántara,174822.9538935
13,Santa Cruz de la Sierra,159176.3955216
13,Portezuelo,170610.8855740
13,Alcollarín,164385.1650297
13,Viandar de la Vera,270301.7235969
13,Millanes,236334.6327307
13,Marchagaz,239329.6230322
13,Rebollar,229101.1137410
13,Guijo de Coria,208919.2202069
13,Valdemorales,140984.2793083
13,Villar de Plasencia,216888.2040394
13,Ladrillar,276179.4195303
13,Carbajo,146256.4172735
13,Romangordo,213108.9539083
13,Casas de Don Antonio,123392.7317694
13,Valdehúncar,240341.2536068
13,Conquista de la Sierra,172394.8012630
13,Piedras Albas,172028.9833820
13,Collado,241290.5258174
13,Botija,156172.7102239
13,Huélaga,203917.4007672
13,Cerezo,236011.7551361
13,Descargamaría,241692.3224100
13,Segura de Toro,231161.1917797
13,Toril,231130.6435416
13,Mesas de Ibor,257814.3340115
13,Pescueza,197733.4830301
13,Villa del Rey,156975.4638928
13,Jarilla,223212.2181317
13,Casas de Miravete,212138.0556903
13,Gargüera,218701.7181728
13,Robledillo de Gata,244651.6232884
13,Valdecañas de Tajo,266551.5093295
13,Pedroso de Acim,172992.4833647
13,Berrocalejo,263351.9240688
13,Garvín,264706.1927889
13,Higuera,216474.7308260
13,Benquerencia,146439.2522246
13,Cachorrilla,199597.0294707
13,Campillo de Deleitosa,271432.8333148
13,Ruanes,145797.8420258
14,Badajoz,56631.4876977
14,Mérida,38409.2889034
14,Don Benito,57279.0697398
14,Almendralejo,33606.9144861
14,Villanueva de la Serena,68859.4524028
14,Zafra,60914.2104492
14,Montijo,27723.1570931
14,Villafranca de los Barros,44146.9956731
14,Olivenza,83350.6873906
14,Jerez de los Caballeros,97579.3686880
14,Azuaga,120202.7383320
14,"Santos de Maimona. Los",57581.3328085
14,Guareña,47636.0773044
14,Fuente del Maestre,50825.7573380
14,Castuera,103812.8533213
14,Calamonte,2777.7687512
14,Llerena,101725.6598701
14,Puebla de la Calzada,28378.4272366
14,San Vicente de Alcántara,120820.8856459
14,Alburquerque,87931.5826242
14,Aceuchal,38859.1040019
14,Oliva de la Frontera,114189.3580718
14,Talavera la Real,37433.2280918
14,Cabeza del Buey,134464.2682663
14,Campanario,85827.9376948
14,Fregenal de la Sierra,100228.8316308
14,Quintana de la Serena,117664.1456467
14,Fuente de Cantos,86409.9640041
14,Navalvillar de Pela,91815.6652279
14,Monesterio,98116.1822148
14,Santa Amalia,41747.5003810
14,Santa Marta,42828.2177467
14,Arroyo de San Serván,10352.9811075
14,Valverde de Leganés,70833.5765858
14,Zalamea de la Serena,96464.8027064
14,Hornachos,63011.5362708
14,Barcarrota,74326.0558514
14,Herrera del Duque,151878.6713646
14,Villanueva del Fresno,110562.9409006
14,Talarrubias,120517.7438121
14,"Zarza. La",30386.0119334
14,Ribera del Fresno,52385.3584926
14,Burguillos del Cerro,79421.2166488
14,Orellana la Vieja,90314.4561736
14,Zah¡nos,109156.8380077
14,Puebla de Sancho P‚rez,64497.0151318
14,Solana de los Barros,27640.8112099
14,Valdelacalzada,35915.8727153
14,Lobón,22407.1985335
14,Monterrubio de la Serena,118164.4791609
14,Fuentes de León,110284.1029244
14,"Garrovilla. La",17954.9690776
14,Berlanga,103082.5099779
14,Higuera la Real,125643.0112738
14,Villar del Rey,66831.6471251
14,Granja de Torrehermosa,125979.1661874
14,Medell¡n,60726.7824919
14,Bienvenida,83684.6177829
14,"Codosera. La",101245.0169981
14,Valencia del Ventoso,81480.0574013
14,"Coronada. La",78075.3599653
14,Torremej¡a,16068.2475932
14,Siruela,138387.8813184
14,Higuera de Vargas,95831.4611082
14,Segura de León,104259.4885013
14,Salvaleón,73749.1126730
14,Pueblonuevo del Guadiana,39644.3712910
14,Alange,24966.8330052
14,Puebla de Obando,61732.0779067
14,"Albuera. La",54250.1944494
14,Usagre,75976.2596229
14,Fuenlabrada de los Montes,143629.4560172
14,Alconchel,94674.4044044
14,Oliva de Mérida,44250.2219224
14,Salvatierra de los Barros,66653.2031175
14,Villalba de los Barros,42928.5804498
14,Casas de Don Pedro,103792.8988654
14,Esparragalejo,13499.5465227
14,Montemolín,101300.7850469
14,"Roca de la Sierra. La",51588.9953531
14,Campillo de Llerena,117524.7898422
14,Cabeza la Vaca,115670.2829029
14,Villar de Rena,64380.5934965
14,Trujillanos,16622.2856685
14,Valle de la Serena,78624.7585633
14,"Parra. La",59339.7669308
14,Mirandilla,18470.0903376
14,"Haba. La",63374.7119873
14,Villagonzalo,35569.9918657
14,Feria,58665.1606913
14,Medina de las Torres,71058.5388194
14,Valdetorres,50841.5375237
14,Almendral,61052.7388908
14,Corte de Peleas,40022.4138004
14,Cheles,110835.0578556
14,Puebla de Alcocer,122574.2836409
14,Torre de Miguel Sesmero,58016.5518873
14,Valdecaballeros,177281.2622503
14,Peñalsordo,150537.1709696
14,Valle de Santa Ana,89319.8481268
14,Valverde de Mérida,27914.7305341
14,Castilblanco,167674.5773762
14,Bodonal de la Sierra,99159.7659426
14,"Nava de Santiago. La",36038.2871980
14,Esparragosa de la Serena,101289.9903738
14,Maguilla,100871.6298351
14,Calera de León,107094.8663441
14,Ahillones,109368.5747921
14,Higuera de la Serena,86141.6781327
14,Esparragosa de Lares,125293.4526682
14,Torremayor,23120.3231049
14,Villagarcía de la Torre,87846.5916976
14,Cordobilla de Lácara,48632.5172029
14,Benquerencia de la Serena,109087.6902949
14,Llera,74194.6740482
14,San Pedro de Mérida,23262.7659078
14,Calzadilla de los Barros,73187.2089026
14,Puebla de la Reina,48688.7173498
14,Acedera,78946.1106746
14,Táliga,88418.3797285
14,Valencia del Mombuey,134148.9405456
14,Puebla del Maestre,119316.0828539
14,Manchita,56165.9982112
14,"Morera. La",61567.6126110
14,Fuente del Arco,117671.4619542
14,Don Álvaro,36786.4257977
14,Alconera,71093.5412843
14,Nogales,64247.3791149
14,Helechosa de los Montes,196506.3339242
14,Valverde de Llerena,117227.0896587
14,Palomas,44231.3598194
14,Trasierra,109918.7602506
14,Valencia de las Torres,80736.9259181
14,Garlitos,151107.5513813
14,Rena,61563.7390340
14,Malpartida de la Serena,95901.4350940
14,Peraleda del Zaucejo,112057.0683581
14,Magacela,69959.2075661
14,Entrín Bajo,44250.7412827
14,Villarta de los Montes,227142.1268753
14,Carmonita,39153.9422830
14,Cristina,44946.1557269
14,Hinojosa del Valle,61415.2352098
14,Garbayuela,137262.5520718
14,Puebla del Prior,56753.7716807
14,Retamal de Llerena,78393.2167343
14,Mengabril,58570.5558174
14,Malcocinado,136085.0400395
14,Valle de Matamoros,91170.2784031
14,Zarza-Capilla,145343.8301356
14,Higuera de Llerena,83807.7732706
14,Baterno,151836.5986204
14,Atalaya,75825.4325994
14,Valverde de Burguillos,77102.1235029
14,Orellana de la Sierra,93857.9375746
14,"Lapa. La",71835.6898627
14,Tamurejo,150065.4738286
14,Aljucén,23940.5723556
14,Sancti-Spíritus,139854.6887845
14,Reina,111984.1642026
14,Casas de Reina,109151.6673858
14,Capilla,153890.6572316
14,Risco,142171.7505885
14,"Carrascalejo. El",19984.2583210
14,C ceres,90099.5544010
14,Plasencia,151536.0427673
14,Navalmoral de la Mata,159642.5048943
14,Coria,140551.5538180
14,Miajadas,58317.8452440
14,Trujillo,87043.3079159
14,Talayuela,183216.2670597
14,Moraleja,155728.3692581
14,Arroyo de la Luz,89291.8309342
14,Jara¡z de la Vera,174342.0596122
14,Valencia de Alc ntara,137235.5349522
14,Montehermoso,165457.4901064
14,Casar de Cáceres,85106.6588636
14,Malpartida de Plasencia,152619.5779408
14,Malpartida de Cáceres,81402.5280777
14,Hervás,217908.6639074
14,Torrejoncillo,153216.7842813
14,Jarandilla de la Vera,189732.8265556
14,Alcuéscar,40136.7207846
14,Losar de la Vera,191259.3758099
14,Madroñera,99273.1508999
14,Valverde del Fresno,218411.1688629
14,Garrovillas de Alconétar,107808.3840106
14,Aldeanueva de la Vera,184550.3376776
14,Cabezuela del Valle,183346.6968315
14,Brozas,117442.5085311
14,Villanueva de la Vera,202444.4448376
14,Guadalupe,132969.1539750
14,Logrosán,112771.6884797
14,Sierra de Fuentes,82082.5292788
14,Navaconcejo,180035.1714189
14,Ceclavín,147248.3936634
14,Montánchez,49711.7997320
14,Almoharín,58966.6431978
14,Aliseda,96059.6205394
14,Galisteo,153358.9167758
14,Madrigalejo,112041.2689457
14,Cilleros,207777.5024512
14,Zarza de Granadilla,180020.0553486
14,Madrigal de la Vera,211925.9736151
14,Cañamero,124904.0696052
14,Serradilla,140175.2834710
14,Torreorgaz,74439.6835613
14,Pinofranqueado,186752.0064179
14,Zorita,92020.5802354
14,Gata,189182.2547450
14,Alcántara,133405.0480111
14,Guijo de Galisteo,163575.9856179
14,Piornal,182606.2307127
14,Ahigal,175973.5229764
14,Peraleda de la Mata,172656.7736380
14,Navas del Madro¤o,108208.6681866
14,Nuñomoral,212584.0819887
14,Valdefuentes,58144.3136666
14,Zarza la Mayor,157480.5885883
14,Casatejada,152806.8454270
14,Casar de Palomero,194740.1754730
14,Jerte,189268.6663574
14,Almaraz,144064.6221483
14,Majadas,161766.2268844
14,Cañaveral,115757.8151517
14,Rosalejo,179703.6070317
14,Caminomorisco,191263.2554157
14,Riolobos,138066.4119852
14,Casta¤ar de Ibor,155363.8175154
14,Tornavacas,196349.5254898
14,Torrecillas de la Tiesa,113105.5439775
14,"Pesga. La",197398.4725558
14,Carcaboso,157820.3273199
14,Garganta la Olla,182956.2204548
14,Torremocha,67331.6194147
14,Eljas,219375.2743627
14,Campo Lugar,78487.2830435
14,Al¡a,143110.2243359
14,Arroyomolinos,47873.4524596
14,Monroy,116241.4844292
14,"Torno. El",173462.9934822
14,"Cumbre. La",77117.8472084
14,Hoyos,196818.4888186
14,Mohedas de Granadilla,185633.2283190
14,Perales del Puerto,196483.0892265
14,Talav n,112089.4757269
14,San Martín de Trevejo,217423.6521374
14,Cuacos de Yuste,180909.7177747
14,Tejeda de Tiétar,179486.7065060
14,Acehúche,133829.3420003
14,Escurial,90760.5678804
14,Garciaz,107258.8711020
14,Membrío,135180.8338055
14,Deleitosa,131992.0690747
14,Santibáñez el Bajo,179707.2812749
14,Saucedilla,148647.3643837
14,Aldeanueva del Camino,181534.5004640
14,Albalá,51759.9167571
14,Aldeacentenera,119104.5893845
14,Casas del Monte,176873.3020798
14,Valdeobispo,162634.6300787
14,Holguera,142632.7358659
14,Mirabel,141543.4272131
14,Aldea del Cano,51944.1039223
14,Baños de Montemayor,226048.2447066
14,Navezuelas,146366.5876635
14,Casas de Millán,119845.9178851
14,Salorino,128140.0990402
14,Torrecilla de los Ángeles,177016.2327115
14,Acebo,198716.6568495
14,Santiago de Alcántara,157225.3691943
14,Pasarón de la Vera,182765.5950165
14,Villamiel,209436.5535205
14,Villar del Pedroso,190202.8055005
14,Belvís de Monroy,163594.4095611
14,Casas del Castañar,172238.6975622
14,Torre de Santa María,54879.6636047
14,Guijo de Granadilla,177147.5075121
14,Torremenga,176658.7543181
14,Zarza de Montánchez,65573.9022645
14,Aceituna,172808.8942575
14,Torrejón el Rubio,127990.6132955
14,Torrequemada,71194.5926269
14,Jaraicejo,134118.0335766
14,Valverde de la Vera,199350.4137828
14,Torre de Don Miguel,185244.9274090
14,Pozuelo de Zarzón,165041.0927365
14,Villa del Campo,164032.8828659
14,Plasenzuela,76189.4730711
14,Bohonal de Ibor,172311.9359805
14,Berzocana,130428.8985725
14,Casares de las Hurdes,220325.1937046
14,Hernán-Pérez,176967.2511428
14,Villanueva de la Sierra,171919.1279240
14,Cadalso,181558.8462687
14,Navalvillar de Ibor,154413.3456794
14,Arroyomolinos de la Vera,174131.7687815
14,Cedillo,180147.0439916
14,"Garganta. La",232391.6160957
14,Ibahernando,78960.1036912
14,Calzadilla,151482.6978718
14,Barrado,174062.8257212
14,Casillas de Coria,150373.2303562
14,Villasbuenas de Gata,187566.9741082
14,Valdelacasa de Tajo,193440.8941012
14,Abertura,77847.2469528
14,Palomero,185186.0956558
14,Serrejón,150863.5724483
14,Hinojal,105407.9794592
14,Gargantilla,183704.5095826
14,Santibáñez el Alto,182684.7246123
14,Cabañas del Castillo,145384.4881865
14,Robledillo de Trujillo,70438.0526925
14,Cabezabellosa,173381.7550722
14,Morcillo,155723.5517271
14,Portaje,139141.7695022
14,Guijo de Santa Bárbara,194176.3976108
14,Robledollano,145739.1607209
14,Puerto de Santa Cruz,77722.3137386
14,Herreruela,119138.9541604
14,Valdastillas,175579.6877735
14,Cabrero,173788.8674906
14,Herguijuela,91018.8124193
14,Talaveruela de la Vera,198224.9507850
14,"Granja. La",177522.2492045
14,"Aldea del Obispo. La",103102.4561268
14,Casas de Don Gómez,148818.8255798
14,Aldehuela de Jerte,162008.6272781
14,"Gordo. El",177878.6346103
14,Carrascalejo,182951.2346450
14,Mata de Alcántara,132048.1085502
14,Fresnedoso de Ibor,158775.1454781
14,Abadía,184159.3889056
14,Santa Cruz de Paniagua,175647.4811660
14,Villamesías,70070.3073595
14,Santa Marta de Magasca,95465.7395562
14,Santiago del Campo,106469.0872214
14,Robledillo de la Vera,187077.6094863
14,Salvatierra de Santiago,63938.6325054
14,Santa Ana,70866.5027515
14,Peraleda de San Román,182308.1191541
14,Oliva de Plasencia,160651.4410358
14,Herrera de Alcántara,181849.1772214
14,Santa Cruz de la Sierra,81115.8381634
14,Portezuelo,119717.7328363
14,Alcollarín,86324.6076714
14,Viandar de la Vera,197342.7278823
14,Millanes,158274.0753725
14,Marchagaz,188436.4702945
14,Rebollar,178160.2962504
14,Guijo de Coria,158026.0674691
14,Valdemorales,62923.7219500
14,Villar de Plasencia,165947.3865487
14,Ladrillar,225286.2667926
14,Carbajo,151850.4622203
14,Romangordo,135048.3965500
14,Casas de Don Antonio,45332.1744111
14,Valdehúncar,162280.6962485
14,Conquista de la Sierra,94334.2439048
14,Piedras Albas,143424.3569368
14,Collado,177568.9315203
14,Botija,78112.1528656
14,Huélaga,153024.2480295
14,Cerezo,185070.9376454
14,Descargamaría,190799.1696723
14,Segura de Toro,180220.3742891
14,Toril,163205.9644985
14,Mesas de Ibor,179753.7766532
14,Pescueza,146840.3302924
14,Villa del Rey,124238.3152596
14,Jarilla,172271.4006411
14,Casas de Miravete,134077.4983321
14,Gargüera,167760.9006822
14,Robledillo de Gata,193758.4705507
14,Valdecañas de Tajo,188490.9519712
14,Pedroso de Acim,122051.6658740
14,Berrocalejo,185291.3667106
14,Garvín,186645.6354307
14,Higuera,138414.1734678
14,Benquerencia,68378.6948663
14,Cachorrilla,148703.8767330
14,Campillo de Deleitosa,193372.2759566
14,Ruanes,67737.2846675
15,Badajoz,153586.4927565
15,Mérida,97963.9800939
15,Don Benito,51600.6621465
15,Almendralejo,96716.5081979
15,Villanueva de la Serena,50225.7831956
15,Zafra,100015.0380756
15,Montijo,123482.6722893
15,Villafranca de los Barros,87170.5853008
15,Olivenza,163521.9188153
15,Jerez de los Caballeros,138079.1295735
15,Azuaga,63721.0828096
15,"Santos de Maimona. Los",96682.1604348
15,Guareña,83129.4487041
15,Fuente del Maestre,98917.2954030
15,Castuera,2880.4820734
15,Calamonte,105663.6454975
15,Llerena,84815.4026529
15,Puebla de la Calzada,126154.2470427
15,San Vicente de Alcántara,210579.8357453
15,Alburquerque,177690.5327235
15,Aceuchal,102154.9064554
15,Oliva de la Frontera,155196.1918406
15,Talavera la Real,135201.7043842
15,Cabeza del Buey,38020.4103124
15,Campanario,23549.4391423
15,Fregenal de la Sierra,137809.0575166
15,Quintana de la Serena,11129.5070781
15,Fuente de Cantos,99270.4787513
15,Navalvillar de Pela,56805.2966529
15,Monesterio,117534.7677473
15,Santa Amalia,66516.3543141
15,Santa Marta,123349.9311329
15,Arroyo de San Serván,113990.9081856
15,Valverde de Leganés,152529.0564424
15,Zalamea de la Serena,16478.1597548
15,Hornachos,62016.4600703
15,Barcarrota,142899.5440426
15,Herrera del Duque,91099.0980292
15,Villanueva del Fresno,180957.9456352
15,Talarrubias,53855.1609422
15,"Zarza. La",89025.4870413
15,Ribera del Fresno,77968.0191445
15,Burguillos del Cerro,118522.0442752
15,Orellana la Vieja,42859.8220509
15,Zah¡nos,157809.6311942
15,Puebla de Sancho P‚rez,103597.8427581
15,Solana de los Barros,108162.5245961
15,Valdelacalzada,133691.6925213
15,Lobón,126045.1256116
15,Monterrubio de la Serena,20483.1851677
15,Fuentes de León,132123.4047737
15,"Garrovilla. La",111515.2288714
15,Berlanga,86172.2527608
15,Higuera la Real,166774.1826108
15,Villar del Rey,156590.5972244
15,Granja de Torrehermosa,59756.6045962
15,Medell¡n,62878.0979139
15,Bienvenida,88201.3811862
15,"Codosera. La",191003.9670974
15,Valencia del Ventoso,118382.4517429
15,"Coronada. La",30080.5362576
15,Torremej¡a,97295.3152815
15,Siruela,71725.2984485
15,Higuera de Vargas,163425.5785649
15,Segura de León,127388.7272087
15,Salvaleón,136526.8885999
15,Pueblonuevo del Guadiana,137420.1910970
15,Alange,84422.1924737
15,Puebla de Obando,151491.0280060
15,"Albuera. La",138796.1604150
15,Usagre,81677.8209984
15,Fuenlabrada de los Montes,82849.8826819
15,Alconchel,165069.4091391
15,Oliva de Mérida,76200.0358896
15,Salvatierra de los Barros,123381.2168301
15,Villalba de los Barros,106807.4750358
15,Casas de Don Pedro,67984.9613774
15,Esparragalejo,107059.8063164
15,Montemolín,111980.2061718
15,"Roca de la Sierra. La",142148.1940522
15,Campillo de Llerena,75733.7042218
15,Cabeza la Vaca,135711.8445677
15,Villar de Rena,53334.0174299
15,Trujillanos,92790.0095492
15,Valle de la Serena,30617.6914144
15,"Parra. La",116067.7806433
15,Mirandilla,106254.2882718
15,"Haba. La",43909.1919008
15,Villagonzalo,85201.0577949
15,Feria,111332.1332319
15,Medina de las Torres,110159.3664458
15,Valdetorres,74283.2040486
15,Almendral,135931.3388249
15,Corte de Peleas,120544.1271866
15,Cheles,185087.9130197
15,Puebla de Alcocer,48093.3358656
15,Torre de Miguel Sesmero,134241.2976866
15,Valdecaballeros,116501.6889149
15,Peñalsordo,54093.3130157
15,Valle de Santa Ana,146047.8618394
15,Valverde de Mérida,88354.5892163
15,Castilblanco,106895.0040408
15,Bodonal de la Sierra,130266.8578681
15,"Nava de Santiago. La",125120.3989348
15,Esparragosa de la Serena,12640.1531529
15,Maguilla,79797.2396845
15,Calera de León,127136.4280089
15,Ahillones,78834.2711000
15,Higuera de la Serena,21664.0202503
15,Esparragosa de Lares,45525.9388157
15,Torremayor,116680.5828987
15,Villagarcía de la Torre,92290.7214512
15,Cordobilla de Lácara,120969.4575395
15,Benquerencia de la Serena,9678.3081995
15,Llera,70475.4173422
15,San Pedro de Mérida,84527.9055455
15,Calzadilla de los Barros,109378.1516523
15,Puebla de la Reina,59137.0806279
15,Acedera,53720.2822443
15,Táliga,159703.4479427
15,Valencia del Mombuey,175155.7743144
15,Puebla del Maestre,110549.4080445
15,Manchita,91659.3696108
15,"Morera. La",119912.7863914
15,Fuente del Arco,89220.2894982
15,Don Álvaro,95910.4658995
15,Alconera,110194.3689106
15,Nogales,129578.4484773
15,Helechosa de los Montes,135726.7605888
15,Valverde de Llerena,76343.1557652
15,Palomas,64089.2985022
15,Trasierra,93008.5030334
15,Valencia de las Torres,63569.1380847
15,Garlitos,70551.2981882
15,Rena,50517.1629674
15,Malpartida de la Serena,11885.4043739
15,Peraleda del Zaucejo,41340.0110673
15,Magacela,37238.5467406
15,Entrín Bajo,124772.4546689
15,Villarta de los Montes,166362.5535399
15,Carmonita,110979.8172378
15,Cristina,80439.5271266
15,Hinojosa del Valle,76676.6642743
15,Garbayuela,76349.2994650
15,Puebla del Prior,73856.3111172
15,Retamal de Llerena,35939.8272777
15,Mengabril,57463.4783682
15,Malcocinado,79603.3845171
15,Valle de Matamoros,146561.2791101
15,Zarza-Capilla,48899.9721817
15,Higuera de Llerena,66897.5160535
15,Baterno,85174.0157505
15,Atalaya,114926.2602257
15,Valverde de Burguillos,116202.9511292
15,Orellana de la Sierra,48195.4548073
15,"Lapa. La",110936.5174891
15,Tamurejo,83402.8909587
15,Aljucén,111724.7702898
15,Sancti-Spíritus,63048.9543983
15,Reina,93916.9873670
15,Casas de Reina,91344.8614532
15,Capilla,57446.7992777
15,Risco,65341.4977948
15,"Carrascalejo. El",107768.4562552
15,C ceres,132248.2665380
15,Plasencia,186691.5711195
15,Navalmoral de la Mata,168238.7158928
15,Coria,197720.6624903
15,Miajadas,74333.3009334
15,Trujillo,100947.6332826
15,Talayuela,191812.4780582
15,Moraleja,212897.4779304
15,Arroyo de la Luz,153348.6320702
15,Jara¡z de la Vera,182938.2706107
15,Valencia de Alc ntara,226994.4850516
15,Montehermoso,210336.3042158
15,Casar de Cáceres,142185.0291546
15,Malpartida de Plasencia,180059.6921334
15,Malpartida de Cáceres,145459.3292137
15,Hervás,250639.3118607
15,Torrejoncillo,206482.1955027
15,Jarandilla de la Vera,198329.0375541
15,Alcuéscar,99241.6362716
15,Losar de la Vera,199855.5868084
15,Madroñera,101191.0786140
15,Valverde del Fresno,272917.7960218
15,Garrovillas de Alconétar,164977.4926828
15,Aldeanueva de la Vera,193146.5486761
15,Cabezuela del Valle,216077.3447848
15,Brozas,181499.3096671
15,Villanueva de la Vera,211040.6558361
15,Guadalupe,103755.0918372
15,Logrosán,89149.5679587
15,Sierra de Fuentes,120792.3242268
15,Navaconcejo,212765.8193723
15,Ceclavín,204417.5023356
15,Montánchez,98436.0954187
15,Almoharín,80689.5929350
15,Aliseda,162952.7770800
15,Galisteo,193043.6559475
15,Madrigalejo,100994.6928791
15,Cilleros,262284.1296101
15,Zarza de Granadilla,217144.2731376
15,Madrigal de la Vera,220522.1846137
15,Cañamero,99390.8434286
15,Serradilla,165433.6396370
15,Torreorgaz,113149.4785093
15,Pinofranqueado,238011.8384306
15,Zorita,80974.0041688
15,Gata,243688.8819039
15,Alcántara,196517.5309575
15,Guijo de Galisteo,216259.9563405
15,Piornal,202553.7850010
15,Ahigal,213141.4976471
15,Peraleda de la Mata,177771.2532278
15,Navas del Madro¤o,172265.4693226
15,Nuñomoral,257085.3143729
15,Valdefuentes,95991.0378395
15,Zarza la Mayor,215887.4778740
15,Casatejada,161403.0564255
15,Casar de Palomero,234832.8338610
15,Jerte,221999.3143107
15,Almaraz,152660.8331468
15,Majadas,170362.4378829
15,Cañaveral,172851.8294558
15,Rosalejo,184894.4244289
15,Caminomorisco,235764.4877999
15,Riolobos,191331.8232066
15,Casta¤ar de Ibor,132196.0959768
15,Tornavacas,229080.1734431
15,Torrecillas de la Tiesa,121701.7549761
15,"Pesga. La",234566.4472265
15,Carcaboso,196528.7409915
15,Garganta la Olla,191552.4314534
15,Torremocha,105178.3435876
15,Eljas,273881.9015216
15,Campo Lugar,67440.7069769
15,Al¡a,113896.1621981
15,Arroyomolinos,91654.4944349
15,Monroy,151419.4215454
15,"Torno. El",206193.6414355
15,"Cumbre. La",110880.7417491
15,Hoyos,251325.1159775
15,Mohedas de Granadilla,222801.2029897
15,Perales del Puerto,250989.7163854
15,Talav n,163617.5019949
15,San Martín de Trevejo,271930.2792963
15,Cuacos de Yuste,189505.9287732
15,Tejeda de Tiétar,195221.1360771
15,Acehúche,190998.4506726
15,Escurial,79713.9918138
15,Garciaz,102791.0176213
15,Membrío,216825.7464667
15,Deleitosa,139763.6093970
15,Santibáñez el Bajo,216875.2559456
15,Saucedilla,157243.5753822
15,Aldeanueva del Camino,218618.7558297
15,Albalá,101891.8657855
15,Aldeacentenera,117826.5136904
15,Casas del Monte,213986.1523479
15,Valdeobispo,201343.0437503
15,Holguera,195898.1470873
15,Mirabel,175658.4151249
15,Aldea del Cano,121919.6553632
15,Baños de Montemayor,258778.8926600
15,Navezuelas,120853.3614868
15,Casas de Millán,176863.3220117
15,Salorino,217899.0491396
15,Torrecilla de los Ángeles,231522.8598704
15,Acebo,253223.2840084
15,Santiago de Alcántara,238311.0848872
15,Pasarón de la Vera,191361.8060150
15,Villamiel,263943.1806794
15,Villar del Pedroso,160988.7433627
15,Belvís de Monroy,172190.6205596
15,Casas del Castañar,204969.3455156
15,Torre de Santa María,94583.7403833
15,Guijo de Granadilla,214315.4821828
15,Torremenga,185254.9653166
15,Zarza de Montánchez,91965.1590062
15,Aceituna,219016.8740066
15,Torrejón el Rubio,144291.6487587
15,Torrequemada,109904.3875749
15,Jaraicejo,143545.1042450
15,Valverde de la Vera,207946.6247813
15,Torre de Don Miguel,239751.5545678
15,Pozuelo de Zarzón,219526.2144690
15,Villa del Campo,220653.7800374
15,Plasenzuela,111581.9798335
15,Bohonal de Ibor,154375.8334738
15,Berzocana,106044.2618644
15,Casares de las Hurdes,264826.4260888
15,Hernán-Pérez,231473.8783017
15,Villanueva de la Sierra,226425.7550829
15,Cadalso,236065.4734276
15,Navalvillar de Ibor,125199.2835416
15,Arroyomolinos de la Vera,196007.0134833
15,Cedillo,265291.9742973
15,"Garganta. La",265122.2640490
15,Ibahernando,105351.3604328
15,Calzadilla,208651.8065440
15,Barrado,201492.4197693
15,Casillas de Coria,207542.3390284
15,Villasbuenas de Gata,242073.6012671
15,Valdelacasa de Tajo,168927.6687160
15,Abertura,73816.9564418
15,Palomero,229127.1794123
15,Serrejón,159459.7834469
15,Hinojal,162425.3835858
15,Gargantilla,220788.7649483
15,Santibáñez el Alto,237191.3517712
15,Cabañas del Castillo,120999.8514784
15,Robledillo de Trujillo,96829.3094341
15,Cabezabellosa,210190.9839463
15,Morcillo,212892.6603994
15,Portaje,196310.8781744
15,Guijo de Santa Bárbara,202772.6086093
15,Robledollano,141111.1556855
15,Puerto de Santa Cruz,83922.1400802
15,Herreruela,208897.9042598
15,Valdastillas,208310.3357268
15,Cabrero,206519.5154439
15,Herguijuela,92936.7401334
15,Talaveruela de la Vera,206821.1617835
15,"Granja. La",214606.5045702
15,"Aldea del Obispo. La",119403.4915900
15,Casas de Don Gómez,205987.9342521
15,Aldehuela de Jerte,200717.0409497
15,"Gordo. El",183058.7513206
15,Carrascalejo,153737.1725072
15,Mata de Alcántara,190314.0833492
15,Fresnedoso de Ibor,148787.2210993
15,Abadía,221243.6442713
15,Santa Cruz de Paniagua,223549.0850044
15,Villamesías,82649.2502213
15,Santa Marta de Magasca,124121.1950732
15,Santiago del Campo,163486.4913480
15,Robledillo de la Vera,195673.8204848
15,Salvatierra de Santiago,99331.1392678
15,Santa Ana,101187.7819581
15,Peraleda de San Román,164371.6032110
15,Oliva de Plasencia,197819.4157065
15,Herrera de Alcántara,266994.1075271
15,Santa Cruz de la Sierra,87150.5181667
15,Portezuelo,176886.8415086
15,Alcollarín,75278.0316048
15,Viandar de la Vera,205938.9388808
15,Millanes,166870.2863710
15,Marchagaz,231953.1726992
15,Rebollar,210890.9442037
15,Guijo de Coria,215195.1761414
15,Valdemorales,85027.1688067
15,Villar de Plasencia,202756.6154228
15,Ladrillar,269787.4991768
15,Carbajo,232936.1779133
15,Romangordo,143644.6075486
15,Casas de Don Antonio,112458.0659549
15,Valdehúncar,163374.4546491
15,Conquista de la Sierra,89866.3904241
15,Piedras Albas,206536.8398832
15,Collado,186165.1425188
15,Botija,115958.8770385
15,Huélaga,210193.3567018
15,Cerezo,222238.9123161
15,Descargamaría,245305.7968312
15,Segura de Toro,217333.2245571
15,Toril,171802.1754971
15,Mesas de Ibor,161817.6741464
15,Pescueza,204009.4389647
15,Villa del Rey,188295.1163956
15,Jarilla,209384.2509091
15,Casas de Miravete,142673.7093306
15,Gargüera,195190.4947303
15,Robledillo de Gata,248265.0977096
15,Valdecañas de Tajo,170554.8494644
15,Pedroso de Acim,179121.5120796
15,Berrocalejo,190471.4834209
15,Garvín,168709.1194875
15,Higuera,147010.3844663
15,Benquerencia,106225.4190392
15,Cachorrilla,205872.9854052
15,Campillo de Deleitosa,175436.1734498
15,Ruanes,103129.7914299
16,Badajoz,168670.8427537
16,Mérida,118874.2778321
16,Don Benito,72510.9598847
16,Almendralejo,111800.8581951
16,Villanueva de la Serena,71136.0809338
16,Zafra,114146.6745522
16,Montijo,144392.9700275
16,Villafranca de los Barros,101463.9730035
16,Olivenza,178606.2688124
16,Jerez de los Caballeros,152102.5430340
16,Azuaga,60987.4300796
16,"Santos de Maimona. Los",110975.5481376
16,Guareña,100318.7892077
16,Fuente del Maestre,113210.6831058
16,Castuera,23790.7798116
16,Calamonte,120747.9954946
16,Llerena,93674.5084718
16,Puebla de la Calzada,147064.5447809
16,San Vicente de Alcántara,231490.1334835
16,Alburquerque,198600.8304617
16,Aceuchal,117239.2564525
16,Oliva de la Frontera,169219.6053010
16,Talavera la Real,150286.0543813
16,Cabeza del Buey,31884.4411671
16,Campanario,44459.7368805
16,Fregenal de la Sierra,146668.1633355
16,Quintana de la Serena,36168.9333998
16,Fuente de Cantos,108129.5845702
16,Navalvillar de Pela,77715.5943911
16,Monesterio,126393.8735662
16,Santa Amalia,87426.6520523
16,Santa Marta,138434.2811300
16,Arroyo de San Serván,131410.2678498
16,Valverde de Leganés,167613.4064395
16,Zalamea de la Serena,27328.4463173
16,Hornachos,76309.8477730
16,Barcarrota,157192.9317453
16,Herrera del Duque,107069.5148727
16,Villanueva del Fresno,195251.3333379
16,Talarrubias,72654.6554162
16,"Zarza. La",104925.7213990
16,Ribera del Fresno,92261.4068472
16,Burguillos del Cerro,132545.4577357
16,Orellana la Vieja,63770.1197891
16,Zah¡nos,171833.0446547
16,Puebla de Sancho P‚rez,117621.2562186
16,Solana de los Barros,123246.8745932
16,Valdelacalzada,154601.9902595
16,Lobón,143464.4852757
16,Monterrubio de la Serena,6048.9566014
16,Fuentes de León,140982.5105926
16,"Garrovilla. La",132425.5266096
16,Berlanga,84734.1808821
16,Higuera la Real,180797.5960712
16,Villar del Rey,177500.8949626
16,Granja de Torrehermosa,44021.0463071
16,Medell¡n,83788.3956521
16,Bienvenida,97060.4870051
16,"Codosera. La",211914.2648356
16,Valencia del Ventoso,127241.5575618
16,"Coronada. La",50990.8339958
16,Torremej¡a,112379.6652786
16,Siruela,68889.7285154
16,Higuera de Vargas,177448.9920253
16,Segura de León,136247.8330276
16,Salvaleón,150820.2763026
16,Pueblonuevo del Guadiana,158330.4888352
16,Alange,99506.5424708
16,Puebla de Obando,172401.3257442
16,"Albuera. La",153880.5104121
16,Usagre,90536.9268173
16,Fuenlabrada de los Montes,98820.2995254
16,Alconchel,179362.7968418
16,Oliva de Mérida,91284.3858867
16,Salvatierra de los Barros,137674.6045328
16,Villalba de los Barros,121891.8250329
16,Casas de Don Pedro,86784.4558514
16,Esparragalejo,127970.1040547
16,Montemolín,120839.3119907
16,"Roca de la Sierra. La",163058.4917904
16,Campillo de Llerena,73000.0514918
16,Cabeza la Vaca,144570.9503866
16,Villar de Rena,74244.3151681
16,Trujillanos,113700.3072874
16,Valle de la Serena,45702.0414115
16,"Parra. La",130361.1683461
16,Mirandilla,127164.5860100
16,"Haba. La",64819.4896390
16,Villagonzalo,101668.8216726
16,Feria,125625.5209347
16,Medina de las Torres,123408.2529386
16,Valdetorres,95193.5017868
16,Almendral,151015.6888220
16,Corte de Peleas,135628.4771837
16,Cheles,199381.3007224
16,Puebla de Alcocer,65974.7909052
16,Torre de Miguel Sesmero,149325.6476837
16,Valdecaballeros,132472.1057585
16,Peñalsordo,47957.3438703
16,Valle de Santa Ana,160341.2495421
16,Valverde de Mérida,109264.8869545
16,Castilblanco,122865.4208844
16,Bodonal de la Sierra,139125.9636870
16,"Nava de Santiago. La",146030.6966730
16,Esparragosa de la Serena,21532.2603913
16,Maguilla,77063.5869545
16,Calera de León,135995.5338279
16,Ahillones,76100.6183700
16,Higuera de la Serena,36748.3702474
16,Esparragosa de Lares,65842.2110389
16,Torremayor,137590.8806369
16,Villagarcía de la Torre,97923.8527372
16,Cordobilla de Lácara,141879.7552777
16,Benquerencia de la Serena,27989.7730189
16,Llera,79334.5231611
16,San Pedro de Mérida,105438.2032838
16,Calzadilla de los Barros,118237.2574712
16,Puebla de la Reina,74221.4306250
16,Acedera,74630.5799826
16,Táliga,173996.8356454
16,Valencia del Mombuey,189179.1877749
16,Puebla del Maestre,119408.5138634
16,Manchita,108848.7101145
16,"Morera. La",134206.1740941
16,Fuente del Arco,86486.6367682
16,Don Álvaro,116820.7636377
16,Alconera,124217.7823711
16,Nogales,143871.8361800
16,Helechosa de los Montes,151697.1774323
16,Valverde de Llerena,73609.5030352
16,Palomas,79173.6484993
16,Trasierra,92341.5283206
16,Valencia de las Torres,72428.2439037
16,Garlitos,64415.3290428
16,Rena,71427.4607056
16,Malpartida de la Serena,30999.1421395
16,Peraleda del Zaucejo,25156.2170577
16,Magacela,58148.8444789
16,Entrín Bajo,139856.8046660
16,Villarta de los Montes,182332.9703834
16,Carmonita,131890.1149760
16,Cristina,97628.8676302
16,Hinojosa del Valle,90970.0519770
16,Garbayuela,80308.1014478
16,Puebla del Prior,88149.6988200
16,Retamal de Llerena,51024.1772748
16,Mengabril,78373.7761064
16,Malcocinado,76869.7317871
16,Valle de Matamoros,160584.6925706
16,Zarza-Capilla,42764.0030363
16,Higuera de Llerena,75756.6218724
16,Baterno,82338.4458174
16,Atalaya,128949.6736862
16,Valverde de Burguillos,130226.3645897
16,Orellana de la Sierra,69105.7525455
16,"Lapa. La",124959.9309495
16,Tamurejo,80567.3210256
16,Aljucén,132635.0680281
16,Sancti-Spíritus,57238.2814831
16,Reina,91183.3346370
16,Casas de Reina,88611.2087232
16,Capilla,51310.8301323
16,Risco,59530.8248796
16,"Carrascalejo. El",128678.7539935
16,C ceres,153158.5642762
16,Plasencia,207601.8688577
16,Navalmoral de la Mata,189149.0136310
16,Coria,218630.9602285
16,Miajadas,95243.5986717
16,Trujillo,121857.9310208
16,Talayuela,212722.7757964
16,Moraleja,233807.7756686
16,Arroyo de la Luz,174258.9298084
16,Jara¡z de la Vera,203848.5683489
16,Valencia de Alc ntara,247904.7827898
16,Montehermoso,231246.6019540
16,Casar de Cáceres,163095.3268928
16,Malpartida de Plasencia,200969.9898717
16,Malpartida de Cáceres,166369.6269519
16,Hervás,271549.6095990
16,Torrejoncillo,227392.4932409
16,Jarandilla de la Vera,219239.3352923
16,Alcuéscar,120151.9340098
16,Losar de la Vera,220765.8845467
16,Madroñera,122101.3763522
16,Valverde del Fresno,293828.0937600
16,Garrovillas de Alconétar,185887.7904210
16,Aldeanueva de la Vera,214056.8464143
16,Cabezuela del Valle,236987.6425230
16,Brozas,202409.6074053
16,Villanueva de la Vera,231950.9535743
16,Guadalupe,124665.3895754
16,Logrosán,110059.8656969
16,Sierra de Fuentes,141702.6219650
16,Navaconcejo,233676.1171105
16,Ceclavín,225327.8000738
16,Montánchez,119346.3931570
16,Almoharín,101599.8906733
16,Aliseda,183863.0748182
16,Galisteo,213953.9536857
16,Madrigalejo,121904.9906173
16,Cilleros,283194.4273483
16,Zarza de Granadilla,238054.5708758
16,Madrigal de la Vera,241432.4823519
16,Cañamero,120301.1411668
16,Serradilla,186343.9373752
16,Torreorgaz,134059.7762475
16,Pinofranqueado,258922.1361688
16,Zorita,101884.3019070
16,Gata,264599.1796421
16,Alcántara,217427.8286958
16,Guijo de Galisteo,237170.2540787
16,Piornal,223464.0827392
16,Ahigal,234051.7953853
16,Peraleda de la Mata,198681.5509660
16,Navas del Madro¤o,193175.7670608
16,Nuñomoral,277995.6121111
16,Valdefuentes,116901.3355777
16,Zarza la Mayor,236797.7756122
16,Casatejada,182313.3541637
16,Casar de Palomero,255743.1315992
16,Jerte,242909.6120489
16,Almaraz,173571.1308851
16,Majadas,191272.7356211
16,Cañaveral,193762.1271941
16,Rosalejo,205804.7221672
16,Caminomorisco,256674.7855381
16,Riolobos,212242.1209448
16,Casta¤ar de Ibor,153106.3937150
16,Tornavacas,249990.4711813
16,Torrecillas de la Tiesa,142612.0527143
16,"Pesga. La",255476.7449647
16,Carcaboso,217439.0387298
16,Garganta la Olla,212462.7291916
16,Torremocha,126088.6413258
16,Eljas,294792.1992598
16,Campo Lugar,88351.0047151
16,Al¡a,134806.4599363
16,Arroyomolinos,112564.7921732
16,Monroy,172329.7192836
16,"Torno. El",227103.9391738
16,"Cumbre. La",131791.0394873
16,Hoyos,272235.4137157
16,Mohedas de Granadilla,243711.5007279
16,Perales del Puerto,271900.0141236
16,Talav n,184527.7997331
16,San Martín de Trevejo,292840.5770345
16,Cuacos de Yuste,210416.2265114
16,Tejeda de Tiétar,216131.4338153
16,Acehúche,211908.7484108
16,Escurial,100624.2895520
16,Garciaz,123701.3153595
16,Membrío,237736.0442050
16,Deleitosa,160673.9071352
16,Santibáñez el Bajo,237785.5536838
16,Saucedilla,178153.8731204
16,Aldeanueva del Camino,239529.0535679
16,Albalá,122802.1635238
16,Aldeacentenera,138736.8114286
16,Casas del Monte,234896.4500861
16,Valdeobispo,222253.3414885
16,Holguera,216808.4448255
16,Mirabel,196568.7128631
16,Aldea del Cano,142829.9531015
16,Baños de Montemayor,279689.1903982
16,Navezuelas,141763.6592251
16,Casas de Millán,197773.6197499
16,Salorino,238809.3468778
16,Torrecilla de los Ángeles,252433.1576086
16,Acebo,274133.5817466
16,Santiago de Alcántara,259221.3826254
16,Pasarón de la Vera,212272.1037532
16,Villamiel,284853.4784176
16,Villar del Pedroso,181899.0411009
16,Belvís de Monroy,193100.9182978
16,Casas del Castañar,225879.6432538
16,Torre de Santa María,115494.0381215
16,Guijo de Granadilla,235225.7799210
16,Torremenga,206165.2630548
16,Zarza de Montánchez,112875.4567444
16,Aceituna,239927.1717448
16,Torrejón el Rubio,165201.9464969
16,Torrequemada,130814.6853131
16,Jaraicejo,164455.4019832
16,Valverde de la Vera,228856.9225195
16,Torre de Don Miguel,260661.8523061
16,Pozuelo de Zarzón,240436.5122073
16,Villa del Campo,241564.0777756
16,Plasenzuela,132492.2775717
16,Bohonal de Ibor,175286.1312120
16,Berzocana,126954.5596026
16,Casares de las Hurdes,285736.7238270
16,Hernán-Pérez,252384.1760399
16,Villanueva de la Sierra,247336.0528211
16,Cadalso,256975.7711658
16,Navalvillar de Ibor,146109.5812798
16,Arroyomolinos de la Vera,216917.3112215
16,Cedillo,286202.2720355
16,"Garganta. La",286032.5617872
16,Ibahernando,126261.6581710
16,Calzadilla,229562.1042822
16,Barrado,222402.7175075
16,Casillas de Coria,228452.6367666
16,Villasbuenas de Gata,262983.8990053
16,Valdelacasa de Tajo,189837.9664542
16,Abertura,94727.2541800
16,Palomero,250037.4771505
16,Serrejón,180370.0811851
16,Hinojal,183335.6813240
16,Gargantilla,241699.0626865
16,Santibáñez el Alto,258101.6495094
16,Cabañas del Castillo,141910.1492166
16,Robledillo de Trujillo,117739.6071723
16,Cabezabellosa,231101.2816845
16,Morcillo,233802.9581376
16,Portaje,217221.1759126
16,Guijo de Santa Bárbara,223682.9063476
16,Robledollano,162021.4534237
16,Puerto de Santa Cruz,104832.4378184
16,Herreruela,229808.2019980
16,Valdastillas,229220.6334650
16,Cabrero,227429.8131822
16,Herguijuela,113847.0378717
16,Talaveruela de la Vera,227731.4595218
16,"Granja. La",235516.8023084
16,"Aldea del Obispo. La",140313.7893282
16,Casas de Don Gómez,226898.2319903
16,Aldehuela de Jerte,221627.3386879
16,"Gordo. El",203969.0490588
16,Carrascalejo,174647.4702454
16,Mata de Alcántara,211224.3810874
16,Fresnedoso de Ibor,169697.5188375
16,Abadía,242153.9420095
16,Santa Cruz de Paniagua,244459.3827426
16,Villamesías,103559.5479595
16,Santa Marta de Magasca,145031.4928114
16,Santiago del Campo,184396.7890862
16,Robledillo de la Vera,216584.1182230
16,Salvatierra de Santiago,120241.4370061
16,Santa Ana,122098.0796963
16,Peraleda de San Román,185281.9009492
16,Oliva de Plasencia,218729.7134447
16,Herrera de Alcántara,287904.4052653
16,Santa Cruz de la Sierra,108060.8159049
16,Portezuelo,197797.1392468
16,Alcollarín,96188.3293430
16,Viandar de la Vera,226849.2366190
16,Millanes,187780.5841092
16,Marchagaz,252863.4704374
16,Rebollar,231801.2419419
16,Guijo de Coria,236105.4738796
16,Valdemorales,105937.4665449
16,Villar de Plasencia,223666.9131610
16,Ladrillar,290697.7969150
16,Carbajo,253846.4756515
16,Romangordo,164554.9052868
16,Casas de Don Antonio,133368.3636931
16,Valdehúncar,184284.7523873
16,Conquista de la Sierra,110776.6881623
16,Piedras Albas,227447.1376215
16,Collado,207075.4402570
16,Botija,136869.1747767
16,Huélaga,231103.6544400
16,Cerezo,243149.2100543
16,Descargamaría,266216.0945694
16,Segura de Toro,238243.5222953
16,Toril,192712.4732353
16,Mesas de Ibor,182727.9718847
16,Pescueza,224919.7367029
16,Villa del Rey,209205.4141338
16,Jarilla,230294.5486474
16,Casas de Miravete,163584.0070688
16,Gargüera,216100.7924685
16,Robledillo de Gata,269175.3954478
16,Valdecañas de Tajo,191465.1472026
16,Pedroso de Acim,200031.8098178
16,Berrocalejo,211381.7811591
16,Garvín,189619.4172257
16,Higuera,167920.6822045
16,Benquerencia,127135.7167774
16,Cachorrilla,226783.2831434
16,Campillo de Deleitosa,196346.4711880
16,Ruanes,124040.0891681
17,Badajoz,126611.1178802
17,Mérida,65191.6729273
17,Don Benito,17942.3652508
17,Almendralejo,95376.3261165
17,Villanueva de la Serena,25490.3912793
17,Zafra,108886.7903465
17,Montijo,89824.3753936
17,Villafranca de los Barros,88971.6403789
17,Olivenza,153330.3175731
17,Jerez de los Caballeros,146950.8818445
17,Azuaga,93508.7494258
17,"Santos de Maimona. Los",105553.9127058
17,Guareña,50357.1415375
17,Fuente del Maestre,101112.9292113
17,Castuera,31176.0718574
17,Calamonte,74300.0596302
17,Llerena,114603.0692691
17,Puebla de la Calzada,92495.9501470
17,San Vicente de Alcántara,176921.5388496
17,Alburquerque,144032.2358278
17,Aceuchal,100814.7243740
17,Oliva de la Frontera,164067.9441116
17,Talavera la Real,107412.8582742
17,Cabeza del Buey,61827.4868024
17,Campanario,13191.1562309
17,Fregenal de la Sierra,148201.4115282
17,Quintana de la Serena,45027.3641828
17,Fuente de Cantos,128884.4423998
17,Navalvillar de Pela,39678.4568161
17,Monesterio,145576.1598971
17,Santa Amalia,32858.0574184
17,Santa Marta,112807.8479291
17,Arroyo de San Serván,80332.6112899
17,Valverde de Leganés,140813.2067683
17,Zalamea de la Serena,46265.8263709
17,Hornachos,82335.9043146
17,Barcarrota,144305.6860338
17,Herrera del Duque,98229.8304178
17,Villanueva del Fresno,180542.5710830
17,Talarrubias,60985.8933309
17,"Zarza. La",56253.1798747
17,Ribera del Fresno,85836.5289768
17,Burguillos del Cerro,127393.7965462
17,Orellana la Vieja,25732.9822141
17,Zah¡nos,166681.3834652
17,Puebla de Sancho P‚rez,112469.5950291
17,Solana de los Barros,97620.4413923
17,Valdelacalzada,100033.3956256
17,Lobón,92386.8287159
17,Monterrubio de la Serena,50251.9136889
17,Fuentes de León,158256.6828218
17,"Garrovilla. La",77856.9319757
17,Berlanga,115959.9193770
17,Higuera la Real,175645.9348818
17,Villar del Rey,122932.3003287
17,Granja de Torrehermosa,89544.2712123
17,Medell¡n,30105.7907473
17,Bienvenida,117815.3448347
17,"Codosera. La",157345.6702017
17,Valencia del Ventoso,129452.6372986
17,"Coronada. La",5438.5785014
17,Torremej¡a,74849.2214062
17,Siruela,78856.0308371
17,Higuera de Vargas,165811.0912906
17,Segura de León,152232.0683987
17,Salvaleón,138112.1588953
17,Pueblonuevo del Guadiana,103761.8942013
17,Alange,60711.1573777
17,Puebla de Obando,117832.7311103
17,"Albuera. La",124229.8246318
17,Usagre,110160.6461073
17,Fuenlabrada de los Montes,89980.6150705
17,Alconchel,164654.0345868
17,Oliva de Mérida,51762.3912952
17,Salvatierra de los Barros,125576.8506383
17,Villalba de los Barros,105467.2929544
17,Casas de Don Pedro,55620.8249352
17,Esparragalejo,73401.5094208
17,Montemolín,141594.1698204
17,"Roca de la Sierra. La",108489.8971565
17,Campillo de Llerena,105521.3708379
17,Cabeza la Vaca,163144.3009706
17,Villar de Rena,19675.7205342
17,Trujillanos,59131.7126535
17,Valle de la Serena,54037.1793819
17,"Parra. La",118263.4144516
17,Mirandilla,72595.9913761
17,"Haba. La",19173.7999844
17,Villagonzalo,52428.7506283
17,Feria,113527.7670402
17,Medina de las Torres,119031.1187168
17,Valdetorres,41477.6402143
17,Almendral,131032.3690732
17,Corte de Peleas,110002.0439828
17,Cheles,180814.6880380
17,Puebla de Alcocer,55224.0682543
17,Torre de Miguel Sesmero,127996.1820697
17,Valdecaballeros,123632.4213035
17,Peñalsordo,77900.3895057
17,Valle de Santa Ana,148243.4956477
17,Valverde de Mérida,55508.7845624
17,Castilblanco,114025.7364295
17,Bodonal de la Sierra,147132.3458400
17,"Nava de Santiago. La",91462.1020391
17,Esparragosa de la Serena,42427.8197691
17,Maguilla,109584.9063007
17,Calera de León,154568.8844119
17,Ahillones,108621.9377162
17,Higuera de la Serena,51451.6868664
17,Esparragosa de Lares,52656.6712043
17,Torremayor,83022.2860030
17,Villagarcía de la Torre,121904.6850998
17,Cordobilla de Lácara,87311.1606438
17,Benquerencia de la Serena,36450.9088310
17,Llera,95230.4214094
17,San Pedro de Mérida,50869.6086499
17,Calzadilla de los Barros,120786.7430292
17,Puebla de la Reina,68013.0853937
17,Acedera,33910.7459662
17,Táliga,158398.0099110
17,Valencia del Mombuey,184027.5265854
17,Puebla del Maestre,140337.0746606
17,Manchita,58887.0624443
17,"Morera. La",122108.4201996
17,Fuente del Arco,119007.9561143
17,Don Álvaro,63138.1587329
17,Alconera,119066.1211816
17,Nogales,128610.4253372
17,Helechosa de los Montes,142857.4929774
17,Valverde de Llerena,106130.8223814
17,Palomas,63555.7278632
17,Trasierra,122796.1696496
17,Valencia de las Torres,93356.8047009
17,Garlitos,81408.0309762
17,Rena,16858.8660717
17,Malpartida de la Serena,41673.0709900
17,Peraleda del Zaucejo,71127.6776834
17,Magacela,12503.1548243
17,Entrín Bajo,114230.3714652
17,Villarta de los Montes,173493.2859285
17,Carmonita,77321.5203421
17,Cristina,47667.2199600
17,Hinojosa del Valle,95599.6216942
17,Garbayuela,83480.0318536
17,Puebla del Prior,88173.3759353
17,Retamal de Llerena,65727.4938939
17,Mengabril,24691.1712016
17,Malcocinado,109391.0511333
17,Valle de Matamoros,155433.0313811
17,Zarza-Capilla,72707.0486717
17,Higuera de Llerena,96685.1826696
17,Baterno,92304.7481391
17,Atalaya,123798.0124967
17,Valverde de Burguillos,125074.7034002
17,Orellana de la Sierra,31068.6149705
17,"Lapa. La",119808.2697601
17,Tamurejo,90533.6233474
17,Aljucén,78066.4733942
17,Sancti-Spíritus,70179.6867869
17,Reina,123704.6539832
17,Casas de Reina,121132.5280694
17,Capilla,81253.8757677
17,Risco,72472.2301834
17,"Carrascalejo. El",74110.1593596
17,C ceres,98589.9696423
17,Plasencia,153033.2742238
17,Navalmoral de la Mata,134580.4189971
17,Coria,164062.3655946
17,Miajadas,40675.0040378
17,Trujillo,67289.3363869
17,Talayuela,158154.1811625
17,Moraleja,179239.1810347
17,Arroyo de la Luz,119690.3351745
17,Jara¡z de la Vera,149279.9737150
17,Valencia de Alc ntara,193336.1881559
17,Montehermoso,176678.0073201
17,Casar de Cáceres,108526.7322589
17,Malpartida de Plasencia,146401.3952378
17,Malpartida de Cáceres,111801.0323180
17,Hervás,216981.0149651
17,Torrejoncillo,172823.8986070
17,Jarandilla de la Vera,164670.7406584
17,Alcuéscar,65583.3393759
17,Losar de la Vera,166197.2899127
17,Madroñera,67532.7817183
17,Valverde del Fresno,239259.4991261
17,Garrovillas de Alconétar,131319.1957871
17,Aldeanueva de la Vera,159488.2517804
17,Cabezuela del Valle,182419.0478891
17,Brozas,147841.0127714
17,Villanueva de la Vera,177382.3589404
17,Guadalupe,86628.2520004
17,Logrosán,68066.8155174
17,Sierra de Fuentes,87134.0273311
17,Navaconcejo,179107.5224766
17,Ceclavín,170759.2054399
17,Montánchez,64777.7985231
17,Almoharín,47031.2960394
17,Aliseda,129294.4801843
17,Galisteo,159385.3590518
17,Madrigalejo,67336.3959834
17,Cilleros,228625.8327144
17,Zarza de Granadilla,183485.9762419
17,Madrigal de la Vera,186863.8877180
17,Cañamero,80199.1966429
17,Serradilla,131775.3427413
17,Torreorgaz,79491.1816136
17,Pinofranqueado,204353.5415349
17,Zorita,47315.7072731
17,Gata,210030.5850082
17,Alcántara,162859.2340619
17,Guijo de Galisteo,182601.6594448
17,Piornal,168895.4881053
17,Ahigal,179483.2007514
17,Peraleda de la Mata,147594.6877409
17,Navas del Madro¤o,138607.1724269
17,Nuñomoral,223427.0174772
17,Valdefuentes,62332.7409438
17,Zarza la Mayor,182229.1809783
17,Casatejada,127744.7595298
17,Casar de Palomero,201174.5369653
17,Jerte,188341.0174150
17,Almaraz,119002.5362512
17,Majadas,136704.1409872
17,Cañaveral,139193.5325602
17,Rosalejo,154641.5211345
17,Caminomorisco,202106.1909042
17,Riolobos,157673.5263109
17,Casta¤ar de Ibor,115069.2561400
17,Tornavacas,195421.8765474
17,Torrecillas de la Tiesa,88043.4580804
17,"Pesga. La",200908.1503308
17,Carcaboso,162870.4440959
17,Garganta la Olla,157894.1345577
17,Torremocha,71520.0466919
17,Eljas,240223.6046259
17,Campo Lugar,33782.4100812
17,Al¡a,96769.3223613
17,Arroyomolinos,57996.1975392
17,Monroy,117761.1246497
17,"Torno. El",172535.3445399
17,"Cumbre. La",77222.4448534
17,Hoyos,217666.8190818
17,Mohedas de Granadilla,189142.9060940
17,Perales del Puerto,217331.4194897
17,Talav n,129959.2050992
17,San Martín de Trevejo,238271.9824006
17,Cuacos de Yuste,155847.6318775
17,Tejeda de Tiétar,161562.8391814
17,Acehúche,157340.1537769
17,Escurial,46055.6949181
17,Garciaz,69132.7207256
17,Membrío,183167.4495710
17,Deleitosa,106929.9831776
17,Santibáñez el Bajo,183216.9590499
17,Saucedilla,123585.2784865
17,Aldeanueva del Camino,184960.4589340
17,Albalá,68233.5688899
17,Aldeacentenera,84168.2167947
17,Casas del Monte,180327.8554522
17,Valdeobispo,167684.7468546
17,Holguera,162239.8501916
17,Mirabel,142000.1182292
17,Aldea del Cano,88261.3584676
17,Baños de Montemayor,225120.5957643
17,Navezuelas,101661.7147012
17,Casas de Millán,143205.0251160
17,Salorino,184240.7522439
17,Torrecilla de los Ángeles,197864.5629747
17,Acebo,219564.9871127
17,Santiago de Alcántara,204652.7879915
17,Pasarón de la Vera,157703.5091193
17,Villamiel,230284.8837837
17,Villar del Pedroso,143861.9035259
17,Belvís de Monroy,138532.3236639
17,Casas del Castañar,171311.0486199
17,Torre de Santa María,60925.4434876
17,Guijo de Granadilla,180657.1852871
17,Torremenga,151596.6684209
17,Zarza de Montánchez,58306.8621105
17,Aceituna,185358.5771109
17,Torrejón el Rubio,110633.3518630
17,Torrequemada,76246.0906792
17,Jaraicejo,109886.8073493
17,Valverde de la Vera,174288.3278856
17,Torre de Don Miguel,206093.2576722
17,Pozuelo de Zarzón,185867.9175734
17,Villa del Campo,186995.4831417
17,Plasenzuela,77923.6829378
17,Bohonal de Ibor,137248.9936370
17,Berzocana,85724.0256103
17,Casares de las Hurdes,231168.1291931
17,Hernán-Pérez,197815.5814060
17,Villanueva de la Sierra,192767.4581872
17,Cadalso,202407.1765319
17,Navalvillar de Ibor,108072.4437048
17,Arroyomolinos de la Vera,162348.7165876
17,Cedillo,231633.6774016
17,"Garganta. La",231463.9671533
17,Ibahernando,71693.0635371
17,Calzadilla,174993.5096483
17,Barrado,167834.1228736
17,Casillas de Coria,173884.0421327
17,Villasbuenas de Gata,208415.3043714
17,Valdelacasa de Tajo,151800.8288792
17,Abertura,40158.6595461
17,Palomero,195468.8825166
17,Serrejón,125801.4865512
17,Hinojal,128767.0866901
17,Gargantilla,187130.4680526
17,Santibáñez el Alto,203533.0548755
17,Cabañas del Castillo,100679.6152243
17,Robledillo de Trujillo,63171.0125384
17,Cabezabellosa,176532.6870506
17,Morcillo,179234.3635037
17,Portaje,162652.5812787
17,Guijo de Santa Bárbara,169114.3117137
17,Robledollano,120677.0748238
17,Puerto de Santa Cruz,50263.8431845
17,Herreruela,175239.6073641
17,Valdastillas,174652.0388311
17,Cabrero,172861.2185483
17,Herguijuela,59278.4432378
17,Talaveruela de la Vera,173162.8648879
17,"Granja. La",180948.2076745
17,"Aldea del Obispo. La",85745.1946943
17,Casas de Don Gómez,172329.6373564
17,Aldehuela de Jerte,167058.7440540
17,"Gordo. El",152816.5487132
17,Carrascalejo,136610.3326704
17,Mata de Alcántara,156655.7864535
17,Fresnedoso de Ibor,131660.3812625
17,Abadía,187585.3473756
17,Santa Cruz de Paniagua,189890.7881087
17,Villamesías,48990.9533256
17,Santa Marta de Magasca,90462.8981775
17,Santiago del Campo,129828.1944523
17,Robledillo de la Vera,162015.5235891
17,Salvatierra de Santiago,65672.8423722
17,Santa Ana,67529.4850624
17,Peraleda de San Román,147244.7633742
17,Oliva de Plasencia,164161.1188108
17,Herrera de Alcántara,233335.8106314
17,Santa Cruz de la Sierra,53492.2212710
17,Portezuelo,143228.5446129
17,Alcollarín,41619.7347091
17,Viandar de la Vera,172280.6419851
17,Millanes,133211.9894753
17,Marchagaz,198294.8758035
17,Rebollar,177232.6473080
17,Guijo de Coria,181536.8792457
17,Valdemorales,51368.8719110
17,Villar de Plasencia,169098.3185271
17,Ladrillar,236129.2022811
17,Carbajo,199277.8810176
17,Romangordo,109986.3106529
17,Casas de Don Antonio,78799.7690592
17,Valdehúncar,137218.6103514
17,Conquista de la Sierra,56208.0935284
17,Piedras Albas,172878.5429876
17,Collado,152506.8456231
17,Botija,82300.5801428
17,Huélaga,176535.0598061
17,Cerezo,188580.6154204
17,Descargamaría,211647.4999355
17,Segura de Toro,183674.9276614
17,Toril,138143.8786014
17,Mesas de Ibor,144690.8343097
17,Pescueza,170351.1420690
17,Villa del Rey,154636.8194999
17,Jarilla,175725.9540135
17,Casas de Miravete,109015.4124349
17,Gargüera,161532.1978346
17,Robledillo de Gata,214606.8008139
17,Valdecañas de Tajo,153428.0096276
17,Pedroso de Acim,145463.2151839
17,Berrocalejo,160229.2808134
17,Garvín,151582.2796507
17,Higuera,113352.0875706
17,Benquerencia,72567.1221435
17,Cachorrilla,172214.6885095
17,Campillo de Deleitosa,158309.3336130
17,Ruanes,69471.4945342
18,Badajoz,10401.7981322
18,Mérida,86037.8760770
18,Don Benito,104920.7639426
18,Almendralejo,61510.3629530
18,Villanueva de la Serena,116501.1466056
18,Zafra,82943.8312836
18,Montijo,31887.9828980
18,Villafranca de los Barros,78161.3541476
18,Olivenza,45794.3272162
18,Jerez de los Caballeros,81062.1096119
18,Azuaga,154217.0968065
18,"Santos de Maimona. Los",83086.6015908
18,Guareña,95264.6644781
18,Fuente del Maestre,74468.0691113
18,Castuera,151454.5475241
18,Calamonte,57687.4273714
18,Llerena,135740.0183446
18,Puebla de la Calzada,29897.4177797
18,San Vicente de Alcántara,73097.6411663
18,Alburquerque,41640.5165257
18,Aceuchal,61887.6091382
18,Oliva de la Frontera,90844.4941086
18,Talavera la Real,22235.9414064
18,Cabeza del Buey,182105.9624691
18,Campanario,133469.6318976
18,Fregenal de la Sierra,120297.7073629
18,Quintana de la Serena,165305.8398495
18,Fuente de Cantos,108755.8988629
18,Navalvillar de Pela,139457.3594306
18,Monesterio,126507.5326081
18,Santa Amalia,89389.1945838
18,Santa Marta,58571.1824362
18,Arroyo de San Serván,51439.0504492
18,Valverde de Leganés,33277.2164114
18,Zalamea de la Serena,145198.6249983
18,Hornachos,103418.2130540
18,Barcarrota,55867.7420974
18,Herrera del Duque,199520.3655673
18,Villanueva del Fresno,74888.7913597
18,Talarrubias,168159.4380149
18,"Zarza. La",85123.0913260
18,Ribera del Fresno,86399.7169671
18,Burguillos del Cerro,89287.6393298
18,Orellana la Vieja,137956.1503764
18,Zah¡nos,80060.9077240
18,Puebla de Sancho P‚rez,86842.9499906
18,Solana de los Barros,49382.7974113
18,Valdelacalzada,25482.5956073
18,Lobón,36783.1000916
18,Monterrubio de la Serena,166898.3014528
18,Fuentes de León,132630.0377832
18,"Garrovilla. La",43453.5937720
18,Berlanga,137096.8684525
18,Higuera la Real,107160.1084146
18,Villar del Rey,27718.4357519
18,Granja de Torrehermosa,167698.1263769
18,Medell¡n,108355.3696656
18,Bienvenida,112339.2963834
18,"Codosera. La",53521.7725185
18,Valencia del Ventoso,103825.9922601
18,"Coronada. La",125717.0541680
18,Torremej¡a,70805.3269859
18,Siruela,186029.5755212
18,Higuera de Vargas,65841.0577804
18,Segura de León,126605.4233601
18,Salvaleón,61792.5293649
18,Pueblonuevo del Guadiana,17642.6767016
18,Alange,79703.9123979
18,Puebla de Obando,43667.0884925
18,"Albuera. La",32908.4082606
18,Usagre,107657.7160711
18,Fuenlabrada de los Montes,191271.1502200
18,Alconchel,59000.2548635
18,Oliva de Mérida,94688.6563529
18,Salvatierra de los Barros,73155.9983292
18,Villalba de los Barros,62359.7028813
18,Casas de Don Pedro,151434.5930681
18,Esparragalejo,48284.1001968
18,Montemolín,123646.7199057
18,"Roca de la Sierra. La",34585.1994405
18,Campillo de Llerena,151539.1483167
18,Cabeza la Vaca,138548.1318201
18,Villar de Rena,112022.2876993
18,Trujillanos,64263.9798713
18,Valle de la Serena,127358.5808552
18,"Parra. La",65704.8857373
18,Mirandilla,66098.6775112
18,"Haba. La",111016.4061900
18,Villagonzalo,83952.6512021
18,Feria,67838.5951161
18,Medina de las Torres,93404.4736782
18,Valdetorres,98470.1246973
18,Almendral,44769.0728396
18,Corte de Peleas,41978.7227092
18,Cheles,73278.6976811
18,Puebla de Alcocer,170215.9778436
18,Torre de Miguel Sesmero,47406.1144444
18,Valdecaballeros,224922.9564530
18,Peñalsordo,198178.8651724
18,Valle de Santa Ana,94391.7759482
18,Valverde de Mérida,75543.3177077
18,Castilblanco,215316.2715790
18,Bodonal de la Sierra,121505.7008014
18,"Nava de Santiago. La",51697.7284656
18,Esparragosa de la Serena,150023.8126657
18,Maguilla,134885.9883096
18,Calera de León,135486.2167374
18,Ahillones,138023.2533926
18,Higuera de la Serena,134875.5004246
18,Esparragosa de Lares,172935.1468710
18,Torremayor,37657.6815960
18,Villagarcía de la Torre,116501.2702981
18,Cordobilla de Lácara,64291.9584706
18,Benquerencia de la Serena,156729.3844977
18,Llera,108209.0325227
18,San Pedro de Mérida,70891.3530815
18,Calzadilla de los Barros,101578.5592959
18,Puebla de la Reina,97422.5396417
18,Acedera,126587.8048773
18,Táliga,50893.7974806
18,Valencia del Mombuey,110804.0765824
18,Puebla del Maestre,141662.0177127
18,Manchita,103794.5853848
18,"Morera. La",61646.9131115
18,Fuente del Arco,151685.8204287
18,Don Álvaro,84415.0129713
18,Alconera,92943.8881295
18,Nogales,52290.7958068
18,Helechosa de los Montes,244148.0281269
18,Valverde de Llerena,145881.7682592
18,Palomas,93601.5830796
18,Trasierra,141925.5890873
18,Valencia de las Torres,114751.2843926
18,Garlitos,198749.2455841
18,Rena,109205.4332367
18,Malpartida de la Serena,144635.2573859
18,Peraleda del Zaucejo,153776.0285475
18,Magacela,117600.9017689
18,Entrín Bajo,45581.2907253
18,Villarta de los Montes,274783.8210780
18,Carmonita,73924.9263765
18,Cristina,92574.7429006
18,Hinojosa del Valle,95429.5936843
18,Garbayuela,184904.2462746
18,Puebla del Prior,90768.1301552
18,Retamal de Llerena,127127.0390262
18,Mengabril,106199.1429910
18,Malcocinado,170099.3985140
18,Valle de Matamoros,72687.3755439
18,Zarza-Capilla,192985.5243384
18,Higuera de Llerena,117822.1317451
18,Baterno,199478.2928231
18,Atalaya,97675.7794446
18,Valverde de Burguillos,97276.6057994
18,Orellana de la Sierra,141499.6317774
18,"Lapa. La",85230.9571743
18,Tamurejo,197707.1680314
18,Aljucén,71569.1595293
18,Sancti-Spíritus,187496.3829873
18,Reina,145998.5226771
18,Casas de Reina,143166.0258603
18,Capilla,201532.3514344
18,Risco,189813.4447913
18,"Carrascalejo. El",67612.8454947
18,C ceres,100555.8818340
18,Plasencia,161757.5155495
18,Navalmoral de la Mata,205702.5891820
18,Coria,150725.3618473
18,Miajadas,105959.5394468
18,Trujillo,133103.3922036
18,Talayuela,221623.2845404
18,Moraleja,165902.1772874
18,Arroyo de la Luz,92619.9553023
18,Jara¡z de la Vera,197075.7383357
18,Valencia de Alc ntara,89512.2904726
18,Montehermoso,175631.2981356
18,Casar de Cáceres,95328.1316458
18,Malpartida de Plasencia,162841.0507229
18,Malpartida de Cáceres,90656.0938359
18,Hervás,228130.1366896
18,Torrejoncillo,163438.2570634
18,Jarandilla de la Vera,212735.0761442
18,Alcuéscar,86196.8050723
18,Losar de la Vera,218637.2491851
18,Madroñera,146914.8451026
18,Valverde del Fresno,228584.9768921
18,Garrovillas de Alconétar,117982.1920398
18,Aldeanueva de la Vera,207552.5872662
18,Cabezuela del Valle,193568.1696137
18,Brozas,110298.5482824
18,Villanueva de la Vera,234684.0958438
18,Guadalupe,180610.8481778
18,Logrosán,160413.3826825
18,Sierra de Fuentes,99446.6438555
18,Navaconcejo,190256.6442011
18,Ceclavín,153573.8586852
18,Montánchez,95771.8840197
18,Almoharín,105026.7274855
18,Aliseda,77994.6311252
18,Galisteo,163580.3895580
18,Madrigalejo,159682.9631485
18,Cilleros,217951.3104805
18,Zarza de Granadilla,190241.5281308
18,Madrigal de la Vera,244165.6246213
18,Cañamero,172545.7638080
18,Serradilla,150631.6109040
18,Torreorgaz,100279.3456939
18,Pinofranqueado,196925.8144471
18,Zorita,139662.2744382
18,Gata,199356.0627743
18,Alcántara,121312.6533046
18,Guijo de Galisteo,173749.7936471
18,Piornal,192827.7034949
18,Ahigal,186194.9957586
18,Peraleda de la Mata,218716.8579257
18,Navas del Madro¤o,111536.7925547
18,Nuñomoral,222757.8900180
18,Valdefuentes,104204.3979543
18,Zarza la Mayor,145388.1938818
18,Casatejada,197008.8692175
18,Casar de Palomero,204913.9835023
18,Jerte,199490.1391396
18,Almaraz,190124.7064360
18,Majadas,191159.0821433
18,Cañaveral,125979.2879339
18,Rosalejo,225763.6913194
18,Caminomorisco,201437.0634449
18,Riolobos,148287.8847673
18,Casta¤ar de Ibor,201423.9018031
18,Tornavacas,206570.9982720
18,Torrecillas de la Tiesa,159165.6282652
18,"Pesga. La",207619.9453380
18,Carcaboso,168041.8001021
18,Garganta la Olla,205958.4700435
18,Torremocha,108600.0734439
18,Eljas,229549.0823919
18,Campo Lugar,126128.9772463
18,Al¡a,190751.9185387
18,Arroyomolinos,93933.5367473
18,Monroy,126697.8118622
18,"Torno. El",183684.4662644
18,"Cumbre. La",123177.9314961
18,Hoyos,206992.2968478
18,Mohedas de Granadilla,195854.7011012
18,Perales del Puerto,206656.8972557
18,Talav n,122545.8031599
18,San Martín de Trevejo,227597.4601667
18,Cuacos de Yuste,203911.9673633
18,Tejeda de Tiétar,189708.1792882
18,Acehúche,144003.1500296
18,Escurial,138402.2620832
18,Garciaz,154900.5653047
18,Membrío,88889.7677070
18,Deleitosa,178052.1533624
18,Santibáñez el Bajo,189928.7540571
18,Saucedilla,194707.4486714
18,Aldeanueva del Camino,191755.9732462
18,Albalá,97820.0010448
18,Aldeacentenera,166746.2835873
18,Casas del Monte,187094.7748620
18,Valdeobispo,172856.1028609
18,Holguera,152854.2086481
18,Mirabel,151764.8999952
18,Aldea del Cano,98598.5273156
18,Baños de Montemayor,236269.7174888
18,Navezuelas,194008.2818663
18,Casas de Millán,130302.2453181
18,Salorino,81849.0329417
18,Torrecilla de los Ángeles,187190.0407408
18,Acebo,208890.4648787
18,Santiago de Alcántara,110934.3030958
18,Pasarón de la Vera,203987.2852036
18,Villamiel,219610.3615498
18,Villar del Pedroso,237844.4997033
18,Belvís de Monroy,209654.4938488
18,Casas del Castañar,182460.1703444
18,Torre de Santa María,100939.7478924
18,Guijo de Granadilla,187368.9802943
18,Torremenga,194617.4909604
18,Zarza de Montánchez,111633.9865522
18,Aceituna,182982.7022867
18,Torrejón el Rubio,146386.8607203
18,Torrequemada,103337.0690226
18,Jaraicejo,169580.7168634
18,Valverde de la Vera,231590.0647890
18,Torre de Don Miguel,195418.7354382
18,Pozuelo de Zarzón,175214.9007657
18,Villa del Campo,174206.6908951
18,Plasenzuela,122249.5573588
18,Bohonal de Ibor,218372.0202682
18,Berzocana,178070.5927753
18,Casares de las Hurdes,230499.0017338
18,Hernán-Pérez,187141.0591721
18,Villanueva de la Sierra,182092.9359533
18,Cadalso,191732.6542980
18,Navalvillar de Ibor,202055.0398822
18,Arroyomolinos de la Vera,184353.2415637
18,Cedillo,132423.7995120
18,"Garganta. La",242613.0888779
18,Ibahernando,125020.1879788
18,Calzadilla,161656.5059010
18,Barrado,184284.2985034
18,Casillas de Coria,160547.0383854
18,Villasbuenas de Gata,197740.7821375
18,Valdelacasa de Tajo,239500.9783889
18,Abertura,125488.9411556
18,Palomero,195359.9036851
18,Serrejón,192291.2483027
18,Hinojal,115864.3068922
18,Gargantilla,193925.9823647
18,Santibáñez el Alto,192858.5326416
18,Cabañas del Castillo,193026.1823893
18,Robledillo de Trujillo,116498.1369801
18,Cabezabellosa,183603.2278544
18,Morcillo,165897.3597564
18,Portaje,149315.5775314
18,Guijo de Santa Bárbara,217178.6471995
18,Robledollano,191799.2450086
18,Puerto de Santa Cruz,125364.0079414
18,Herreruela,72847.8880619
18,Valdastillas,185801.1605557
18,Cabrero,184010.3402728
18,Herguijuela,138660.5066221
18,Talaveruela de la Vera,230464.6017912
18,"Granja. La",187743.7219867
18,"Aldea del Obispo. La",149162.5404145
18,Casas de Don Gómez,158992.6336091
18,Aldehuela de Jerte,172230.1000603
18,"Gordo. El",223938.7188980
18,Carrascalejo,230592.9288478
18,Mata de Alcántara,124088.2360317
18,Fresnedoso de Ibor,204835.2297657
18,Abadía,194380.8616878
18,Santa Cruz de Paniagua,185821.2891952
18,Villamesías,117712.0015623
18,Santa Marta de Magasca,124272.6545659
18,Santiago del Campo,116925.4146544
18,Robledillo de la Vera,221843.4498732
18,Salvatierra de Santiago,109998.7167931
18,Santa Ana,116926.5870391
18,Peraleda de San Román,228368.2034418
18,Oliva de Plasencia,170872.9138180
18,Herrera de Alcántara,134125.9327418
18,Santa Cruz de la Sierra,128757.5323661
18,Portezuelo,129891.5408656
18,Alcollarín,133966.3018742
18,Viandar de la Vera,229582.3788885
18,Millanes,204334.1596601
18,Marchagaz,198610.2783238
18,Rebollar,188381.7690326
18,Guijo de Coria,168199.8754984
18,Valdemorales,108983.8062377
18,Villar de Plasencia,176168.8593309
18,Ladrillar,235460.0748218
18,Carbajo,105559.3961218
18,Romangordo,181108.4808377
18,Casas de Don Antonio,91392.2586988
18,Valdehúncar,208340.7805362
18,Conquista de la Sierra,141975.9381075
18,Piedras Albas,131331.9622303
18,Collado,200571.1811089
18,Botija,119353.5108536
18,Huélaga,163198.0560588
18,Cerezo,195292.4104276
18,Descargamaría,200972.9777016
18,Segura de Toro,190441.8470713
18,Toril,190411.2988332
18,Mesas de Ibor,225813.8609409
18,Pescueza,157014.1383217
18,Villa del Rey,116278.4427412
18,Jarilla,182492.8734233
18,Casas de Miravete,180137.5826197
18,Gargüera,177982.3734644
18,Robledillo de Gata,203932.2785799
18,Valdecañas de Tajo,234551.0362589
18,Pedroso de Acim,132273.1386562
18,Berrocalejo,231351.4509982
18,Garvín,232705.7197184
18,Higuera,184474.2577554
18,Benquerencia,114438.7791540
18,Cachorrilla,158877.6847622
18,Campillo de Deleitosa,239432.3602443
18,Ruanes,113797.3689552
19,Badajoz,147486.7964556
19,Mérida,86921.1148768
19,Don Benito,63226.5978463
19,Almendralejo,124462.2232440
19,Villanueva de la Serena,75778.0499621
19,Zafra,149197.2735135
19,Montijo,109509.1641327
19,Villafranca de los Barros,132430.0587374
19,Olivenza,174205.9961485
19,Jerez de los Caballeros,187261.3650115
19,Azuaga,159397.5925728
19,"Santos de Maimona. Los",145864.3958728
19,Guareña,95641.3741331
19,Fuente del Maestre,139108.8204023
19,Castuera,97064.9150044
19,Calamonte,95175.7382057
19,Llerena,166431.8175051
19,Puebla de la Calzada,112184.2690359
19,San Vicente de Alcántara,175835.3501209
19,Alburquerque,136326.6462569
19,Aceuchal,129714.4127598
19,Oliva de la Frontera,204378.4272785
19,Talavera la Real,128288.5368497
19,Cabeza del Buey,127716.3299494
19,Campanario,79079.9993779
19,Fregenal de la Sierra,188511.8946951
19,Quintana de la Serena,110916.2073298
19,Fuente de Cantos,172554.8526737
19,Navalvillar de Pela,84380.2018831
19,Monesterio,186399.2452792
19,Santa Amalia,62082.0844042
19,Santa Marta,133683.5265046
19,Arroyo de San Serván,101208.2898654
19,Valverde de Leganés,161688.8853437
19,Zalamea de la Serena,112154.6695179
19,Hornachos,126006.3145885
19,Barcarrota,165181.3646093
19,Herrera del Duque,144443.2080198
19,Villanueva del Fresno,201418.2496585
19,Talarrubias,113082.2804673
19,"Zarza. La",90679.5722581
19,Ribera del Fresno,129506.9392507
19,Burguillos del Cerro,167704.2797132
19,Orellana la Vieja,82919.3982310
19,Zah¡nos,200012.1467656
19,Puebla de Sancho P‚rez,152780.0781961
19,Solana de los Barros,118496.1199678
19,Valdelacalzada,119721.7145146
19,Lobón,113262.5072914
19,Monterrubio de la Serena,116140.7568359
19,Fuentes de León,198567.1659887
19,"Garrovilla. La",98732.6105512
19,Berlanga,167788.6676130
19,Higuera la Real,215956.4180487
19,Villar del Rey,121846.1116001
19,Granja de Torrehermosa,155433.1143593
19,Medell¡n,75390.0233429
19,Bienvenida,161485.7551086
19,"Codosera. La",156259.4814731
19,Valencia del Ventoso,169763.1204656
19,"Coronada. La",71327.4216484
19,Torremej¡a,104351.3106575
19,Siruela,130952.4179736
19,Higuera de Vargas,186686.7698661
19,Segura de León,192542.5515656
19,Salvaleón,164604.4214309
19,Pueblonuevo del Guadiana,123450.2130903
19,Alange,95137.5497611
19,Puebla de Obando,106762.1760254
19,"Albuera. La",145105.5032073
19,Usagre,153831.0563812
19,Fuenlabrada de los Montes,136193.9926724
19,Alconchel,185529.7131623
19,Oliva de Mérida,95571.8951526
19,Salvatierra de los Barros,157508.5118754
19,Villalba de los Barros,133783.8892077
19,Casas de Don Pedro,96357.4355206
19,Esparragalejo,94277.1879962
19,Montemolín,185264.5800942
19,"Roca de la Sierra. La",107403.7084278
19,Campillo de Llerena,171410.2139849
19,Cabeza la Vaca,203953.3459672
19,Villar de Rena,46687.0946707
19,Trujillanos,80049.4845987
19,Valle de la Serena,100188.8217821
19,"Parra. La",150195.0756887
19,Mirandilla,86068.3700225
19,"Haba. La",70293.3095466
19,Villagonzalo,84835.8900018
19,Feria,149520.4694492
19,Medina de las Torres,159341.6018837
19,Valdetorres,80859.3598574
19,Almendral,151908.0476487
19,Corte de Peleas,130877.7225583
19,Cheles,201690.3666135
19,Puebla de Alcocer,115138.8202961
19,Torre de Miguel Sesmero,148871.8606452
19,Valdecaballeros,169845.7989055
19,Peñalsordo,143789.2326527
19,Valle de Santa Ana,180175.1568847
19,Valverde de Mérida,76426.5565075
19,Castilblanco,160239.1140314
19,Bodonal de la Sierra,187442.8290070
19,"Nava de Santiago. La",88793.8048431
19,Esparragosa de la Serena,108316.6629161
19,Maguilla,165577.7874702
19,Calera de León,195377.9294084
19,Ahillones,174510.7808632
19,Higuera de la Serena,107705.7413514
19,Esparragosa de Lares,118545.5143513
19,Torremayor,103897.9645785
19,Villagarcía de la Torre,165575.0953736
19,Cordobilla de Lácara,76669.4310658
19,Benquerencia de la Serena,102339.7519780
19,Llera,138900.8316832
19,San Pedro de Mérida,71787.3805950
19,Calzadilla de los Barros,161470.2719669
19,Puebla de la Reina,111683.4956675
19,Acedera,71551.0527320
19,Táliga,179273.6884864
19,Valencia del Mombuey,224338.0097524
19,Puebla del Maestre,192165.8228967
19,Manchita,104171.2950398
19,"Morera. La",152422.9213689
19,Fuente del Arco,182377.6195893
19,Don Álvaro,85298.2517711
19,Alconera,159376.6043486
19,Nogales,155102.6878728
19,Helechosa de los Montes,189070.8705794
19,Valverde de Llerena,172019.6655284
19,Palomas,107226.1381371
19,Trasierra,174624.9178856
19,Valencia de las Torres,145443.0835531
19,Garlitos,143672.0880365
19,Rena,49468.7515108
19,Malpartida de la Serena,107561.9141370
19,Peraleda del Zaucejo,137016.5208305
19,Magacela,76877.8051254
19,Entrín Bajo,135106.0500406
19,Villarta de los Montes,219706.6635305
19,Carmonita,66679.7907641
19,Cristina,92951.4525556
19,Hinojosa del Valle,139270.0319680
19,Garbayuela,129827.0887270
19,Puebla del Prior,131843.7862091
19,Retamal de Llerena,122454.0339585
19,Mengabril,69975.4037972
19,Malcocinado,175279.8942803
19,Valle de Matamoros,182025.5871610
19,Zarza-Capilla,138595.8918187
19,Higuera de Llerena,148513.9309057
19,Baterno,144401.1352756
19,Atalaya,164108.4956637
19,Valverde de Burguillos,165385.1865672
19,Orellana de la Sierra,86462.8796320
19,"Lapa. La",160118.7529270
19,Tamurejo,142630.0104838
19,Aljucén,73569.0626821
19,Sancti-Spíritus,132419.2254397
19,Reina,176690.3218377
19,Casas de Reina,173857.8250209
19,Capilla,147142.7189147
19,Risco,134736.2872437
19,"Carrascalejo. El",78252.1238310
19,C ceres,55211.1209297
19,Plasencia,89342.7469983
19,Navalmoral de la Mata,70781.9701031
19,Coria,118802.0157774
19,Miajadas,36617.0224015
19,Trujillo,10958.8891194
19,Talayuela,94355.7322684
19,Moraleja,132790.3093060
19,Arroyo de la Luz,87482.4643417
19,Jara¡z de la Vera,85481.5248209
19,Valencia de Alc ntara,178458.1320596
19,Montehermoso,112987.4800947
19,Casar de Cáceres,65147.8835463
19,Malpartida de Plasencia,82710.8680123
19,Malpartida de Cáceres,79593.1614851
19,Hervás,153290.4877396
19,Torrejoncillo,109133.3713815
19,Jarandilla de la Vera,100872.2917643
19,Alcuéscar,54941.6097979
19,Losar de la Vera,102398.8410187
19,Madroñera,15579.8827194
19,Valverde del Fresno,175568.9719006
19,Garrovillas de Alconétar,93357.9382988
19,Aldeanueva de la Vera,95689.8028863
19,Cabezuela del Valle,118728.5206636
19,Brozas,115633.1419385
19,Villanueva de la Vera,113583.9100463
19,Guadalupe,79158.6968261
19,Logrosán,49647.1653126
19,Sierra de Fuentes,49793.0932866
19,Navaconcejo,115416.9952511
19,Ceclavín,125498.8556228
19,Montánchez,48261.5229123
19,Almoharín,41057.8734658
19,Aliseda,97086.6093514
19,Galisteo,95694.8318263
19,Madrigalejo,48916.7457786
19,Cilleros,164935.3054889
19,Zarza de Granadilla,119795.4490164
19,Madrigal de la Vera,123065.4388239
19,Cañamero,61779.5464381
19,Serradilla,68084.8155158
19,Torreorgaz,54721.6978249
19,Pinofranqueado,140663.0143094
19,Zorita,29319.7451886
19,Gata,146340.0577828
19,Alcántara,124897.9765735
19,Guijo de Galisteo,118911.1322194
19,Piornal,105097.0392112
19,Ahigal,115792.6735260
19,Peraleda de la Mata,83796.2388468
19,Navas del Madro¤o,106330.0140757
19,Nuñomoral,159736.4902517
19,Valdefuentes,41360.9322569
19,Zarza la Mayor,136968.8311612
19,Casatejada,63946.3106357
19,Casar de Palomero,137484.0097398
19,Jerte,124650.4901895
19,Almaraz,55204.0873571
19,Majadas,72905.6920931
19,Cañaveral,90751.2153537
19,Rosalejo,90843.0722404
19,Caminomorisco,138415.6636787
19,Riolobos,93982.9990854
19,Casta¤ar de Ibor,66503.2827242
19,Tornavacas,131731.3493220
19,Torrecillas de la Tiesa,24245.0091863
19,"Pesga. La",137217.6231053
19,Carcaboso,99179.9168704
19,Garganta la Olla,94095.6856636
19,Torremocha,46777.6589444
19,Eljas,176533.0774004
19,Campo Lugar,33045.8621915
19,Al¡a,89299.7671870
19,Arroyomolinos,51642.2778462
19,Monroy,54070.5974242
19,"Torno. El",108844.8173144
19,"Cumbre. La",20891.9975859
19,Hoyos,153976.2918563
19,Mohedas de Granadilla,125452.3788685
19,Perales del Puerto,153640.8922642
19,Talav n,66268.6778737
19,San Martín de Trevejo,174581.4551752
19,Cuacos de Yuste,92049.1829834
19,Tejeda de Tiétar,97764.3902873
19,Acehúche,112079.8039597
19,Escurial,40156.3129787
19,Garciaz,34366.4648052
19,Membrío,150959.5787382
19,Deleitosa,43131.5342835
19,Santibáñez el Bajo,119526.4318244
19,Saucedilla,59786.8295924
19,Aldeanueva del Camino,121269.9317086
19,Albalá,47317.8343366
19,Aldeacentenera,35411.3212040
19,Casas del Monte,116637.3282267
19,Valdeobispo,103994.2196291
19,Holguera,98549.3229661
19,Mirabel,78309.5910037
19,Aldea del Cano,63491.8746788
19,Baños de Montemayor,161430.0685388
19,Navezuelas,69849.1221231
19,Casas de Millán,94718.2547686
19,Salorino,158282.0163099
19,Torrecilla de los Ángeles,134174.0357493
19,Acebo,155874.4598872
19,Santiago de Alcántara,172444.9171587
19,Pasarón de la Vera,93905.0602252
19,Villamiel,166594.3565583
19,Villar del Pedroso,113114.5060274
19,Belvís de Monroy,74733.8747698
19,Casas del Castañar,107620.5213944
19,Torre de Santa María,40009.7089343
19,Guijo de Granadilla,116966.6580616
19,Torremenga,87798.2195268
19,Zarza de Montánchez,29252.5726084
19,Aceituna,121668.0498854
19,Torrejón el Rubio,46942.8246376
19,Torrequemada,51476.6068905
19,Jaraicejo,46088.3584552
19,Valverde de la Vera,110489.8789915
19,Torre de Don Miguel,142402.7304467
19,Pozuelo de Zarzón,122177.3903479
19,Villa del Campo,123304.9559162
19,Plasenzuela,31505.5341990
19,Bohonal de Ibor,83451.4011893
19,Berzocana,55410.0043847
19,Casares de las Hurdes,167477.6019676
19,Hernán-Pérez,134125.0541805
19,Villanueva de la Sierra,129076.9309618
19,Cadalso,138716.6493065
19,Navalvillar de Ibor,73007.4332770
19,Arroyomolinos de la Vera,98550.2676935
19,Cedillo,199425.8065687
19,"Garganta. La",167773.4399279
19,Ibahernando,15488.2319235
19,Calzadilla,128829.4274206
19,Barrado,104143.5956481
19,Casillas de Coria,128623.6923155
19,Villasbuenas de Gata,144724.7771460
19,Valdelacasa de Tajo,104580.3593100
19,Abertura,26259.7325436
19,Palomero,131778.3552912
19,Serrejón,62003.0376571
19,Hinojal,71999.7155182
19,Gargantilla,123439.9408271
19,Santibáñez el Alto,139842.5276500
19,Cabañas del Castillo,63979.6979577
19,Robledillo de Trujillo,24111.0726712
19,Cabezabellosa,112842.1598251
19,Morcillo,118446.5583144
19,Portaje,117392.2314616
19,Guijo de Santa Bárbara,105315.8628196
19,Robledollano,56878.6259297
19,Puerto de Santa Cruz,16293.4216375
19,Herreruela,155371.7747285
19,Valdastillas,110961.5116056
19,Cabrero,109170.6913228
19,Herguijuela,17727.1267690
19,Talaveruela de la Vera,109364.4159938
19,"Granja. La",117257.6804490
19,"Aldea del Obispo. La",22054.6674689
19,Casas de Don Gómez,126137.6714568
19,Aldehuela de Jerte,103368.2168285
19,"Gordo. El",89018.0998191
19,Carrascalejo,118715.3777631
19,Mata de Alcántara,118694.5289651
19,Fresnedoso de Ibor,69914.6106868
19,Abadía,123894.8201501
19,Santa Cruz de Paniagua,126200.2608832
19,Villamesías,25027.0558088
19,Santa Marta de Magasca,34132.4509101
19,Santiago del Campo,73842.6973901
19,Robledillo de la Vera,98217.0746950
19,Salvatierra de Santiago,33908.7521925
19,Santa Ana,29067.7443263
19,Peraleda de San Román,93447.5843629
19,Oliva de Plasencia,100470.5915853
19,Herrera de Alcántara,201127.9397986
19,Santa Cruz de la Sierra,15082.1903412
19,Portezuelo,97968.1947957
19,Alcollarín,34794.9090318
19,Viandar de la Vera,108482.1930910
19,Millanes,69413.5405812
19,Marchagaz,134604.3485780
19,Rebollar,113542.1200825
19,Guijo de Coria,124253.2633957
19,Valdemorales,36046.6228566
19,Villar de Plasencia,105407.7913016
19,Ladrillar,172438.6750556
19,Carbajo,167070.0101848
19,Romangordo,46187.8617588
19,Casas de Don Antonio,68158.0394812
19,Valdehúncar,73420.1614573
19,Conquista de la Sierra,21441.8376080
19,Piedras Albas,134917.2854992
19,Collado,88708.3967290
19,Botija,35884.1353571
19,Huélaga,130086.1880774
19,Cerezo,124890.0881949
19,Descargamaría,147956.9727101
19,Segura de Toro,119984.4004360
19,Toril,74345.4297073
19,Mesas de Ibor,90893.2418620
19,Pescueza,125090.7922518
19,Villa del Rey,122428.9486671
19,Jarilla,112035.4267880
19,Casas de Miravete,45216.9635408
19,Gargüera,97841.6706091
19,Robledillo de Gata,150916.2735884
19,Valdecañas de Tajo,99630.4171799
19,Pedroso de Acim,96976.4448365
19,Berrocalejo,96430.8319193
19,Garvín,97785.1006394
19,Higuera,49553.6386765
19,Benquerencia,51595.3134565
19,Cachorrilla,126954.3386923
19,Campillo de Deleitosa,104511.7411653
19,Ruanes,30155.1703598
20,Badajoz,173995.4596915
20,Mérida,177317.3537746
20,Don Benito,168685.2289808
20,Almendralejo,186811.6204915
20,Villanueva de la Serena,181236.6810966
20,Zafra,211785.1538967
20,Montijo,157807.8501122
20,Villafranca de los Barros,195017.9391206
20,Olivenza,209387.9887754
20,Jerez de los Caballeros,244655.7711711
20,Azuaga,270730.4201144
20,"Santos de Maimona. Los",208452.2762560
20,Guareña,186544.1421757
20,Fuente del Maestre,201696.7007855
20,Castuera,210548.7409208
20,Calamonte,157525.1354531
20,Llerena,252596.6033176
20,Puebla de la Calzada,160482.9550155
20,San Vicente de Alcántara,112350.4808968
20,Alburquerque,132667.9309437
20,Aceuchal,192063.8100072
20,Oliva de la Frontera,254438.1556678
20,Talavera la Real,179748.8316238
20,Cabeza del Buey,241200.1558658
20,Campanario,192563.8252943
20,Fregenal de la Sierra,251099.7750783
20,Quintana de la Serena,224400.0332462
20,Fuente de Cantos,237280.9074516
20,Navalvillar de Pela,198394.6655772
20,Monesterio,248987.1256623
20,Santa Amalia,165285.0898408
20,Santa Marta,196032.9237520
20,Arroyo de San Serván,163557.6871128
20,Valverde de Leganés,196870.8779706
20,Zalamea de la Serena,223487.4970596
20,Hornachos,213882.4797183
20,Barcarrota,219461.4036567
20,Herrera del Duque,258457.6717139
20,Villanueva del Fresno,238482.4529189
20,Talarrubias,227096.7441615
20,"Zarza. La",181075.8111559
20,Ribera del Fresno,203256.3019401
20,Burguillos del Cerro,230292.1600963
20,Orellana la Vieja,196893.4565230
20,Zah¡nos,243654.5692833
20,Puebla de Sancho P‚rez,215367.9585793
20,Solana de los Barros,180845.5172152
20,Valdelacalzada,168020.4004941
20,Lobón,164722.8020655
20,Monterrubio de la Serena,229624.5827523
20,Fuentes de León,261155.0463719
20,"Garrovilla. La",161082.0077986
20,Berlanga,253953.4534255
20,Higuera la Real,270753.7699738
20,Villar del Rey,146251.2394315
20,Granja de Torrehermosa,266765.9419009
20,Medell¡n,180565.5764047
20,Bienvenida,234555.5612304
20,"Codosera. La",132896.5238133
20,Valencia del Ventoso,232351.0008488
20,"Coronada. La",184811.2475647
20,Torremej¡a,166939.1910407
20,Siruela,244966.8816678
20,Higuera de Vargas,229434.7193397
20,Segura de León,255130.4319488
20,Salvaleón,225386.1909242
20,Pueblonuevo del Guadiana,171748.8990698
20,Alange,175837.7764527
20,Puebla de Obando,123880.0089178
20,"Albuera. La",196502.0698199
20,Usagre,226847.2030704
20,Fuenlabrada de los Montes,250208.4563666
20,Alconchel,222593.9164228
20,Oliva de Mérida,185968.1340505
20,Salvatierra de los Barros,219857.9091228
20,Villalba de los Barros,196133.2864551
20,Casas de Don Pedro,210371.8992147
20,Esparragalejo,156626.5852436
20,Montemolín,252171.7284944
20,"Roca de la Sierra. La",132871.1887718
20,Campillo de Llerena,268395.7332898
20,Cabeza la Vaca,266541.2263504
20,Villar de Rena,170959.5938459
20,Trujillanos,154948.6923855
20,Valle de la Serena,205647.4529165
20,"Parra. La",212544.4729361
20,Mirandilla,148999.9991692
20,"Haba. La",175751.9406810
20,Villagonzalo,175232.1288997
20,Feria,211869.8666966
20,Medina de las Torres,221929.4822669
20,Valdetorres,184062.3652941
20,Almendral,208362.7343988
20,Corte de Peleas,193227.1198057
20,Cheles,236872.3592404
20,Puebla de Alcocer,229153.2839902
20,Torre de Miguel Sesmero,210999.7760037
20,Valdecaballeros,283860.2625996
20,Peñalsordo,257273.0585691
20,Valle de Santa Ana,242524.5541322
20,Valverde de Mérida,166822.7954053
20,Castilblanco,274253.5777256
20,Bodonal de la Sierra,250030.7093901
20,"Nava de Santiago. La",150846.0531152
20,Esparragosa de la Serena,221800.4888324
20,Maguilla,251742.5732826
20,Calera de León,257965.8097916
20,Ahillones,260239.5182396
20,Higuera de la Serena,213164.3724859
20,Esparragosa de Lares,232029.3402677
20,Torremayor,163581.0789600
20,Villagarcía de la Torre,238717.5351451
20,Cordobilla de Lácara,139287.9215950
20,Benquerencia de la Serena,215823.5778944
20,Llera,225065.6174957
20,San Pedro de Mérida,162170.8307791
20,Calzadilla de los Barros,224058.1523501
20,Puebla de la Reina,199559.6607973
20,Acedera,185525.1110239
20,Táliga,214487.4590398
20,Valencia del Mombuey,274397.7381417
20,Puebla del Maestre,270187.0263014
20,Manchita,195074.0630824
20,"Morera. La",214772.3186164
20,Fuente del Arco,268542.4054017
20,Don Álvaro,175694.4906689
20,Alconera,221964.4847318
20,Nogales,215884.4573661
20,Helechosa de los Montes,303085.3342735
20,Valverde de Llerena,268098.0331062
20,Palomas,195102.3032669
20,Trasierra,260789.7036981
20,Valencia de las Torres,231607.8693656
20,Garlitos,257686.5517307
20,Rena,168142.7393833
20,Malpartida de la Serena,221045.7400534
20,Peraleda del Zaucejo,248349.3483721
20,Magacela,182336.4362599
20,Entrín Bajo,197455.4472881
20,Villarta de los Montes,333721.1272246
20,Carmonita,129298.2812932
20,Cristina,183854.2205982
20,Hinojosa del Valle,212286.1786573
20,Garbayuela,243841.5524212
20,Puebla del Prior,207624.7151282
20,Retamal de Llerena,227912.6650930
20,Mengabril,175150.9568590
20,Malcocinado,286612.7218219
20,Valle de Matamoros,236281.0371031
20,Zarza-Capilla,252079.7177351
20,Higuera de Llerena,234678.7167181
20,Baterno,258415.5989697
20,Atalaya,226696.3760469
20,Valverde de Burguillos,227973.0669504
20,Orellana de la Sierra,200436.9379240
20,"Lapa. La",222706.6333102
20,Tamurejo,256644.4741780
20,Aljucén,136500.6918287
20,Sancti-Spíritus,246433.6891339
20,Reina,262855.1076501
20,Casas de Reina,260022.6108333
20,Capilla,260626.5448311
20,Risco,248750.7509379
20,"Carrascalejo. El",141183.7529777
20,C ceres,85089.2948303
20,Plasencia,57703.6671200
20,Navalmoral de la Mata,105696.7660511
20,Coria,15686.3134103
20,Miajadas,147811.2796968
20,Trujillo,129258.5869690
20,Talayuela,117571.4801986
20,Moraleja,3086.5879063
20,Arroyo de la Luz,96697.3113794
20,Jara¡z de la Vera,93023.9339939
20,Valencia de Alc ntara,112403.4133002
20,Montehermoso,37163.6850034
20,Casar de Cáceres,76516.3860287
20,Malpartida de Plasencia,58789.2463811
20,Malpartida de Cáceres,91038.2166946
20,Hervás,124076.2882600
20,Torrejoncillo,80220.8474093
20,Jarandilla de la Vera,108683.2718024
20,Alcuéscar,130141.3592854
20,Losar de la Vera,114585.4448433
20,Madroñera,142448.2681840
20,Valverde del Fresno,85787.2382048
20,Garrovillas de Alconétar,68783.4382558
20,Aldeanueva de la Vera,103500.7829244
20,Cabezuela del Valle,89514.3211841
20,Brozas,69022.9891993
20,Villanueva de la Vera,130632.2915020
20,Guadalupe,168004.5676662
20,Logrosán,175056.3751944
20,Sierra de Fuentes,95714.4095750
20,Navaconcejo,86202.7957716
20,Ceclavín,40218.7367314
20,Montánchez,129539.0544305
20,Almoharín,133790.8724153
20,Aliseda,108531.6645609
20,Galisteo,39480.7143129
20,Madrigalejo,175785.1312433
20,Cilleros,75153.5717931
20,Zarza de Granadilla,74089.5343739
20,Madrigal de la Vera,140113.8202795
20,Cañamero,167819.3995542
20,Serradilla,76927.0802206
20,Torreorgaz,100420.8033228
20,Pinofranqueado,54128.0757597
20,Zorita,156188.1306533
20,Gata,56558.3240869
20,Alcántara,52585.3158162
20,Guijo de Galisteo,30952.0549597
20,Piornal,88773.8550654
20,Ahigal,61955.0460144
20,Peraleda de la Mata,118711.0347948
20,Navas del Madro¤o,80324.0748225
20,Nuñomoral,79960.1513306
20,Valdefuentes,118120.3627027
20,Zarza la Mayor,28458.5412010
20,Casatejada,93199.7907118
20,Casar de Palomero,62116.2448149
20,Jerte,95436.2907100
20,Almaraz,100335.2298808
20,Majadas,87107.2778015
20,Cañaveral,51365.1475978
20,Rosalejo,125757.8681885
20,Caminomorisco,58639.3247576
20,Riolobos,65070.4751132
20,Casta¤ar de Ibor,139592.9901854
20,Tornavacas,102517.1498424
20,Torrecillas de la Tiesa,141546.6265284
20,"Pesga. La",73042.7910028
20,Carcaboso,50762.1587181
20,Garganta la Olla,101906.6657017
20,Torremocha,108741.5310729
20,Eljas,86751.3437046
20,Campo Lugar,162635.1497869
20,Al¡a,182034.4223108
20,Arroyomolinos,135459.8426431
20,Monroy,80702.0135137
20,"Torno. El",79630.6178348
20,"Cumbre. La",123747.5480073
20,Hoyos,64194.5581605
20,Mohedas de Granadilla,61277.5467660
20,Perales del Puerto,63859.1585683
20,Talav n,69982.2197240
20,San Martín de Trevejo,84799.7214793
20,Cuacos de Yuste,99860.1630215
20,Tejeda de Tiétar,85656.3749464
20,Acehúche,50332.3992545
20,Escurial,169745.6005741
20,Garciaz,161234.8502699
20,Membrío,84904.8599788
20,Deleitosa,123438.7840804
20,Santibáñez el Bajo,65688.8043129
20,Saucedilla,96148.9764104
20,Aldeanueva del Camino,84726.6994529
20,Albalá,128595.3658548
20,Aldeacentenera,162279.7066687
20,Casas del Monte,82940.1991690
20,Valdeobispo,54993.8323144
20,Holguera,69636.7989939
20,Mirabel,65932.4014567
20,Aldea del Cano,105738.3297633
20,Baños de Montemayor,132215.8690593
20,Navezuelas,150156.3719201
20,Casas de Millán,59923.9912029
20,Salorino,92227.2975505
20,Torrecilla de los Ángeles,44392.3020534
20,Acebo,66092.7261913
20,Santiago de Alcántara,106390.1983993
20,Pasarón de la Vera,99935.4808618
20,Villamiel,76812.6228624
20,Villar del Pedroso,148052.1938578
20,Belvís de Monroy,109671.5626002
20,Casas del Castañar,78406.3219148
20,Torre de Santa María,121287.2404525
20,Guijo de Granadilla,63129.0305501
20,Torremenga,90565.6866186
20,Zarza de Montánchez,130068.0523730
20,Aceituna,42664.0783973
20,Torrejón el Rubio,86428.9339931
20,Torrequemada,103478.5266516
20,Jaraicejo,110328.8155462
20,Valverde de la Vera,127538.2604472
20,Torre de Don Miguel,52620.9967508
20,Pozuelo de Zarzón,32417.1620783
20,Villa del Campo,31408.9522077
20,Plasenzuela,121581.9853735
20,Bohonal de Ibor,118389.0890197
20,Berzocana,157973.2774820
20,Casares de las Hurdes,87701.2630465
20,Hernán-Pérez,44343.3204847
20,Villanueva de la Sierra,39295.1972659
20,Cadalso,48934.9156106
20,Navalvillar de Ibor,146704.5995626
20,Arroyomolinos de la Vera,80301.4372219
20,Cedillo,133371.0878094
20,"Garganta. La",138559.2404483
20,Ibahernando,143454.2537996
20,Calzadilla,17996.3878518
20,Barrado,80232.4941616
20,Casillas de Coria,26699.4880823
20,Villasbuenas de Gata,54943.0434501
20,Valdelacasa de Tajo,139518.0471404
20,Abertura,155849.0201391
20,Palomero,52562.1649977
20,Serrejón,88415.8559150
20,Hinojal,63300.7234563
20,Gargantilla,86896.7085714
20,Santibáñez el Alto,50060.7939542
20,Cabañas del Castillo,144286.9477546
20,Robledillo de Trujillo,134932.2028009
20,Cabezabellosa,79448.6521614
20,Morcillo,28676.1694564
20,Portaje,27713.9022610
20,Guijo de Santa Bárbara,113126.8428577
20,Robledollano,137185.8757266
20,Puerto de Santa Cruz,145680.6257894
20,Herreruela,103757.0291860
20,Valdastillas,81747.3121261
20,Cabrero,79956.4918432
20,Herguijuela,144595.5122337
20,Talaveruela de la Vera,126412.7974494
20,"Granja. La",79432.1381633
20,"Aldea del Obispo. La",114035.4924484
20,Casas de Don Gómez,11157.0212854
20,Aldehuela de Jerte,55224.2944267
20,"Gordo. El",123932.8957671
20,Carrascalejo,154142.0646128
20,Mata de Alcántara,59461.9608438
20,Fresnedoso de Ibor,131534.3530791
20,Abadía,83945.8890679
20,Santa Cruz de Paniagua,43023.5505078
20,Villamesías,154616.3434042
20,Santa Marta de Magasca,111250.2087351
20,Santiago del Campo,70087.6076603
20,Robledillo de la Vera,117791.6455314
20,Salvatierra de Santiago,128432.7826139
20,Santa Ana,132967.0157196
20,Peraleda de San Román,128385.2721932
20,Oliva de Plasencia,66718.3381250
20,Herrera de Alcántara,135073.2210392
20,Santa Cruz de la Sierra,144679.1981748
20,Portezuelo,36901.6951895
20,Alcollarín,161663.2944965
20,Viandar de la Vera,125530.5745467
20,Millanes,104351.2284116
20,Marchagaz,55812.5396364
20,Rebollar,84327.9206030
20,Guijo de Coria,25402.1368110
20,Valdemorales,128779.6218060
20,Villar de Plasencia,72014.2836380
20,Ladrillar,92662.3361345
20,Carbajo,101015.2914254
20,Romangordo,107791.8048735
20,Casas de Don Antonio,135336.8129120
20,Valdehúncar,108357.8492876
20,Conquista de la Sierra,148310.2230727
20,Piedras Albas,42276.1809646
20,Collado,96519.3767671
20,Botija,119494.9684825
20,Huélaga,9549.1756402
20,Cerezo,55287.1518739
20,Descargamaría,58175.2390142
20,Segura de Toro,86287.2713783
20,Toril,86602.2203275
20,Mesas de Ibor,125830.9296923
20,Pescueza,35412.4630512
20,Villa del Rey,64419.4755412
20,Jarilla,78338.2977303
20,Casas de Miravete,110838.0355666
20,Gargüera,73930.5691226
20,Robledillo de Gata,61134.5398925
20,Valdecañas de Tajo,134568.1050103
20,Pedroso de Acim,61828.6474668
20,Berrocalejo,131345.6278673
20,Garvín,132722.7884698
20,Higuera,110180.8476334
20,Benquerencia,117945.9351643
20,Cachorrilla,37276.0094917
20,Campillo de Deleitosa,139449.4289957
20,Ruanes,129837.7976356
21,Badajoz,224550.4843465
21,Mérida,227872.3784297
21,Don Benito,214597.5721297
21,Almendralejo,237366.6451465
21,Villanueva de la Serena,227149.0242455
21,Zafra,262340.1785517
21,Montijo,208362.8747672
21,Villafranca de los Barros,245572.9637756
21,Olivenza,259943.0134304
21,Jerez de los Caballeros,295210.7958262
21,Azuaga,310768.5668561
21,"Santos de Maimona. Los",259007.3009110
21,Guareña,237099.1668307
21,Fuente del Maestre,252251.7254406
21,Castuera,248435.8892878
21,Calamonte,208080.1601082
21,Llerena,303151.6279726
21,Puebla de la Calzada,211037.9796705
21,San Vicente de Alcántara,183459.7866960
21,Alburquerque,198326.7261214
21,Aceuchal,242618.8346623
21,Oliva de la Frontera,304993.1803229
21,Talavera la Real,230303.8562789
21,Cabeza del Buey,279087.3042328
21,Campanario,230450.9736613
21,Fregenal de la Sierra,301654.7997333
21,Quintana de la Serena,262287.1816131
21,Fuente de Cantos,287835.9321067
21,Navalvillar de Pela,229443.6041362
21,Monesterio,299542.1503174
21,Santa Amalia,213250.9752440
21,Santa Marta,246587.9484071
21,Arroyo de San Serván,214112.7117679
21,Valverde de Leganés,247425.9026257
21,Zalamea de la Serena,263525.6438013
21,Hornachos,264437.5043733
21,Barcarrota,270016.4283117
21,Herrera del Duque,289506.6102729
21,Villanueva del Fresno,289037.4775740
21,Talarrubias,258145.6827205
21,"Zarza. La",231630.8358110
21,Ribera del Fresno,253811.3265951
21,Burguillos del Cerro,280847.1847514
21,Orellana la Vieja,234290.3725144
21,Zah¡nos,294209.5939383
21,Puebla de Sancho P‚rez,265922.9832343
21,Solana de los Barros,231400.5418703
21,Valdelacalzada,218575.4251491
21,Lobón,215277.8267206
21,Monterrubio de la Serena,267511.7311192
21,Fuentes de León,311710.0710270
21,"Garrovilla. La",211637.0324537
21,Berlanga,304508.4780805
21,Higuera la Real,321308.7946289
21,Villar del Rey,196806.2640865
21,Granja de Torrehermosa,306804.0886427
21,Medell¡n,226760.9976262
21,Bienvenida,285110.5858855
21,"Codosera. La",204005.8296124
21,Valencia del Ventoso,282906.0255038
21,"Coronada. La",222698.3959317
21,Torremej¡a,217494.2156958
21,Siruela,276015.8202267
21,Higuera de Vargas,279989.7439947
21,Segura de León,305685.4566039
21,Salvaleón,275941.2155792
21,Pueblonuevo del Guadiana,222303.9237248
21,Alange,226392.8011078
21,Puebla de Obando,174435.0335728
21,"Albuera. La",247057.0944749
21,Usagre,277402.2277255
21,Fuenlabrada de los Montes,281257.3949256
21,Alconchel,273148.9410778
21,Oliva de Mérida,236523.1587055
21,Salvatierra de los Barros,270412.9337779
21,Villalba de los Barros,246688.3111102
21,Casas de Don Pedro,241420.8377737
21,Esparragalejo,207181.6098987
21,Montemolín,302726.7531495
21,"Roca de la Sierra. La",183426.2134268
21,Campillo de Llerena,318950.7579448
21,Cabeza la Vaca,317096.2510054
21,Villar de Rena,198058.0689540
21,Trujillanos,205503.7170405
21,Valle de la Serena,251559.7960654
21,"Parra. La",263099.4975912
21,Mirandilla,199555.0238242
21,"Haba. La",221664.2838299
21,Villagonzalo,225787.1535548
21,Feria,262424.8913517
21,Medina de las Torres,272484.5069220
21,Valdetorres,232028.2506972
21,Almendral,258917.7590539
21,Corte de Peleas,243782.1444608
21,Cheles,287427.3838954
21,Puebla de Alcocer,260202.2225492
21,Torre de Miguel Sesmero,261554.8006587
21,Valdecaballeros,314909.2011586
21,Peñalsordo,294623.3013979
21,Valle de Santa Ana,293079.5787872
21,Valverde de Mérida,217377.8200604
21,Castilblanco,305302.5162845
21,Bodonal de la Sierra,300585.7340452
21,"Nava de Santiago. La",201401.0777703
21,Esparragosa de la Serena,259687.6371994
21,Maguilla,302297.5979377
21,Calera de León,308520.8344467
21,Ahillones,310794.5428946
21,Higuera de la Serena,259076.7156348
21,Esparragosa de Lares,264450.6489071
21,Torremayor,214136.1036151
21,Villagarcía de la Torre,289272.5598002
21,Cordobilla de Lácara,189842.9462500
21,Benquerencia de la Serena,253710.7262614
21,Llera,275620.6421507
21,San Pedro de Mérida,212725.8554341
21,Calzadilla de los Barros,274613.1770051
21,Puebla de la Reina,250114.6854524
21,Acedera,222922.0270153
21,Táliga,265042.4836949
21,Valencia del Mombuey,324952.7627967
21,Puebla del Maestre,320742.0509564
21,Manchita,245629.0877375
21,"Morera. La",265327.3432714
21,Fuente del Arco,319097.4300568
21,Don Álvaro,226249.5153240
21,Alconera,272519.5093868
21,Nogales,266439.4820211
21,Helechosa de los Montes,334134.2728325
21,Valverde de Llerena,318653.0577612
21,Palomas,245657.3279219
21,Trasierra,311344.7283531
21,Valencia de las Torres,282162.8940206
21,Garlitos,288735.4902896
21,Rena,200839.7257942
21,Malpartida de la Serena,258932.8884204
21,Peraleda del Zaucejo,288387.4951138
21,Magacela,228248.7794088
21,Entrín Bajo,248010.4719431
21,Villarta de los Montes,364770.0657836
21,Carmonita,179853.3059483
21,Cristina,234409.2452533
21,Hinojosa del Valle,262841.2033123
21,Garbayuela,274890.4909802
21,Puebla del Prior,258179.7397833
21,Retamal de Llerena,273825.0082419
21,Mengabril,221346.3780805
21,Malcocinado,326650.8685636
21,Valle de Matamoros,286836.0617582
21,Zarza-Capilla,289429.9605639
21,Higuera de Llerena,285233.7413732
21,Baterno,289464.5375287
21,Atalaya,277251.4007019
21,Valverde de Burguillos,278528.0916054
21,Orellana de la Sierra,237833.8539154
21,"Lapa. La",273261.6579653
21,Tamurejo,287693.4127370
21,Aljucén,187055.7164838
21,Sancti-Spíritus,277482.6276928
21,Reina,313410.1323052
21,Casas de Reina,310577.6354884
21,Capilla,297976.7876599
21,Risco,279799.6894968
21,"Carrascalejo. El",191738.7776327
21,C ceres,135644.3194854
21,Plasencia,66939.5063107
21,Navalmoral de la Mata,126269.9306511
21,Coria,66241.3380654
21,Miajadas,187976.6608490
21,Trujillo,151356.9488312
21,Talayuela,130121.7559473
21,Moraleja,73659.4632551
21,Arroyo de la Luz,149482.5442062
21,Jara¡z de la Vera,105574.2097425
21,Valencia de Alc ntara,183512.7190994
21,Montehermoso,51604.6067962
21,Casar de Cáceres,127071.4106837
21,Malpartida de Plasencia,77748.6214744
21,Malpartida de Cáceres,141593.2413496
21,Hervás,134177.5582208
21,Torrejoncillo,103366.3378637
21,Jarandilla de la Vera,121233.5475510
21,Alcuéscar,180696.3839405
21,Losar de la Vera,127135.7205919
21,Madroñera,163093.7610543
21,Valverde del Fresno,83463.5338973
21,Garrovillas de Alconétar,119338.4629109
21,Aldeanueva de la Vera,116051.0586731
21,Cabezuela del Valle,99615.5911448
21,Brozas,140132.2949985
21,Villanueva de la Vera,143182.5672506
21,Guadalupe,188577.7322663
21,Logrosán,195473.0837529
21,Sierra de Fuentes,146269.4342300
21,Navaconcejo,96304.0657323
21,Ceclavín,100564.4908512
21,Montánchez,180094.0790856
21,Almoharín,184345.8970703
21,Aliseda,159086.6892159
21,Galisteo,82820.1405953
21,Madrigalejo,196430.6241135
21,Cilleros,72829.8674857
21,Zarza de Granadilla,48044.9416481
21,Madrigal de la Vera,152664.0960282
21,Cañamero,188236.1081127
21,Serradilla,100082.5690626
21,Torreorgaz,150975.8279779
21,Pinofranqueado,20361.2673221
21,Zorita,176833.6235235
21,Gata,54234.6197795
21,Alcántara,123694.6216153
21,Guijo de Galisteo,52121.3611930
21,Piornal,98875.1250261
21,Ahigal,39213.3029576
21,Peraleda de la Mata,139284.1993949
21,Navas del Madro¤o,132310.5386879
21,Nuñomoral,5951.5073701
21,Valdefuentes,168675.3873578
21,Zarza la Mayor,99567.8470001
21,Casatejada,113790.3236842
21,Casar de Palomero,22899.2230148
21,Jerte,105537.5606707
21,Almaraz,120925.7628532
21,Majadas,107680.4424016
21,Cañaveral,101920.1722528
21,Rosalejo,146331.0327885
21,Caminomorisco,15534.8482536
21,Riolobos,88215.9655676
21,Casta¤ar de Ibor,160166.1547855
21,Tornavacas,112618.4198031
21,Torrecillas de la Tiesa,162192.1193986
21,"Pesga. La",41774.0853916
21,Carcaboso,65203.0805109
21,Garganta la Olla,114456.9414503
21,Torremocha,159296.5557279
21,Eljas,84427.6393971
21,Campo Lugar,184416.8364748
21,Al¡a,202607.5869109
21,Arroyomolinos,186014.8672981
21,Monroy,130735.3335084
21,"Torno. El",89731.8877956
21,"Cumbre. La",158226.1185884
21,Hoyos,61870.8538530
21,Mohedas de Granadilla,30008.8411548
21,Perales del Puerto,61535.4542609
21,Talav n,120537.2443790
21,San Martín de Trevejo,82476.0171719
21,Cuacos de Yuste,112410.4387702
21,Tejeda de Tiétar,98206.6506950
21,Acehúche,100887.4239095
21,Escurial,191527.2872621
21,Garciaz,181880.3431401
21,Membrío,156014.1657780
21,Deleitosa,143855.4926390
21,Santibáñez el Bajo,42947.0612561
21,Saucedilla,116739.5093828
21,Aldeanueva del Camino,58682.1067271
21,Albalá,179150.3905099
21,Aldeacentenera,182925.1995389
21,Casas del Monte,57120.4948848
21,Valdeobispo,69434.7541073
21,Holguera,92782.2894483
21,Mirabel,89087.8902988
21,Aldea del Cano,156293.3544184
21,Baños de Montemayor,142317.1390200
21,Navezuelas,170573.0804786
21,Casas de Millán,103594.8336861
21,Salorino,163336.6033497
21,Torrecilla de los Ángeles,30508.2947372
21,Acebo,63769.0218839
21,Santiago de Alcántara,177499.5041985
21,Pasarón de la Vera,111654.3663760
21,Villamiel,74488.9185550
21,Villar del Pedroso,168625.3584578
21,Belvís de Monroy,130244.7272003
21,Casas del Castañar,88507.5918756
21,Torre de Santa María,171842.2651076
21,Guijo de Granadilla,37944.5970450
21,Torremenga,103115.9623672
21,Zarza de Montánchez,180179.9721775
21,Aceituna,57105.0001902
21,Torrejón el Rubio,107074.4268633
21,Torrequemada,154033.5513066
21,Jaraicejo,130974.3084164
21,Valverde de la Vera,140088.5361958
21,Torre de Don Miguel,50297.2924434
21,Pozuelo de Zarzón,42503.6832344
21,Villa del Campo,43660.8514429
21,Plasenzuela,167754.2201224
21,Bohonal de Ibor,138962.2536197
21,Berzocana,178389.9860406
21,Casares de las Hurdes,13692.6190860
21,Hernán-Pérez,36338.7074185
21,Villanueva de la Sierra,35822.9918626
21,Cadalso,46567.4064660
21,Navalvillar de Ibor,167277.7641627
21,Arroyomolinos de la Vera,92851.7129705
21,Cedillo,204480.3936085
21,"Garganta. La",148660.5104090
21,Ibahernando,166523.8562406
21,Calzadilla,56752.6034390
21,Barrado,92747.5666088
21,Casillas de Coria,77254.5127373
21,Villasbuenas de Gata,52619.3391427
21,Valdelacasa de Tajo,160091.2117404
21,Abertura,177630.7068270
21,Palomero,32972.8149261
21,Serrejón,108832.5644735
21,Hinojal,113855.7481113
21,Gargantilla,60852.1158456
21,Santibáñez el Alto,47737.0896468
21,Cabañas del Castillo,164703.6563132
21,Robledillo de Trujillo,175146.6969883
21,Cabezabellosa,63398.2097873
21,Morcillo,59439.1572617
21,Portaje,78268.9269160
21,Guijo de Santa Bárbara,125677.1186063
21,Robledollano,157602.5842852
21,Puerto de Santa Cruz,167462.3124773
21,Herreruela,174866.3349852
21,Valdastillas,91848.5820868
21,Cabrero,90057.7618040
21,Herguijuela,165241.0051039
21,Talaveruela de la Vera,138963.0731980
21,"Granja. La",53387.5454374
21,"Aldea del Obispo. La",134680.9853187
21,Casas de Don Gómez,66749.9195767
21,Aldehuela de Jerte,69665.2162196
21,"Gordo. El",144506.0603671
21,Carrascalejo,174715.2292129
21,Mata de Alcántara,130571.2666430
21,Fresnedoso de Ibor,152107.5176792
21,Abadía,57901.2963421
21,Santa Cruz de Paniagua,42384.3983288
21,Villamesías,176398.0300922
21,Santa Marta de Magasca,161283.5287298
21,Santiago del Campo,120642.6323153
21,Robledillo de la Vera,130341.9212801
21,Salvatierra de Santiago,171593.4266334
21,Santa Ana,170969.0628846
21,Peraleda de San Román,148958.4367933
21,Oliva de Plasencia,53878.0405676
21,Herrera de Alcántara,206182.5268383
21,Santa Cruz de la Sierra,166456.9120626
21,Portezuelo,87456.7198445
21,Alcollarín,182308.7873667
21,Viandar de la Vera,138080.8502953
21,Millanes,124924.3930116
21,Marchagaz,29701.6617873
21,Rebollar,94429.1905637
21,Guijo de Coria,48912.4514927
21,Valdemorales,179334.6464611
21,Villar de Plasencia,55963.8412638
21,Ladrillar,22262.2530819
21,Carbajo,172124.5972245
21,Romangordo,128208.5134320
21,Casas de Don Antonio,185891.8375670
21,Valdehúncar,128931.0138877
21,Conquista de la Sierra,168955.7159429
21,Piedras Albas,113385.4867638
21,Collado,109069.6525158
21,Botija,170049.9931376
21,Huélaga,70955.3420265
21,Cerezo,34670.6633666
21,Descargamaría,55807.7298696
21,Segura de Toro,60467.5670940
21,Toril,107218.5622708
21,Mesas de Ibor,146404.0942924
21,Pescueza,85967.4877062
21,Villa del Rey,135528.7813403
21,Jarilla,58076.5942729
21,Casas de Miravete,131254.7441251
21,Gargüera,86445.6415698
21,Robledillo de Gata,58767.0307480
21,Valdecañas de Tajo,155141.2696104
21,Pedroso de Acim,105215.3972876
21,Berrocalejo,151918.7924674
21,Garvín,153295.9530699
21,Higuera,130597.5561919
21,Benquerencia,168500.9598194
21,Cachorrilla,87831.0341468
21,Campillo de Deleitosa,160022.5935958
21,Ruanes,167839.8448007
22,Badajoz,206404.2452081
22,Mérida,208309.8476195
22,Don Benito,184633.0838075
22,Almendralejo,219172.7412552
22,Villanueva de la Serena,197184.5359232
22,Zafra,244146.2746604
22,Montijo,190216.6356288
22,Villafranca de los Barros,227379.0598843
22,Olivenza,241796.7742920
22,Jerez de los Caballeros,277064.5566878
22,Azuaga,280804.0785339
22,"Santos de Maimona. Los",240813.3970197
22,Guareña,217047.8600942
22,Fuente del Maestre,234057.8215492
22,Castuera,218471.4009656
22,Calamonte,189886.2562168
22,Llerena,284957.7240813
22,Puebla de la Calzada,192891.7405321
22,San Vicente de Alcántara,192857.0166943
22,Alburquerque,180180.4869830
22,Aceuchal,224424.9307709
22,Oliva de la Frontera,286846.9411845
22,Talavera la Real,212157.6171405
22,Cabeza del Buey,249122.8159106
22,Campanario,200486.4853390
22,Fregenal de la Sierra,283460.8958420
22,Quintana de la Serena,232322.6932909
22,Fuente de Cantos,269642.0282153
22,Navalvillar de Pela,193541.3651036
22,Monesterio,281348.2464261
22,Santa Amalia,183286.4869218
22,Santa Marta,228394.0445157
22,Arroyo de San Serván,195918.8078765
22,Valverde de Leganés,229279.6634872
22,Zalamea de la Serena,233561.1554791
22,Hornachos,246243.6004820
22,Barcarrota,251870.1891733
22,Herrera del Duque,253604.3712403
22,Villanueva del Fresno,270891.2384356
22,Talarrubias,222243.4436878
22,"Zarza. La",212068.3050008
22,Ribera del Fresno,235617.4227038
22,Burguillos del Cerro,262653.2808600
22,Orellana la Vieja,204325.8841922
22,Zah¡nos,276063.3547999
22,Puebla de Sancho P‚rez,247729.0793430
22,Solana de los Barros,213206.6379789
22,Valdelacalzada,200429.1860107
22,Lobón,197131.5875822
22,Monterrubio de la Serena,237547.2427970
22,Fuentes de León,293516.1671356
22,"Garrovilla. La",193443.1285623
22,Berlanga,286314.5741892
22,Higuera la Real,303162.5554905
22,Villar del Rey,178660.0249481
22,Granja de Torrehermosa,276839.6003205
22,Medell¡n,196796.5093040
22,Bienvenida,266916.6819941
22,"Codosera. La",201438.0748772
22,Valencia del Ventoso,264712.1216125
22,"Coronada. La",192733.9076095
22,Torremej¡a,199300.3118044
22,Siruela,240113.5811941
22,Higuera de Vargas,261843.5048563
22,Segura de León,287491.5527125
22,Salvaleón,257794.9764408
22,Pueblonuevo del Guadiana,204157.6845864
22,Alange,208198.8972164
22,Puebla de Obando,156288.7944344
22,"Albuera. La",228910.8553365
22,Usagre,259208.3238341
22,Fuenlabrada de los Montes,245355.1558929
22,Alconchel,255002.7019394
22,Oliva de Mérida,216960.6278954
22,Salvatierra de los Barros,252219.0298865
22,Villalba de los Barros,228494.4072188
22,Casas de Don Pedro,205518.5987411
22,Esparragalejo,188987.7060074
22,Montemolín,284532.8492581
22,"Roca de la Sierra. La",165279.9742884
22,Campillo de Llerena,292816.6999461
22,Cabeza la Vaca,298902.3471141
22,Villar de Rena,168093.5806318
22,Trujillanos,187309.8131492
22,Valle de la Serena,221595.3077432
22,"Parra. La",244905.5936998
22,Mirandilla,181361.1199329
22,"Haba. La",191699.7955077
22,Villagonzalo,206224.6227446
22,Feria,244230.9874603
22,Medina de las Torres,254290.6030306
22,Valdetorres,202063.7623750
22,Almendral,240771.5199154
22,Corte de Peleas,225588.2405694
22,Cheles,269281.1447570
22,Puebla de Alcocer,224299.9835166
22,Torre de Miguel Sesmero,243408.5615203
22,Valdecaballeros,279006.9621260
22,Peñalsordo,258721.0623653
22,Valle de Santa Ana,274885.6748959
22,Valverde de Mérida,197815.2892502
22,Castilblanco,269400.2772519
22,Bodonal de la Sierra,282391.8301538
22,"Nava de Santiago. La",183254.8386319
22,Esparragosa de la Serena,229723.1488772
22,Maguilla,284103.6940463
22,Calera de León,290326.9305553
22,Ahillones,292600.6390033
22,Higuera de la Serena,229112.2273126
22,Esparragosa de Lares,228548.4098745
22,Torremayor,195989.8644766
22,Villagarcía de la Torre,271078.6559088
22,Cordobilla de Lácara,171649.0423587
22,Benquerencia de la Serena,223746.2379392
22,Llera,257426.7382594
22,San Pedro de Mérida,193176.1133377
22,Calzadilla de los Barros,256419.2731138
22,Puebla de la Reina,231920.7815610
22,Acedera,192957.5386931
22,Táliga,246896.2445565
22,Valencia del Mombuey,306806.5236583
22,Puebla del Maestre,302548.1470651
22,Manchita,225577.7810009
22,"Morera. La",247133.4393801
22,Fuente del Arco,300903.5261654
22,Don Álvaro,206686.9845138
22,Alconera,254325.6054955
22,Nogales,248293.2428827
22,Helechosa de los Montes,298232.0337999
22,Valverde de Llerena,293426.1514895
22,Palomas,227463.4240306
22,Trasierra,293150.8244618
22,Valencia de las Torres,263968.9901293
22,Garlitos,252833.2512570
22,Rena,170875.2374720
22,Malpartida de la Serena,228968.4000982
22,Peraleda del Zaucejo,258423.0067916
22,Magacela,198284.2910866
22,Entrín Bajo,229816.5680518
22,Villarta de los Montes,328867.8267510
22,Carmonita,161659.4020569
22,Cristina,214357.9385167
22,Hinojosa del Valle,244647.2994210
22,Garbayuela,238988.2519475
22,Puebla del Prior,239985.8358920
22,Retamal de Llerena,243860.5199197
22,Mengabril,191381.8897583
22,Malcocinado,296686.3802414
22,Valle de Matamoros,268689.8226198
22,Zarza-Capilla,253527.7215313
22,Higuera de Llerena,267039.8374818
22,Baterno,253562.2984961
22,Atalaya,259057.4968106
22,Valverde de Burguillos,260334.1877141
22,Orellana de la Sierra,202629.9989978
22,"Lapa. La",255067.7540739
22,Tamurejo,251791.1737043
22,Aljucén,168861.8125925
22,Sancti-Spíritus,241580.3886602
22,Reina,295216.2284138
22,Casas de Reina,292383.7315970
22,Capilla,262074.5486273
22,Risco,243897.4504642
22,"Carrascalejo. El",173544.8737414
22,C ceres,114221.4581017
22,Plasencia,38122.5659431
22,Navalmoral de la Mata,84763.7526339
22,Coria,81926.5533132
22,Miajadas,158012.1725268
22,Trujillo,121392.4605090
22,Talayuela,73994.5128808
22,Moraleja,94257.1143745
22,Arroyo de la Luz,131336.3050677
22,Jara¡z de la Vera,49446.9666760
22,Valencia de Alc ntara,192909.9490977
22,Montehermoso,64029.4909973
22,Casar de Cáceres,105648.5493000
22,Malpartida de Plasencia,46264.3302302
22,Malpartida de Cáceres,123447.0022112
22,Hervás,30217.2119261
22,Torrejoncillo,77825.6340829
22,Jarandilla de la Vera,64983.1412919
22,Alcuéscar,162502.4800491
22,Losar de la Vera,70885.3143328
22,Madroñera,133129.2727321
22,Valverde del Fresno,126610.9828033
22,Garrovillas de Alconétar,105607.7375994
22,Aldeanueva de la Vera,59800.6524139
22,Cabezuela del Valle,5506.0993214
22,Brozas,130084.9589766
22,Villanueva de la Vera,86932.1609914
22,Guadalupe,147071.5542490
22,Logrosán,159570.8447203
22,Sierra de Fuentes,124846.5728463
22,Navaconcejo,8544.2702455
22,Ceclavín,116249.7060991
22,Montánchez,159007.4031850
22,Almoharín,160805.0037592
22,Aliseda,140940.4500775
22,Galisteo,57393.7062539
22,Madrigalejo,166466.1357913
22,Cilleros,115977.3163916
22,Zarza de Granadilla,70718.0311754
22,Madrigal de la Vera,96413.6897690
22,Cañamero,152333.8690801
22,Serradilla,74271.8191905
22,Torreorgaz,132706.8297184
22,Pinofranqueado,91585.5964684
22,Zorita,146869.1352013
22,Gata,97382.0686854
22,Alcántara,137147.7758742
22,Guijo de Galisteo,69953.1431220
22,Piornal,29932.8667584
22,Ahigal,66715.2556849
22,Peraleda de la Mata,97778.0213776
22,Navas del Madro¤o,118579.8133764
22,Nuñomoral,110659.0724107
22,Valdefuentes,150406.3890983
22,Zarza la Mayor,120034.6222620
22,Casatejada,72475.6335245
22,Casar de Palomero,88406.5918988
22,Jerte,5612.6818648
22,Almaraz,79611.0726935
22,Majadas,72072.8501902
22,Cañaveral,76995.1187511
22,Rosalejo,104824.8547713
22,Caminomorisco,89338.2458377
22,Riolobos,62675.2617868
22,Casta¤ar de Ibor,118659.9767683
22,Tornavacas,12693.5409973
22,Torrecillas de la Tiesa,127372.7296100
22,"Pesga. La",88140.2052643
22,Carcaboso,50221.9277730
22,Garganta la Olla,48305.4433487
22,Torremocha,141027.5574684
22,Eljas,127575.0883030
22,Campo Lugar,154452.3481526
22,Al¡a,161101.4088937
22,Arroyomolinos,164928.1913975
22,Monroy,104162.1976508
22,"Torno. El",27644.0311796
22,"Cumbre. La",128261.6302662
22,Hoyos,105018.3027589
22,Mohedas de Granadilla,76374.9610275
22,Perales del Puerto,104682.9031668
22,Talav n,99077.7940571
22,San Martín de Trevejo,125623.4660778
22,Cuacos de Yuste,56160.0325110
22,Tejeda de Tiétar,46845.3538627
22,Acehúche,106020.2391562
22,Escurial,161562.7989399
22,Garciaz,151915.8548179
22,Membrío,165411.3957763
22,Deleitosa,107953.2536063
22,Santibáñez el Bajo,70449.0139834
22,Saucedilla,75424.8192231
22,Aldeanueva del Camino,72192.5138675
22,Albalá,158063.7146093
22,Aldeacentenera,152960.7112167
22,Casas del Monte,67559.9103857
22,Valdeobispo,55036.2305317
22,Holguera,67241.5856675
22,Mirabel,63277.1404266
22,Aldea del Cano,138099.4505270
22,Baños de Montemayor,38356.7927253
22,Navezuelas,134670.8414460
22,Casas de Millán,78067.6720813
22,Salorino,172733.8333480
22,Torrecilla de los Ángeles,85216.0466519
22,Acebo,106916.4707898
22,Santiago de Alcántara,186896.7341968
22,Pasarón de la Vera,42712.1081083
22,Villamiel,117636.3674609
22,Villar del Pedroso,127119.1804406
22,Belvís de Monroy,88738.5491830
22,Casas del Castañar,28285.9096658
22,Torre de Santa María,150755.5892070
22,Guijo de Granadilla,67889.2402206
22,Torremenga,50251.6728455
22,Zarza de Montánchez,150215.4838553
22,Aceituna,72710.0607880
22,Torrejón el Rubio,77109.9385411
22,Torrequemada,135764.5530471
22,Jaraicejo,101009.8200942
22,Valverde de la Vera,83838.1299367
22,Torre de Don Miguel,93444.7413493
22,Pozuelo de Zarzón,73219.4012505
22,Villa del Campo,74346.9668189
22,Plasenzuela,137789.7318002
22,Bohonal de Ibor,97456.0756025
22,Berzocana,142487.7470079
22,Casares de las Hurdes,118400.1841266
22,Hernán-Pérez,85167.0650832
22,Villanueva de la Sierra,80118.9418644
22,Cadalso,89758.6602091
22,Navalvillar de Ibor,125771.5861455
22,Arroyomolinos de la Vera,40309.0348394
22,Cedillo,213877.6236068
22,"Garganta. La",44700.1641144
22,Ibahernando,136559.3679184
22,Calzadilla,83135.4262447
22,Barrado,33372.6094386
22,Casillas de Coria,92939.7279852
22,Villasbuenas de Gata,95766.7880486
22,Valdelacasa de Tajo,118585.0337232
22,Abertura,147666.2185048
22,Palomero,82700.9374501
22,Serrejón,76952.9828923
22,Hinojal,92396.2977894
22,Gargantilla,74362.5229861
22,Santibáñez el Alto,90884.5385527
22,Cabañas del Castillo,128801.4172805
22,Robledillo de Trujillo,145182.2086661
22,Cabezabellosa,63764.7419841
22,Morcillo,73193.2071024
22,Portaje,93954.1421639
22,Guijo de Santa Bárbara,69426.7123471
22,Robledollano,121700.3452525
22,Puerto de Santa Cruz,137497.8241551
22,Herreruela,169823.5917666
22,Valdastillas,19273.0805891
22,Cabrero,27800.5102502
22,Herguijuela,135276.5167817
22,Talaveruela de la Vera,82712.6669389
22,"Granja. La",68180.2626080
22,"Aldea del Obispo. La",104716.4969965
22,Casas de Don Gómez,87604.4765253
22,Aldehuela de Jerte,54410.2277311
22,"Gordo. El",102999.8823499
22,Carrascalejo,133209.0511956
22,Mata de Alcántara,130944.3282658
22,Fresnedoso de Ibor,110601.3396619
22,Abadía,74817.4023091
22,Santa Cruz de Paniagua,77122.8430422
22,Villamesías,146433.5417700
22,Santa Marta de Magasca,134710.3928722
22,Santiago del Campo,99183.1819935
22,Robledillo de la Vera,74091.5150209
22,Salvatierra de Santiago,141628.9383112
22,Santa Ana,141004.5745624
22,Peraleda de San Román,107452.2587761
22,Oliva de Plasencia,51393.1737443
22,Herrera de Alcántara,215579.7568366
22,Santa Cruz de la Sierra,136492.4237404
22,Portezuelo,91908.6299923
22,Alcollarín,152344.2990445
22,Viandar de la Vera,81830.4440361
22,Millanes,83418.2149944
22,Marchagaz,85526.9307370
22,Rebollar,18792.1543479
22,Guijo de Coria,75295.2742983
22,Valdemorales,155793.7531500
22,Villar de Plasencia,56330.3734606
22,Ladrillar,123361.2572146
22,Carbajo,181521.8272228
22,Romangordo,91767.6022968
22,Casas de Don Antonio,167697.9336757
22,Valdehúncar,87424.8358705
22,Conquista de la Sierra,138991.2276207
22,Piedras Albas,133852.2620256
22,Collado,52942.4094493
22,Botija,141621.2654256
22,Huélaga,91552.9931458
22,Cerezo,75812.6703539
22,Descargamaría,98998.9836127
22,Segura de Toro,70906.9825950
22,Toril,75622.1216379
22,Mesas de Ibor,104897.9162752
22,Pescueza,101652.7029541
22,Villa del Rey,135359.7911689
22,Jarilla,62958.0089470
22,Casas de Miravete,94813.8329899
22,Gargüera,39600.0359898
22,Robledillo de Gata,101958.2844910
22,Valdecañas de Tajo,113635.0915931
22,Pedroso de Acim,79688.2356827
22,Berrocalejo,110412.6144502
22,Garvín,111789.7750526
22,Higuera,94156.6450567
22,Benquerencia,150231.9615599
22,Cachorrilla,103516.2493946
22,Campillo de Deleitosa,118516.4155785
22,Ruanes,137875.3564785
23,Badajoz,200176.6111577
23,Mérida,203450.8404879
23,Don Benito,182759.0571695
23,Almendralejo,212945.1072048
23,Villanueva de la Serena,195310.5092853
23,Zafra,237918.6406100
23,Montijo,183989.0015784
23,Villafranca de los Barros,221151.4258339
23,Olivenza,235569.1402416
23,Jerez de los Caballeros,270836.9226374
23,Azuaga,278930.0518959
23,"Santos de Maimona. Los",234585.7629693
23,Guareña,212677.6288890
23,Fuente del Maestre,227830.1874988
23,Castuera,216597.3743276
23,Calamonte,183658.6221665
23,Llerena,278730.0900309
23,Puebla de la Calzada,186664.1064817
23,San Vicente de Alcántara,186629.3826439
23,Alburquerque,173952.8529326
23,Aceuchal,218197.2967205
23,Oliva de la Frontera,280619.3071341
23,Talavera la Real,205929.9830901
23,Cabeza del Buey,247248.7892726
23,Campanario,198612.4587010
23,Fregenal de la Sierra,277233.2617916
23,Quintana de la Serena,230448.6666529
23,Fuente de Cantos,263414.3941650
23,Navalvillar de Pela,197605.0891760
23,Monesterio,275120.6123757
23,Santa Amalia,181412.4602838
23,Santa Marta,222166.4104654
23,Arroyo de San Serván,189691.1738262
23,Valverde de Leganés,223052.0294369
23,Zalamea de la Serena,231687.1288411
23,Hornachos,240015.9664316
23,Barcarrota,245642.5551229
23,Herrera del Duque,257668.0953127
23,Villanueva del Fresno,264663.6043852
23,Talarrubias,226307.1677603
23,"Zarza. La",207209.2978692
23,Ribera del Fresno,229389.7886534
23,Burguillos del Cerro,256425.6468097
23,Orellana la Vieja,202451.8575542
23,Zah¡nos,269835.7207495
23,Puebla de Sancho P‚rez,241501.4452926
23,Solana de los Barros,206979.0039286
23,Valdelacalzada,194201.5519603
23,Lobón,190903.9535318
23,Monterrubio de la Serena,235673.2161590
23,Fuentes de León,287288.5330852
23,"Garrovilla. La",187215.4945119
23,Berlanga,280086.9401388
23,Higuera la Real,296934.9214401
23,Villar del Rey,172432.3908977
23,Granja de Torrehermosa,274965.5736825
23,Medell¡n,194922.4826660
23,Bienvenida,260689.0479437
23,"Codosera. La",195210.4408268
23,Valencia del Ventoso,258484.4875621
23,"Coronada. La",190859.8809715
23,Torremej¡a,193072.6777540
23,Siruela,244177.3052665
23,Higuera de Vargas,255615.8708059
23,Segura de León,281263.9186621
23,Salvaleón,251567.3423904
23,Pueblonuevo del Guadiana,197930.0505360
23,Alange,201971.2631660
23,Puebla de Obando,150061.1603840
23,"Albuera. La",222683.2212861
23,Usagre,252980.6897838
23,Fuenlabrada de los Montes,249418.8799654
23,Alconchel,248775.0678890
23,Oliva de Mérida,212101.6207638
23,Salvatierra de los Barros,245991.3958362
23,Villalba de los Barros,222266.7731684
23,Casas de Don Pedro,209582.3228135
23,Esparragalejo,182760.0719570
23,Montemolín,278305.2152077
23,"Roca de la Sierra. La",159052.3402380
23,Campillo de Llerena,290942.6733081
23,Cabeza la Vaca,292674.7130637
23,Villar de Rena,166219.5539938
23,Trujillanos,181082.1790988
23,Valle de la Serena,219721.2811052
23,"Parra. La",238677.9596494
23,Mirandilla,175133.4858825
23,"Haba. La",189825.7688697
23,Villagonzalo,201365.6156130
23,Feria,238003.3534099
23,Medina de las Torres,248062.9689802
23,Valdetorres,200189.7357370
23,Almendral,234543.8858651
23,Corte de Peleas,219360.6065191
23,Cheles,263053.5107066
23,Puebla de Alcocer,228363.7075890
23,Torre de Miguel Sesmero,237180.9274699
23,Valdecaballeros,283070.6861984
23,Peñalsordo,262784.7864377
23,Valle de Santa Ana,268658.0408455
23,Valverde de Mérida,192956.2821187
23,Castilblanco,273464.0013243
23,Bodonal de la Sierra,276164.1961035
23,"Nava de Santiago. La",177027.2045815
23,Esparragosa de la Serena,227849.1222392
23,Maguilla,277876.0599960
23,Calera de León,284099.2965049
23,Ahillones,286373.0049529
23,Higuera de la Serena,227238.2006746
23,Esparragosa de Lares,232612.1339469
23,Torremayor,189762.2304263
23,Villagarcía de la Torre,264851.0218584
23,Cordobilla de Lácara,165421.4083083
23,Benquerencia de la Serena,221872.2113012
23,Llera,251199.1042090
23,San Pedro de Mérida,188304.3174924
23,Calzadilla de los Barros,250191.6390634
23,Puebla de la Reina,225693.1475107
23,Acedera,191083.5120551
23,Táliga,240668.6105061
23,Valencia del Mombuey,300578.8896079
23,Puebla del Maestre,296320.5130147
23,Manchita,221207.5497957
23,"Morera. La",240905.8053297
23,Fuente del Arco,294675.8921150
23,Don Álvaro,201827.9773822
23,Alconera,248097.9714451
23,Nogales,242065.6088323
23,Helechosa de los Montes,302295.7578723
23,Valverde de Llerena,291552.1248515
23,Palomas,221235.7899802
23,Trasierra,286923.1904114
23,Valencia de las Torres,257741.3560789
23,Garlitos,256896.9753294
23,Rena,169001.2108340
23,Malpartida de la Serena,227094.3734602
23,Peraleda del Zaucejo,256548.9801536
23,Magacela,196410.2644486
23,Entrín Bajo,223588.9340014
23,Villarta de los Montes,332931.5508234
23,Carmonita,155431.7680066
23,Cristina,209987.7073115
23,Hinojosa del Valle,238419.6653706
23,Garbayuela,243051.9760199
23,Puebla del Prior,233758.2018416
23,Retamal de Llerena,241986.4932817
23,Mengabril,189507.8631203
23,Malcocinado,294812.3536034
23,Valle de Matamoros,262462.1885694
23,Zarza-Capilla,257591.4456037
23,Higuera de Llerena,260812.2034314
23,Baterno,257626.0225685
23,Atalaya,252829.8627602
23,Valverde de Burguillos,254106.5536637
23,Orellana de la Sierra,205995.3389552
23,"Lapa. La",248840.1200235
23,Tamurejo,255854.8977768
23,Aljucén,162634.1785421
23,Sancti-Spíritus,245644.1127326
23,Reina,288988.5943634
23,Casas de Reina,286156.0975466
23,Capilla,266138.2726997
23,Risco,247961.1745366
23,"Carrascalejo. El",167317.2396910
23,C ceres,107993.8240513
23,Plasencia,35100.9913505
23,Navalmoral de la Mata,94431.4156909
23,Coria,75598.1919995
23,Miajadas,156138.1458888
23,Trujillo,119518.4338710
23,Talayuela,98283.2409871
23,Moraleja,85054.0549603
23,Arroyo de la Luz,125108.6710174
23,Jara¡z de la Vera,73735.6947823
23,Valencia de Alc ntara,186682.3150473
23,Montehermoso,55442.1999210
23,Casar de Cáceres,99420.9152496
23,Malpartida de Plasencia,45910.1065142
23,Malpartida de Cáceres,117219.3681608
23,Hervás,102339.0432606
23,Torrejoncillo,71611.5422085
23,Jarandilla de la Vera,89395.0325908
23,Alcuéscar,156274.8459988
23,Losar de la Vera,95297.2056317
23,Madroñera,131255.2460941
23,Valverde del Fresno,100511.7043739
23,Garrovillas de Alconétar,99380.1035491
23,Aldeanueva de la Vera,84212.5437128
23,Cabezuela del Valle,67777.0761846
23,Brozas,123857.3249263
23,Villanueva de la Vera,111344.0522904
23,Guadalupe,156739.2173060
23,Logrosán,163634.5687927
23,Sierra de Fuentes,118618.9387959
23,Navaconcejo,64465.5507721
23,Ceclavín,109921.3447853
23,Montánchez,155597.4467757
23,Almoharín,158930.9771212
23,Aliseda,134712.8160271
23,Galisteo,51065.3449401
23,Madrigalejo,164592.1091533
23,Cilleros,89878.0379622
23,Zarza de Granadilla,12169.2408560
23,Madrigal de la Vera,120825.5810680
23,Cañamero,156397.5931525
23,Serradilla,68327.7734074
23,Torreorgaz,126479.1956680
23,Pinofranqueado,46236.6743677
23,Zorita,144995.1085633
23,Gata,71282.7902560
23,Alcántara,130920.1418238
23,Guijo de Galisteo,58221.5649903
23,Piornal,67036.6100659
23,Ahigal,26839.3747823
23,Peraleda de la Mata,107445.6844347
23,Navas del Madro¤o,112352.1793260
23,Nuñomoral,65310.1503100
23,Valdefuentes,144178.7550479
23,Zarza la Mayor,110962.4387054
23,Casatejada,81951.8087240
23,Casar de Palomero,43057.6697981
23,Jerte,73699.0457105
23,Almaraz,89087.2478930
23,Majadas,75841.9274414
23,Cañaveral,70767.4847007
23,Rosalejo,114492.5178283
23,Caminomorisco,43989.3237370
23,Riolobos,56461.1699124
23,Casta¤ar de Ibor,128327.6398253
23,Tornavacas,80779.9048429
23,Torrecillas de la Tiesa,130353.6044384
23,"Pesga. La",42791.2831636
23,Carcaboso,41634.6366967
23,Garganta la Olla,82618.4264901
23,Torremocha,134799.9234180
23,Eljas,101475.8098737
23,Campo Lugar,152578.3215146
23,Al¡a,170769.0719507
23,Arroyomolinos,161518.2349882
23,Monroy,98980.5378532
23,"Torno. El",57893.3728354
23,"Cumbre. La",126387.6036282
23,Hoyos,78919.0243296
23,Mohedas de Granadilla,31026.0389268
23,Perales del Puerto,78583.6247375
23,Talav n,92850.1600068
23,San Martín de Trevejo,99524.1876484
23,Cuacos de Yuste,80571.9238099
23,Tejeda de Tiétar,66368.1357348
23,Acehúche,99792.6051059
23,Escurial,159688.7723019
23,Garciaz,150041.8281799
23,Membrío,159183.7617259
23,Deleitosa,112016.9776788
23,Santibáñez el Bajo,30573.1330807
23,Saucedilla,84900.9944226
23,Aldeanueva del Camino,818.1078529
23,Albalá,154653.7582000
23,Aldeacentenera,151086.6845787
23,Casas del Monte,9582.7239895
23,Valdeobispo,46448.9394555
23,Holguera,61027.4937931
23,Mirabel,57333.0946435
23,Aldea del Cano,131871.8164767
23,Baños de Montemayor,110478.6240598
23,Navezuelas,138734.5655184
23,Casas de Millán,71840.0380309
23,Salorino,166506.1992976
23,Torrecilla de los Ángeles,53402.8888146
23,Acebo,80817.1923605
23,Santiago de Alcántara,180669.1001464
23,Pasarón de la Vera,79815.8514158
23,Villamiel,91537.0890315
23,Villar del Pedroso,136786.8434976
23,Belvís de Monroy,98406.2122401
23,Casas del Castañar,56669.0769154
23,Torre de Santa María,147345.6327977
23,Guijo de Granadilla,25566.8397761
23,Torremenga,71277.4474070
23,Zarza de Montánchez,148341.4572173
23,Aceituna,46448.2551522
23,Torrejón el Rubio,75235.9119031
23,Torrequemada,129536.9189968
23,Jaraicejo,99135.7934562
23,Valverde de la Vera,108250.0212356
23,Torre de Don Miguel,67345.4629199
23,Pozuelo de Zarzón,53295.8906717
23,Villa del Campo,55055.4431482
23,Plasenzuela,135915.7051622
23,Bohonal de Ibor,107123.7386595
23,Berzocana,146551.4710804
23,Casares de las Hurdes,73051.2620259
23,Hernán-Pérez,53386.8778950
23,Villanueva de la Sierra,47607.2351161
23,Cadalso,63615.5769425
23,Navalvillar de Ibor,135439.2492025
23,Arroyomolinos de la Vera,61013.1980103
23,Cedillo,207649.9895564
23,"Garganta. La",116821.9954488
23,Ibahernando,134685.3412804
23,Calzadilla,68147.1951443
23,Barrado,60909.0516486
23,Casillas de Coria,86611.3666714
23,Villasbuenas de Gata,69667.5096192
23,Valdelacasa de Tajo,128252.6967802
23,Abertura,145792.1918668
23,Palomero,37352.0153495
23,Serrejón,76994.0495133
23,Hinojal,86168.6637391
23,Gargantilla,4720.4870415
23,Santibáñez el Alto,64785.2601233
23,Cabañas del Castillo,132865.1413530
23,Robledillo de Trujillo,143308.1820281
23,Cabezabellosa,26698.1868299
23,Morcillo,63312.6397279
23,Portaje,87625.7808501
23,Guijo de Santa Bárbara,93838.6036461
23,Robledollano,125764.0693250
23,Puerto de Santa Cruz,135623.7975171
23,Herreruela,163595.9577162
23,Valdastillas,60010.0671266
23,Cabrero,58219.2468438
23,Herguijuela,133402.4901437
23,Talaveruela de la Vera,107124.5582378
23,"Granja. La",7776.0225656
23,"Aldea del Obispo. La",102842.4703585
23,Casas de Don Gómez,78144.5112820
23,Aldehuela de Jerte,45822.9366549
23,"Gordo. El",112667.5454069
23,Carrascalejo,142876.7142527
23,Mata de Alcántara,124716.6942154
23,Fresnedoso de Ibor,120269.0027190
23,Abadía,5139.7371555
23,Santa Cruz de Paniagua,42503.9999984
23,Villamesías,144559.5151320
23,Santa Marta de Magasca,129528.7330746
23,Santiago del Campo,92955.5479431
23,Robledillo de la Vera,98503.4063199
23,Salvatierra de Santiago,139754.9116732
23,Santa Ana,139130.5479244
23,Peraleda de San Román,117119.9218331
23,Oliva de Plasencia,23674.6232706
23,Herrera de Alcántara,209352.1227863
23,Santa Cruz de la Sierra,134618.3971024
23,Portezuelo,85680.9959419
23,Alcollarín,150470.2724065
23,Viandar de la Vera,106242.3353351
23,Millanes,93085.8780514
23,Marchagaz,40178.0086363
23,Rebollar,62590.6756035
23,Guijo de Coria,60307.0431979
23,Valdemorales,153919.7265120
23,Villar de Plasencia,19263.8183064
23,Ladrillar,78012.3351139
23,Carbajo,175294.1931725
23,Romangordo,96369.9984718
23,Casas de Don Antonio,161470.2996253
23,Valdehúncar,97092.4989275
23,Conquista de la Sierra,137117.2009827
23,Piedras Albas,124780.0784690
23,Collado,77231.1375555
23,Botija,139747.2387876
23,Huélaga,82349.9337317
23,Cerezo,30463.7482532
23,Descargamaría,72855.9003461
23,Segura de Toro,6422.8211775
23,Toril,75380.0473106
23,Mesas de Ibor,114565.5793322
23,Pescueza,95324.3416403
23,Villa del Rey,129132.1571185
23,Jarilla,13811.0111125
23,Casas de Miravete,99416.2291649
23,Gargüera,54607.1266096
23,Robledillo de Gata,75815.2012245
23,Valdecañas de Tajo,123302.7546502
23,Pedroso de Acim,73460.6016324
23,Berrocalejo,120080.2775072
23,Garvín,121457.4381097
23,Higuera,98759.0412317
23,Benquerencia,144004.3275095
23,Cachorrilla,97187.8880809
23,Campillo de Deleitosa,128184.0786356
23,Ruanes,136001.3298405
24,Badajoz,158555.6514931
24,Mérida,172753.9657374
24,Don Benito,164121.8409436
24,Almendralejo,182248.2324542
24,Villanueva de la Serena,176673.2930593
24,Zafra,207221.7658594
24,Montijo,153244.4620749
24,Villafranca de los Barros,190454.5510834
24,Olivenza,193948.1805771
24,Jerez de los Caballeros,229215.9629728
24,Azuaga,266167.0320771
24,"Santos de Maimona. Los",203888.8882187
24,Guareña,181980.7541385
24,Fuente del Maestre,197133.3127483
24,Castuera,205985.3528836
24,Calamonte,152961.7474159
24,Llerena,248033.2152803
24,Puebla de la Calzada,155919.5669782
24,San Vicente de Alcántara,89667.7535642
24,Alburquerque,109985.2036111
24,Aceuchal,187500.4219700
24,Oliva de la Frontera,238998.3474695
24,Talavera la Real,170369.2167812
24,Cabeza del Buey,236636.7678286
24,Campanario,188000.4372570
24,Fregenal de la Sierra,246536.3870411
24,Quintana de la Serena,219836.6452089
24,Fuente de Cantos,232717.5194144
24,Navalvillar de Pela,193831.2775400
24,Monesterio,244423.7376251
24,Santa Amalia,160721.7018036
24,Santa Marta,191469.5357148
24,Arroyo de San Serván,158994.2990756
24,Valverde de Leganés,181431.0697723
24,Zalamea de la Serena,218924.1090223
24,Hornachos,209319.0916810
24,Barcarrota,204021.5954583
24,Herrera del Duque,253894.2836767
24,Villanueva del Fresno,223042.6447206
24,Talarrubias,222533.3561243
24,"Zarza. La",176512.4231187
24,Ribera del Fresno,198692.9139028
24,Burguillos del Cerro,225728.7720591
24,Orellana la Vieja,192330.0684857
24,Zah¡nos,228214.7610850
24,Puebla de Sancho P‚rez,210804.5705420
24,Solana de los Barros,176282.1291780
24,Valdelacalzada,163457.0124568
24,Lobón,160159.4140283
24,Monterrubio de la Serena,225061.1947150
24,Fuentes de León,256591.6583347
24,"Garrovilla. La",156518.6197614
24,Berlanga,249390.0653882
24,Higuera la Real,255313.9617755
24,Villar del Rey,130941.2752503
24,Granja de Torrehermosa,262202.5538637
24,Medell¡n,176002.1883674
24,Bienvenida,229992.1731932
24,"Codosera. La",110213.7964807
24,Valencia del Ventoso,227787.6128115
24,"Coronada. La",180247.8595275
24,Torremej¡a,162375.8030035
24,Siruela,240403.4936305
24,Higuera de Vargas,213994.9111414
24,Segura de León,250567.0439116
24,Salvaleón,209946.3827259
24,Pueblonuevo del Guadiana,167185.5110326
24,Alange,171274.3884155
24,Puebla de Obando,119316.6208805
24,"Albuera. La",181062.2616215
24,Usagre,222283.8150332
24,Fuenlabrada de los Montes,245645.0683294
24,Alconchel,207154.1082244
24,Oliva de Mérida,181404.7460132
24,Salvatierra de los Barros,215294.5210856
24,Villalba de los Barros,191569.8984179
24,Casas de Don Pedro,205808.5111775
24,Esparragalejo,152063.1972064
24,Montemolín,247608.3404572
24,"Roca de la Sierra. La",128307.8007345
24,Campillo de Llerena,263832.3452525
24,Cabeza la Vaca,261977.8383131
24,Villar de Rena,166396.2058086
24,Trujillanos,150385.3043483
24,Valle de la Serena,201084.0648793
24,"Parra. La",207981.0848989
24,Mirandilla,144436.6111319
24,"Haba. La",171188.5526438
24,Villagonzalo,170668.7408625
24,Feria,207306.4786594
24,Medina de las Torres,217366.0942297
24,Valdetorres,179498.9772568
24,Almendral,192922.9262005
24,Corte de Peleas,188663.7317685
24,Cheles,221432.5510421
24,Puebla de Alcocer,224589.8959530
24,Torre de Miguel Sesmero,195559.9678054
24,Valdecaballeros,279296.8745624
24,Peñalsordo,252709.6705318
24,Valle de Santa Ana,237961.1660949
24,Valverde de Mérida,162259.4073681
24,Castilblanco,269690.1896883
24,Bodonal de la Sierra,245467.3213529
24,"Nava de Santiago. La",146282.6650780
24,Esparragosa de la Serena,217237.1007952
24,Maguilla,247179.1852454
24,Calera de León,253402.4217544
24,Ahillones,255676.1302024
24,Higuera de la Serena,208600.9844487
24,Esparragosa de Lares,227465.9522305
24,Torremayor,159017.6909228
24,Villagarcía de la Torre,234154.1471079
24,Cordobilla de Lácara,134724.5335577
24,Benquerencia de la Serena,211260.1898572
24,Llera,220502.2294584
24,San Pedro de Mérida,157607.4427418
24,Calzadilla de los Barros,219494.7643129
24,Puebla de la Reina,194996.2727601
24,Acedera,180961.7229867
24,Táliga,199047.6508415
24,Valencia del Mombuey,258957.9299434
24,Puebla del Maestre,265623.6382641
24,Manchita,190510.6750452
24,"Morera. La",209800.7664725
24,Fuente del Arco,263979.0173645
24,Don Álvaro,171131.1026317
24,Alconera,217401.0966945
24,Nogales,200444.6491678
24,Helechosa de los Montes,298521.9462363
24,Valverde de Llerena,263534.6450689
24,Palomas,190538.9152296
24,Trasierra,256226.3156608
24,Valencia de las Torres,227044.4813283
24,Garlitos,253123.1636934
24,Rena,163579.3513461
24,Malpartida de la Serena,216482.3520162
24,Peraleda del Zaucejo,243785.9603348
24,Magacela,177773.0482226
24,Entrín Bajo,192892.0592508
24,Villarta de los Montes,329157.7391874
24,Carmonita,124734.8932560
24,Cristina,179290.8325610
24,Hinojosa del Valle,207722.7906200
24,Garbayuela,239278.1643839
24,Puebla del Prior,203061.3270910
24,Retamal de Llerena,223349.2770558
24,Mengabril,170587.5688218
24,Malcocinado,282049.3337846
24,Valle de Matamoros,220841.2289048
24,Zarza-Capilla,247516.3296978
24,Higuera de Llerena,230115.3286809
24,Baterno,253852.2109325
24,Atalaya,222132.9880096
24,Valverde de Burguillos,223409.6789131
24,Orellana de la Sierra,195873.5498868
24,"Lapa. La",218143.2452730
24,Tamurejo,252081.0861408
24,Aljucén,131937.3037915
24,Sancti-Spíritus,241870.3010966
24,Reina,258291.7196129
24,Casas de Reina,255459.2227961
24,Capilla,256063.1567938
24,Risco,244187.3629006
24,"Carrascalejo. El",136620.3649404
24,C ceres,80525.9067931
24,Plasencia,83605.1376448
24,Navalmoral de la Mata,131644.8574895
24,Coria,38741.5295563
24,Miajadas,143247.8916595
24,Trujillo,124695.1989318
24,Talayuela,143516.0035273
24,Moraleja,40023.2777450
24,Arroyo de la Luz,74014.5840467
24,Jara¡z de la Vera,118968.4573225
24,Valencia de Alc ntara,89720.6859676
24,Montehermoso,63647.4658447
24,Casar de Cáceres,71952.9979914
24,Malpartida de Plasencia,84737.3378195
24,Malpartida de Cáceres,82084.8489673
24,Hervás,149977.7587849
24,Torrejoncillo,88483.1726363
24,Jarandilla de la Vera,134627.7951310
24,Alcuéscar,125577.9712482
24,Losar de la Vera,140529.9681719
24,Madroñera,139073.4020583
24,Valverde del Fresno,116601.1446012
24,Garrovillas de Alconétar,62297.3627304
24,Aldeanueva de la Vera,129445.3062531
24,Cabezuela del Valle,115415.7917090
24,Brozas,46340.2618667
24,Villanueva de la Vera,156576.8148306
24,Guadalupe,189350.8259308
24,Logrosán,173140.6846516
24,Sierra de Fuentes,91151.0215377
24,Navaconcejo,112104.2662965
24,Ceclavín,4886.1226539
24,Montánchez,124975.6663933
24,Almoharín,129227.4843780
24,Aliseda,88583.5121818
24,Galisteo,65069.8042056
24,Madrigalejo,172410.2651176
24,Cilleros,105967.4781895
24,Zarza de Granadilla,104903.4407703
24,Madrigal de la Vera,166058.3436082
24,Cañamero,182555.5743074
24,Serradilla,87804.4943319
24,Torreorgaz,95857.4152856
24,Pinofranqueado,84941.9821562
24,Zorita,152813.2645276
24,Gata,87372.2304833
24,Alcántara,29902.5884835
24,Guijo de Galisteo,61765.9613562
24,Piornal,114675.3255902
24,Ahigal,91376.2990526
24,Peraleda de la Mata,144659.1262332
24,Navas del Madro¤o,57641.3474898
24,Nuñomoral,110774.0577270
24,Valdefuentes,113556.9746655
24,Zarza la Mayor,9350.3445954
24,Casatejada,118890.9524326
24,Casar de Palomero,92930.1512113
24,Jerte,121337.7612349
24,Almaraz,126026.3916016
24,Majadas,113055.3692399
24,Cañaveral,46801.7595605
24,Rosalejo,151705.9596268
24,Caminomorisco,89453.2311540
24,Riolobos,73332.8003402
24,Casta¤ar de Ibor,161546.7072744
24,Tornavacas,128418.6203673
24,Torrecillas de la Tiesa,138171.7604027
24,"Pesga. La",103856.6973992
24,Carcaboso,77245.9395594
24,Garganta la Olla,127851.1890303
24,Torremocha,104178.1430356
24,Eljas,117565.2501010
24,Campo Lugar,158071.7617497
24,Al¡a,203380.6805754
24,Arroyomolinos,130896.4546058
24,Monroy,76138.6254765
24,"Torno. El",105532.0883597
24,"Cumbre. La",119184.1599701
24,Hoyos,95008.4645569
24,Mohedas de Granadilla,92091.4531624
24,Perales del Puerto,94673.0649648
24,Talav n,65418.8316867
24,San Martín de Trevejo,115613.6278757
24,Cuacos de Yuste,125804.6863502
24,Tejeda de Tiétar,111600.8982750
24,Acehúche,17891.9673896
24,Escurial,165182.2125369
24,Garciaz,157859.9841442
24,Membrío,62222.1326462
24,Deleitosa,138174.9588337
24,Santibáñez el Bajo,95110.0573511
24,Saucedilla,121840.1381312
24,Aldeanueva del Camino,113502.8680781
24,Albalá,124031.9778176
24,Aldeacentenera,158904.8405430
24,Casas del Monte,108841.6696939
24,Valdeobispo,81477.6131557
24,Holguera,77899.1242209
24,Mirabel,76809.8155681
24,Aldea del Cano,101174.9417261
24,Baños de Montemayor,158117.3395841
24,Navezuelas,164892.5466733
24,Casas de Millán,55360.6031657
24,Salorino,69544.5702179
24,Torrecilla de los Ángeles,75206.2084498
24,Acebo,96906.6325878
24,Santiago de Alcántara,83707.4710667
24,Pasarón de la Vera,125880.0041904
24,Villamiel,107626.5292588
24,Villar del Pedroso,174000.2852961
24,Belvís de Monroy,135619.6540386
24,Casas del Castañar,104307.7924397
24,Torre de Santa María,116723.8524153
24,Guijo de Granadilla,92550.2835883
24,Torremenga,116510.2099472
24,Zarza de Montánchez,125504.6643358
24,Aceituna,70998.8699958
24,Torrejón el Rubio,95827.6743346
24,Torrequemada,98915.1386143
24,Jaraicejo,119021.5304777
24,Valverde de la Vera,153482.7837758
24,Torre de Don Miguel,83434.9031473
24,Pozuelo de Zarzón,63231.0684748
24,Villa del Campo,62222.8586042
24,Plasenzuela,117018.5973363
24,Bohonal de Ibor,144337.1804581
24,Berzocana,172709.4522353
24,Casares de las Hurdes,118515.1694429
24,Hernán-Pérez,75157.2268811
24,Villanueva de la Sierra,70109.1036623
24,Cadalso,79748.8220070
24,Navalvillar de Ibor,168050.8578272
24,Arroyomolinos de la Vera,106245.9605505
24,Cedillo,110688.3604767
24,"Garganta. La",164460.7109732
24,Ibahernando,138890.8657624
24,Calzadilla,49672.6736101
24,Barrado,106177.0174902
24,Casillas de Coria,48563.2060945
24,Villasbuenas de Gata,85756.9498465
24,Valdelacasa de Tajo,165466.1385788
24,Abertura,151285.6321018
24,Palomero,83376.0713941
24,Serrejón,114173.3315177
24,Hinojal,58737.3354190
24,Gargantilla,115672.8771967
24,Santibáñez el Alto,80874.7003506
24,Cabañas del Castillo,159023.1225079
24,Robledillo de Trujillo,130368.8147637
24,Cabezabellosa,105350.1226863
24,Morcillo,53913.5274654
24,Portaje,26917.3062783
24,Guijo de Santa Bárbara,139071.3661863
24,Robledollano,151922.0504799
24,Puerto de Santa Cruz,141117.2377521
24,Herreruela,81074.3018534
24,Valdastillas,107648.7826510
24,Cabrero,105857.9623681
24,Herguijuela,141220.6461080
24,Talaveruela de la Vera,152357.3207781
24,"Granja. La",109490.6168186
24,"Aldea del Obispo. La",122728.2073800
24,Casas de Don Gómez,45736.4345216
24,Aldehuela de Jerte,81708.0752680
24,"Gordo. El",149880.9872055
24,Carrascalejo,180090.1560512
24,Mata de Alcántara,36779.2335112
24,Fresnedoso de Ibor,157482.4445175
24,Abadía,114759.7954644
24,Santa Cruz de Paniagua,73837.4569043
24,Villamesías,150052.9553670
24,Santa Marta de Magasca,106686.8206979
24,Santiago del Campo,65524.2196230
24,Robledillo de la Vera,143736.1688601
24,Salvatierra de Santiago,123869.3945767
24,Santa Ana,128403.6276823
24,Peraleda de San Román,154333.3636316
24,Oliva de Plasencia,92619.8086499
24,Herrera de Alcántara,112390.4937066
24,Santa Cruz de la Sierra,140115.8101375
24,Portezuelo,32338.3071522
24,Alcollarín,158288.4283708
24,Viandar de la Vera,151475.0978753
24,Millanes,130299.3198500
24,Marchagaz,86626.4460328
24,Rebollar,110229.3911279
24,Guijo de Coria,56216.0432075
24,Valdemorales,124216.2337688
24,Villar de Plasencia,97915.7541628
24,Ladrillar,123476.2425309
24,Carbajo,78332.5640928
24,Romangordo,133549.2804762
24,Casas de Don Antonio,130773.4248747
24,Valdehúncar,134305.9407260
24,Conquista de la Sierra,144935.3569470
24,Piedras Albas,19593.4536320
24,Collado,122463.9000958
24,Botija,114931.5804453
24,Huélaga,44609.7770982
24,Cerezo,86101.0582703
24,Descargamaría,88989.1454106
24,Segura de Toro,112188.7419032
24,Toril,112293.3820482
24,Mesas de Ibor,151779.0211307
24,Pescueza,21869.4713990
24,Villa del Rey,41736.7482085
24,Jarilla,104239.7682552
24,Casas de Miravete,136025.1929812
24,Gargüera,99875.0924512
24,Robledillo de Gata,91948.4462890
24,Valdecañas de Tajo,160516.1964487
24,Pedroso de Acim,57265.2594295
24,Berrocalejo,157293.7193057
24,Garvín,158670.8799082
24,Higuera,135938.3232361
24,Benquerencia,113382.5471271
24,Cachorrilla,19602.5046379
24,Campillo de Deleitosa,165397.5204341
24,Ruanes,125274.4095984
25,Badajoz,180410.2884114
25,Mérida,183732.1824946
25,Don Benito,175100.0577007
25,Almendralejo,193226.4492114
25,Villanueva de la Serena,187651.5098165
25,Zafra,218199.9826166
25,Montijo,164222.6788321
25,Villafranca de los Barros,201432.7678405
25,Olivenza,215802.8174953
25,Jerez de los Caballeros,251070.5998911
25,Azuaga,273081.2862199
25,"Santos de Maimona. Los",214867.1049759
25,Guareña,192958.9708956
25,Fuente del Maestre,208111.5295054
25,Castuera,210748.6086516
25,Calamonte,163939.9641731
25,Llerena,259011.4320375
25,Puebla de la Calzada,166897.7837354
25,San Vicente de Alcántara,144396.8515892
25,Alburquerque,154186.5301863
25,Aceuchal,198478.6387271
25,Oliva de la Frontera,260852.9843878
25,Talavera la Real,186163.6603438
25,Cabeza del Buey,241400.0235966
25,Campanario,192763.6930251
25,Fregenal de la Sierra,257514.6037982
25,Quintana de la Serena,224599.9009770
25,Fuente de Cantos,243695.7361716
25,Navalvillar de Pela,191756.3235000
25,Monesterio,255401.9543823
25,Santa Amalia,171699.9185608
25,Santa Marta,202447.7524720
25,Arroyo de San Serván,169972.5158328
25,Valverde de Leganés,203285.7066905
25,Zalamea de la Serena,225838.3631651
25,Hornachos,220297.3084382
25,Barcarrota,225876.2323766
25,Herrera del Duque,251819.3296367
25,Villanueva del Fresno,244897.2816388
25,Talarrubias,220458.4020843
25,"Zarza. La",187490.6398759
25,Ribera del Fresno,209671.1306600
25,Burguillos del Cerro,236706.9888163
25,Orellana la Vieja,196603.0918782
25,Zah¡nos,250069.3980032
25,Puebla de Sancho P‚rez,221782.7872992
25,Solana de los Barros,187260.3459352
25,Valdelacalzada,174435.2292140
25,Lobón,171137.6307855
25,Monterrubio de la Serena,229824.4504831
25,Fuentes de León,267569.8750918
25,"Garrovilla. La",167496.8365185
25,Berlanga,260368.2821454
25,Higuera la Real,277168.5986938
25,Villar del Rey,152666.0681514
25,Granja de Torrehermosa,269116.8080065
25,Medell¡n,186980.4051246
25,Bienvenida,240970.3899503
25,"Codosera. La",164942.8945056
25,Valencia del Ventoso,238765.8295687
25,"Coronada. La",185011.1152955
25,Torremej¡a,173354.0197606
25,Siruela,238328.5395906
25,Higuera de Vargas,235849.5480596
25,Segura de León,261545.2606687
25,Salvaleón,231801.0196441
25,Pueblonuevo del Guadiana,178163.7277897
25,Alange,182252.6051726
25,Puebla de Obando,130294.8376377
25,"Albuera. La",202916.8985398
25,Usagre,233262.0317904
25,Fuenlabrada de los Montes,243570.1142894
25,Alconchel,229008.7451427
25,Oliva de Mérida,192382.9627704
25,Salvatierra de los Barros,226272.7378428
25,Villalba de los Barros,202548.1151750
25,Casas de Don Pedro,203733.5571376
25,Esparragalejo,163041.4139636
25,Montemolín,258586.5572143
25,"Roca de la Sierra. La",139286.0174917
25,Campillo de Llerena,274810.5620097
25,Cabeza la Vaca,272956.0550703
25,Villar de Rena,160370.7883179
25,Trujillanos,161363.5211054
25,Valle de la Serena,212062.2816365
25,"Parra. La",218959.3016560
25,Mirandilla,155414.8278891
25,"Haba. La",182166.7694010
25,Villagonzalo,181646.9576196
25,Feria,218284.6954166
25,Medina de las Torres,228344.3109868
25,Valdetorres,190477.1940140
25,Almendral,214777.5631187
25,Corte de Peleas,199641.9485257
25,Cheles,243287.1879603
25,Puebla de Alcocer,222514.9419131
25,Torre de Miguel Sesmero,217414.6047236
25,Valdecaballeros,277221.9205225
25,Peñalsordo,256936.0207617
25,Valle de Santa Ana,248939.3828521
25,Valverde de Mérida,173237.6241253
25,Castilblanco,267615.2356484
25,Bodonal de la Sierra,256445.5381101
25,"Nava de Santiago. La",157260.8818351
25,Esparragosa de la Serena,222000.3565633
25,Maguilla,258157.4020026
25,Calera de León,264380.6385115
25,Ahillones,266654.3469595
25,Higuera de la Serena,219579.2012058
25,Esparragosa de Lares,226763.3682710
25,Torremayor,169995.9076799
25,Villagarcía de la Torre,245132.3638650
25,Cordobilla de Lácara,145702.7503149
25,Benquerencia de la Serena,216023.4456252
25,Llera,231480.4462156
25,San Pedro de Mérida,168585.6594990
25,Calzadilla de los Barros,230472.9810700
25,Puebla de la Reina,205974.4895173
25,Acedera,185234.7463791
25,Táliga,220902.2877598
25,Valencia del Mombuey,280812.5668616
25,Puebla del Maestre,276601.8550213
25,Manchita,201488.8918024
25,"Morera. La",221187.1473363
25,Fuente del Arco,274957.2341216
25,Don Álvaro,182109.3193889
25,Alconera,228379.3134517
25,Nogales,222299.2860860
25,Helechosa de los Montes,296446.9921963
25,Valverde de Llerena,274512.8618261
25,Palomas,201517.1319868
25,Trasierra,267204.5324180
25,Valencia de las Torres,238022.6980855
25,Garlitos,251048.2096535
25,Rena,163152.4451580
25,Malpartida de la Serena,221245.6077842
25,Peraleda del Zaucejo,250700.2144776
25,Magacela,188751.2649798
25,Entrín Bajo,203870.2760080
25,Villarta de los Montes,327082.7851474
25,Carmonita,135713.1100132
25,Cristina,190269.0493181
25,Hinojosa del Valle,218701.0073772
25,Garbayuela,237203.2103440
25,Puebla del Prior,214039.5438482
25,Retamal de Llerena,234327.4938129
25,Mengabril,181565.7855789
25,Malcocinado,288963.5879275
25,Valle de Matamoros,242695.8658231
25,Zarza-Capilla,251742.6799278
25,Higuera de Llerena,241093.5454380
25,Baterno,251777.2568925
25,Atalaya,233111.2047668
25,Valverde de Burguillos,234387.8956703
25,Orellana de la Sierra,200146.5732792
25,"Lapa. La",229121.4620301
25,Tamurejo,250006.1321008
25,Aljucén,142915.5205487
25,Sancti-Spíritus,239795.3470567
25,Reina,269269.9363700
25,Casas de Reina,266437.4395532
25,Capilla,260289.5070237
25,Risco,242112.4088607
25,"Carrascalejo. El",147598.5816976
25,C ceres,91504.1235503
25,Plasencia,29371.6544182
25,Navalmoral de la Mata,88582.6500150
25,Coria,22101.1421303
25,Miajadas,150289.3802128
25,Trujillo,113669.6681951
25,Talayuela,92553.9040547
25,Moraleja,35095.8157073
25,Arroyo de la Luz,105342.3482710
25,Jara¡z de la Vera,68006.3578500
25,Valencia de Alc ntara,144449.7839926
25,Montehermoso,3911.9313853
25,Casar de Cáceres,82931.2147486
25,Malpartida de Plasencia,40061.3408382
25,Malpartida de Cáceres,97453.0454145
25,Hervás,96609.7063283
25,Torrejoncillo,64138.6182266
25,Jarandilla de la Vera,83665.6956585
25,Alcuéscar,136556.1880054
25,Losar de la Vera,89567.8686994
25,Madroñera,125406.4804181
25,Valverde del Fresno,65164.2575517
25,Garrovillas de Alconétar,75198.2669758
25,Aldeanueva de la Vera,78483.2067805
25,Cabezuela del Valle,62047.7392523
25,Brozas,99675.4883530
25,Villanueva de la Vera,105614.7153581
25,Guadalupe,150890.4516301
25,Logrosán,157785.8031168
25,Sierra de Fuentes,102129.2382949
25,Navaconcejo,58736.2138398
25,Ceclavín,56424.2949161
25,Montánchez,135953.8831504
25,Almoharín,140205.7011352
25,Aliseda,114946.4932808
25,Galisteo,31556.6095723
25,Madrigalejo,158743.3434773
25,Cilleros,54530.5911400
25,Zarza de Granadilla,45945.4444817
25,Madrigal de la Vera,115096.2441356
25,Cañamero,150548.8274766
25,Serradilla,60865.1190314
25,Torreorgaz,106835.6320427
25,Pinofranqueado,33505.0951066
25,Zorita,139146.3428873
25,Gata,35935.3434338
25,Alcántara,84631.6865085
25,Guijo de Galisteo,8506.4178704
25,Piornal,61307.2731336
25,Ahigal,31640.7645933
25,Peraleda de la Mata,101596.9187587
25,Navas del Madro¤o,88170.3427527
25,Nuñomoral,59337.1706775
25,Valdefuentes,124535.1914227
25,Zarza la Mayor,60504.9118933
25,Casatejada,76103.0430480
25,Casar de Palomero,41493.2641618
25,Jerte,67969.7087782
25,Almaraz,83238.4822170
25,Majadas,69993.1617654
25,Cañaveral,57779.9763177
25,Rosalejo,108643.7521523
25,Caminomorisco,38016.3441045
25,Riolobos,48988.2459305
25,Casta¤ar de Ibor,122478.8741493
25,Tornavacas,75050.5679106
25,Torrecillas de la Tiesa,124504.8387625
25,"Pesga. La",52398.3049233
25,Carcaboso,17510.4051000
25,Garganta la Olla,76889.0895578
25,Torremocha,115156.3597928
25,Eljas,66128.3630514
25,Campo Lugar,146729.5558387
25,Al¡a,164920.3062747
25,Arroyomolinos,141874.6713630
25,Monroy,87116.8422336
25,"Torno. El",52164.0359030
25,"Cumbre. La",120538.8379523
25,Hoyos,43571.5775073
25,Mohedas de Granadilla,40633.0606865
25,Perales del Puerto,43236.1779152
25,Talav n,76397.0484439
25,San Martín de Trevejo,64176.7408262
25,Cuacos de Yuste,74842.5868776
25,Tejeda de Tiétar,60638.7988025
25,Acehúche,56747.2279744
25,Escurial,153840.0066259
25,Garciaz,144193.0625040
25,Membrío,116951.2306712
25,Deleitosa,106168.2120028
25,Santibáñez el Bajo,35374.5228917
25,Saucedilla,79052.2287466
25,Aldeanueva del Camino,56582.6095607
25,Albalá,135010.1945747
25,Aldeacentenera,145237.9189028
25,Casas del Monte,53214.6874748
25,Valdeobispo,21742.0786964
25,Holguera,53554.5698112
25,Mirabel,49870.4402676
25,Aldea del Cano,112153.1584833
25,Baños de Montemayor,104749.2871275
25,Navezuelas,132885.7998425
25,Casas de Millán,64367.1140490
25,Salorino,124273.6682429
25,Torrecilla de los Ángeles,23769.3214003
25,Acebo,45469.7455382
25,Santiago de Alcántara,138436.5690916
25,Pasarón de la Vera,74086.5144835
25,Villamiel,56189.6422093
25,Villar del Pedroso,130938.0778216
25,Belvís de Monroy,92557.4465641
25,Casas del Castañar,50939.7399831
25,Torre de Santa María,127702.0691725
25,Guijo de Granadilla,32814.7491289
25,Torremenga,65548.1104747
25,Zarza de Montánchez,136482.8810929
25,Aceituna,11263.3355364
25,Torrejón el Rubio,69387.1462271
25,Torrequemada,109893.3553715
25,Jaraicejo,93287.0277802
25,Valverde de la Vera,102520.6843033
25,Torre de Don Miguel,31998.0160977
25,Pozuelo de Zarzón,11772.6759989
25,Villa del Campo,12900.2415673
25,Plasenzuela,127996.8140934
25,Bohonal de Ibor,101274.9729836
25,Berzocana,140702.7054044
25,Casares de las Hurdes,67078.2823933
25,Hernán-Pérez,23720.3398316
25,Villanueva de la Sierra,18672.2166128
25,Cadalso,28311.9349575
25,Navalvillar de Ibor,129590.4835265
25,Arroyomolinos de la Vera,55283.8610780
25,Cedillo,165417.4585017
25,"Garganta. La",111092.6585165
25,Ibahernando,128836.5756045
25,Calzadilla,21688.7009931
25,Barrado,55179.7147163
25,Casillas de Coria,33114.3168022
25,Villasbuenas de Gata,34320.0627970
25,Valdelacasa de Tajo,122403.9311043
25,Abertura,139943.4261908
25,Palomero,31917.6789183
25,Serrejón,71145.2838374
25,Hinojal,69715.5521762
25,Gargantilla,58752.6186792
25,Santibáñez el Alto,29437.8133011
25,Cabañas del Castillo,127016.3756770
25,Robledillo de Trujillo,137459.4163521
25,Cabezabellosa,49723.1404672
25,Morcillo,7000.3139168
25,Portaje,34128.7309809
25,Guijo de Santa Bárbara,88109.2667138
25,Robledollano,119915.3036490
25,Puerto de Santa Cruz,129775.0318411
25,Herreruela,135803.3998783
25,Valdastillas,54280.7301943
25,Cabrero,52489.9099115
25,Herguijuela,127553.7244678
25,Talaveruela de la Vera,101395.2213055
25,"Granja. La",51288.0482711
25,"Aldea del Obispo. La",96993.7046825
25,Casas de Don Gómez,28300.4148252
25,Aldehuela de Jerte,21972.5408087
25,"Gordo. El",106818.7797310
25,Carrascalejo,137027.9485767
25,Mata de Alcántara,91508.3315362
25,Fresnedoso de Ibor,114420.2370430
25,Abadía,55801.7991757
25,Santa Cruz de Paniagua,22379.0644284
25,Villamesías,138710.7494560
25,Santa Marta de Magasca,117665.0374550
25,Santiago del Campo,76502.4363802
25,Robledillo de la Vera,92774.0693876
25,Salvatierra de Santiago,133906.1459972
25,Santa Ana,133281.7822485
25,Peraleda de San Román,111271.1561571
25,Oliva de Plasencia,36992.8264307
25,Herrera de Alcántara,167119.5917315
25,Santa Cruz de la Sierra,128769.6314264
25,Portezuelo,43316.5239094
25,Alcollarín,144621.5067305
25,Viandar de la Vera,100512.9984028
25,Millanes,87237.1123755
25,Marchagaz,35168.0535570
25,Rebollar,56861.3386712
25,Guijo de Coria,13848.5490467
25,Valdemorales,135194.4505260
25,Villar de Plasencia,42288.7719437
25,Ladrillar,72039.3554813
25,Carbajo,133061.6621177
25,Romangordo,90521.2327959
25,Casas de Don Antonio,141751.6416319
25,Valdehúncar,91243.7332515
25,Conquista de la Sierra,131268.4353068
25,Piedras Albas,74322.5516570
25,Collado,71501.8006232
25,Botija,125909.7972024
25,Huélaga,32391.6944787
25,Cerezo,34642.6657945
25,Descargamaría,37552.2583611
25,Segura de Toro,56561.7596840
25,Toril,69531.2816347
25,Mesas de Ibor,108716.8136562
25,Pescueza,41827.2917711
25,Villa del Rey,96465.8462335
25,Jarilla,48612.7860360
25,Casas de Miravete,93567.4634889
25,Gargüera,48877.7896773
25,Robledillo de Gata,40511.5592394
25,Valdecañas de Tajo,117453.9889742
25,Pedroso de Acim,65987.6776505
25,Berrocalejo,114231.5118312
25,Garvín,115608.6724337
25,Higuera,92910.2755558
25,Benquerencia,124360.7638843
25,Cachorrilla,43690.8382117
25,Campillo de Deleitosa,122335.3129596
25,Ruanes,130152.5641645
26,Badajoz,209302.6480593
26,Mérida,167479.8713030
26,Don Benito,143785.3542725
26,Almendralejo,202459.4486750
26,Villanueva de la Serena,156336.8063883
26,Zafra,227376.9598026
26,Montijo,187112.1393350
26,Villafranca de los Barros,210609.7450265
26,Olivenza,244695.1771432
26,Jerez de los Caballeros,265441.0513006
26,Azuaga,239956.3489990
26,"Santos de Maimona. Los",224044.0821619
26,Guareña,176200.1305593
26,Fuente del Maestre,217288.5066914
26,Castuera,177623.6714306
26,Calamonte,173172.9636367
26,Llerena,246990.5739313
26,Puebla de la Calzada,189787.2442383
26,San Vicente de Alcántara,195755.4195455
26,Alburquerque,183078.8898342
26,Aceuchal,207711.6381907
26,Oliva de la Frontera,282558.1135676
26,Talavera la Real,206285.7622806
26,Cabeza del Buey,207942.1382329
26,Campanario,159638.7558041
26,Fregenal de la Sierra,266691.5809842
26,Quintana de la Serena,191474.9637560
26,Fuente de Cantos,252872.7133576
26,Navalvillar de Pela,141749.4079458
26,Monesterio,264578.9315683
26,Santa Amalia,142625.2927199
26,Santa Marta,211680.7519356
26,Arroyo de San Serván,179205.5152964
26,Valverde de Leganés,232178.0663385
26,Zalamea de la Serena,192713.4259441
26,Hornachos,206565.0710147
26,Barcarrota,243178.5900402
26,Herrera del Duque,201812.4140825
26,Villanueva del Fresno,273789.6412868
26,Talarrubias,170451.4865301
26,"Zarza. La",171238.3286843
26,Ribera del Fresno,210065.6956769
26,Burguillos del Cerro,245883.9660023
26,Orellana la Vieja,154327.8446735
26,Zah¡nos,278009.3721966
26,Puebla de Sancho P‚rez,230959.7644852
26,Solana de los Barros,196493.3453988
26,Valdelacalzada,197324.6897170
26,Lobón,191259.7327223
26,Monterrubio de la Serena,196699.5132621
26,Fuentes de León,276746.8522778
26,"Garrovilla. La",176729.8359821
26,Berlanga,248347.4240392
26,Higuera la Real,294136.1043378
26,Villar del Rey,181558.4277993
26,Granja de Torrehermosa,235991.8707855
26,Medell¡n,155948.7797690
26,Bienvenida,242044.5115348
26,"Codosera. La",204336.4777284
26,Valencia del Ventoso,247942.8067547
26,"Coronada. La",151886.1780746
26,Torremej¡a,182530.9969467
26,Siruela,188321.6240363
26,Higuera de Vargas,264683.9952970
26,Segura de León,270722.2378548
26,Salvaleón,242601.6468619
26,Pueblonuevo del Guadiana,201053.1882927
26,Alange,175696.3061873
26,Puebla de Obando,159187.1972856
26,"Albuera. La",223102.7286383
26,Usagre,234389.8128074
26,Fuenlabrada de los Montes,193563.1987352
26,Alconchel,257901.1047906
26,Oliva de Mérida,176130.6515788
26,Salvatierra de los Barros,235505.7373064
26,Villalba de los Barros,211781.1146387
26,Casas de Don Pedro,153726.6415833
26,Esparragalejo,172274.4134272
26,Montemolín,265823.3365204
26,"Roca de la Sierra. La",168178.3771396
26,Campillo de Llerena,251968.9704111
26,Cabeza la Vaca,282133.0322563
26,Villar de Rena,127245.8510969
26,Trujillanos,160608.2410249
26,Valle de la Serena,180747.5782082
26,"Parra. La",228192.3011196
26,Mirandilla,163671.3452249
26,"Haba. La",150852.0659728
26,Villagonzalo,165394.6464280
26,Feria,227517.6948802
26,Medina de las Torres,237521.2881729
26,Valdetorres,161402.5681731
26,Almendral,229905.2730797
26,Corte de Peleas,208874.9479893
26,Cheles,272179.5476082
26,Puebla de Alcocer,172508.0263588
26,Torre de Miguel Sesmero,226869.0860761
26,Valdecaballeros,227215.0049682
26,Peñalsordo,206929.1052075
26,Valle de Santa Ana,258172.3823157
26,Valverde de Mérida,156985.3129337
26,Castilblanco,217608.3200941
26,Bodonal de la Sierra,265622.5152961
26,"Nava de Santiago. La",166396.7800455
26,Esparragosa de la Serena,188875.4193423
26,Maguilla,246136.5438964
26,Calera de León,273557.6156975
26,Ahillones,255069.5372894
26,Higuera de la Serena,188264.4977776
26,Esparragosa de Lares,176756.4527167
26,Torremayor,181895.1900094
26,Villagarcía de la Torre,246133.8517998
26,Cordobilla de Lácara,154272.4062682
26,Benquerencia de la Serena,182898.5084042
26,Llera,219459.5881094
26,San Pedro de Mérida,152346.1370212
26,Calzadilla de los Barros,239649.9582560
26,Puebla de la Reina,192242.2520937
26,Acedera,146947.7328821
26,Táliga,249794.6474077
26,Valencia del Mombuey,302517.6960415
26,Puebla del Maestre,272724.5793229
26,Manchita,184730.0514660
26,"Morera. La",230420.1467999
26,Fuente del Arco,262936.3760155
26,Don Álvaro,165857.0081973
26,Alconera,237556.2906377
26,Nogales,233099.9133038
26,Helechosa de los Montes,246440.0766421
26,Valverde de Llerena,252578.4219546
26,Palomas,187784.8945633
26,Trasierra,255183.6743118
26,Valencia de las Torres,226001.8399793
26,Garlitos,201041.2940992
26,Rena,130027.5079370
26,Malpartida de la Serena,188120.6705632
26,Peraleda del Zaucejo,217575.2772566
26,Magacela,157436.5615516
26,Entrín Bajo,213103.2754716
26,Villarta de los Montes,277075.8695932
26,Carmonita,144282.7659665
26,Cristina,173510.2089818
26,Hinojosa del Valle,219828.7883942
26,Garbayuela,187196.2947897
26,Puebla del Prior,212402.5426353
26,Retamal de Llerena,203012.7903847
26,Mengabril,150534.1602234
26,Malcocinado,255838.6507065
26,Valle de Matamoros,260022.8125920
26,Zarza-Capilla,201735.7643735
26,Higuera de Llerena,229072.6873319
26,Baterno,201770.3413383
26,Atalaya,242288.1819528
26,Valverde de Burguillos,243564.8728563
26,Orellana de la Sierra,150838.0418401
26,"Lapa. La",238298.4392162
26,Tamurejo,199999.2165466
26,Aljucén,151172.0378845
26,Sancti-Spíritus,189788.4315024
26,Reina,257249.0782638
26,Casas de Reina,254416.5814470
26,Capilla,210282.5914695
26,Risco,192105.4933064
26,"Carrascalejo. El",155855.0990334
26,C ceres,117119.8609529
26,Plasencia,43472.0186700
26,Navalmoral de la Mata,32971.7954761
26,Coria,84870.0530560
26,Miajadas,117175.7788277
26,Trujillo,88263.6064543
26,Talayuela,22202.5557230
26,Moraleja,97157.5613135
26,Arroyo de la Luz,134234.7079190
26,Jara¡z de la Vera,4754.4990083
26,Valencia de Alc ntara,195808.3519489
26,Montehermoso,69378.9437242
26,Casar de Cáceres,108546.9521512
26,Malpartida de Plasencia,40383.4706599
26,Malpartida de Cáceres,126345.4050624
26,Hervás,83399.7678812
26,Torrejoncillo,80724.0369341
26,Jarandilla de la Vera,20145.2659517
26,Alcuéscar,132544.5850003
26,Losar de la Vera,26047.4389926
26,Madroñera,92169.3142357
26,Valverde del Fresno,131960.4355301
26,Garrovillas de Alconétar,108506.1404507
26,Aldeanueva de la Vera,14962.7770737
26,Cabezuela del Valle,48837.8008052
26,Brozas,132983.3618278
26,Villanueva de la Vera,41430.7335009
26,Guadalupe,95279.5970913
26,Logrosán,107778.8875625
26,Sierra de Fuentes,119678.9725385
26,Navaconcejo,45526.2753927
26,Ceclavín,119193.2058418
26,Montánchez,125864.4981147
26,Almoharín,121569.9909521
26,Aliseda,143838.8529287
26,Galisteo,60327.2174036
26,Madrigalejo,125506.1772950
26,Cilleros,121326.7691185
26,Zarza de Granadilla,76067.4839023
26,Madrigal de la Vera,50912.2622785
26,Cañamero,100541.9119223
26,Serradilla,77170.2220417
26,Torreorgaz,127317.3030997
26,Pinofranqueado,96935.0491953
26,Zorita,105909.1767050
26,Gata,102731.5214123
26,Alcántara,140046.1787254
26,Guijo de Galisteo,75302.5958489
26,Piornal,24370.0133986
26,Ahigal,72064.7084118
26,Peraleda de la Mata,45986.0642199
26,Navas del Madro¤o,121478.2162276
26,Nuñomoral,116008.5251376
26,Valdefuentes,118963.9074593
26,Zarza la Mayor,122935.0692010
26,Casatejada,20683.6763668
26,Casar de Palomero,93756.0446257
26,Jerte,54759.7703311
26,Almaraz,27819.1155358
26,Majadas,20280.8930324
26,Cañaveral,79893.5216023
26,Rosalejo,53032.8976135
26,Caminomorisco,94687.6985646
26,Riolobos,65573.6646380
26,Casta¤ar de Ibor,66868.0196105
26,Tornavacas,61840.6294635
26,Torrecillas de la Tiesa,75580.7724523
26,"Pesga. La",93489.6579912
26,Carcaboso,55571.3804999
26,Garganta la Olla,13368.6598510
26,Torremocha,119373.2642192
26,Eljas,132924.5410299
26,Campo Lugar,113604.6186177
26,Al¡a,109309.4517359
26,Arroyomolinos,131785.2863272
26,Monroy,101759.5465968
26,"Torno. El",44397.1408541
26,"Cumbre. La",95118.7251960
26,Hoyos,110367.7554858
26,Mohedas de Granadilla,81724.4137544
26,Perales del Puerto,110032.3558937
26,Talav n,101976.1969084
26,San Martín de Trevejo,130972.9188047
26,Cuacos de Yuste,11322.1571708
26,Tejeda de Tiétar,17037.3644747
26,Acehúche,108918.6420075
26,Escurial,120715.0694049
26,Garciaz,110955.8963216
26,Membrío,168309.7986275
26,Deleitosa,56161.2964486
26,Santibáñez el Bajo,75798.4667103
26,Saucedilla,23632.8620654
26,Aldeanueva del Camino,77541.9665944
26,Albalá,124920.8095390
26,Aldeacentenera,112000.7527204
26,Casas del Monte,72909.3631126
26,Valdeobispo,60385.6832586
26,Holguera,70139.9885187
26,Mirabel,66175.5432778
26,Aldea del Cano,136087.4799537
26,Baños de Montemayor,91539.3486804
26,Navezuelas,82878.8842882
26,Casas de Millán,80966.0749325
26,Salorino,175632.2361992
26,Torrecilla de los Ángeles,90565.4993788
26,Acebo,112265.9235167
26,Santiago de Alcántara,189795.1370480
26,Pasarón de la Vera,13178.0344126
26,Villamiel,122985.8201878
26,Villar del Pedroso,75327.2232828
26,Belvís de Monroy,36946.5920253
26,Casas del Castañar,31603.2950254
26,Torre de Santa María,117612.6841367
26,Guijo de Granadilla,73238.6929475
26,Torremenga,7071.1937142
26,Zarza de Montánchez,109764.6900947
26,Aceituna,78059.5135149
26,Torrejón el Rubio,74707.2874871
26,Torrequemada,124072.2121653
26,Jaraicejo,57867.2979581
26,Valverde de la Vera,38336.7024461
26,Torre de Don Miguel,98794.1940762
26,Pozuelo de Zarzón,78568.8539774
26,Villa del Campo,79696.4195457
26,Plasenzuela,104648.2070064
26,Bohonal de Ibor,45664.1184447
26,Berzocana,90695.7898502
26,Casares de las Hurdes,123749.6368535
26,Hernán-Pérez,90516.5178100
26,Villanueva de la Sierra,85468.3945913
26,Cadalso,95108.1129360
26,Navalvillar de Ibor,73979.6289877
26,Arroyomolinos de la Vera,18566.5306637
26,Cedillo,216776.0264580
26,"Garganta. La",97882.7200694
26,Ibahernando,96000.3494098
26,Calzadilla,88484.8789716
26,Barrado,25686.6011735
26,Casillas de Coria,95883.2277279
26,Villasbuenas de Gata,101116.2407755
26,Valdelacasa de Tajo,66793.0765654
26,Abertura,106818.4889698
26,Palomero,88050.3901770
26,Serrejón,32483.4850504
26,Hinojal,95294.7006407
26,Gargantilla,79711.9757130
26,Santibáñez el Alto,96233.9912795
26,Cabañas del Castillo,77009.4601228
26,Robledillo de Trujillo,104623.1901575
26,Cabezabellosa,69114.1947110
26,Morcillo,78542.6598293
26,Portaje,96897.6419066
26,Guijo de Santa Bárbara,24588.8370069
26,Robledollano,69908.3880948
26,Puerto de Santa Cruz,96836.6299532
26,Herreruela,172721.9946178
26,Valdastillas,35077.7331033
26,Cabrero,31333.3702557
26,Herguijuela,94316.5582854
26,Talaveruela de la Vera,37211.2394483
26,"Granja. La",73529.7153349
26,"Aldea del Obispo. La",89372.9606965
26,Casas de Don Gómez,90504.9234642
26,Aldehuela de Jerte,59759.6804580
26,"Gordo. El",51207.9251922
26,Carrascalejo,81417.0940379
26,Mata de Alcántara,133842.7311170
26,Fresnedoso de Ibor,58809.3825042
26,Abadía,80166.8550360
26,Santa Cruz de Paniagua,82472.2957691
26,Villamesías,105585.8122350
26,Santa Marta de Magasca,103956.6869564
26,Santiago del Campo,102081.5848447
26,Robledillo de la Vera,26063.8981496
26,Salvatierra de Santiago,108486.0332409
26,Santa Ana,107861.6694922
26,Peraleda de San Román,55660.3016183
26,Oliva de Plasencia,56742.6264712
26,Herrera de Alcántara,218478.1596879
26,Santa Cruz de la Sierra,95640.9467674
26,Portezuelo,94807.0328435
26,Alcollarín,111384.3405481
26,Viandar de la Vera,36329.0165456
26,Millanes,31626.2578367
26,Marchagaz,90876.3834639
26,Rebollar,43651.4002241
26,Guijo de Coria,80644.7270252
26,Valdemorales,116558.7403429
26,Villar de Plasencia,61679.8261875
26,Ladrillar,128710.7099414
26,Carbajo,184420.2300741
26,Romangordo,39975.6451391
26,Casas de Don Antonio,145761.0146836
26,Valdehúncar,35632.8787127
26,Conquista de la Sierra,98031.2691244
26,Piedras Albas,136752.7089646
26,Collado,7981.3709164
26,Botija,108479.7406319
26,Huélaga,94453.4400848
26,Cerezo,81162.1230808
26,Descargamaría,104348.4363396
26,Segura de Toro,76256.4353218
26,Toril,26162.3867610
26,Mesas de Ibor,53105.9591174
26,Pescueza,104596.2026968
26,Villa del Rey,138258.1940201
26,Jarilla,68307.4616738
26,Casas de Miravete,43021.8758321
26,Gargüera,28480.9014900
26,Robledillo de Gata,107307.7372179
26,Valdecañas de Tajo,61843.1344354
26,Pedroso de Acim,82586.6385339
26,Berrocalejo,58620.6572924
26,Garvín,59997.8178949
26,Higuera,42364.6878990
26,Benquerencia,128577.6683107
26,Cachorrilla,106459.7491374
26,Campillo de Deleitosa,66724.4584208
26,Ruanes,104732.4514082
27,Badajoz,231714.2913420
27,Mérida,181317.6653184
27,Don Benito,157623.1482880
27,Almendralejo,216297.2426904
27,Villanueva de la Serena,170174.6004037
27,Zafra,241214.7538181
27,Montijo,200949.9333505
27,Villafranca de los Barros,224447.5390420
27,Olivenza,266041.0155949
27,Jerez de los Caballeros,279278.8453161
27,Azuaga,253794.1430144
27,"Santos de Maimona. Los",237881.8761774
27,Guareña,190037.9245747
27,Fuente del Maestre,231126.3007069
27,Castuera,191461.4654461
27,Calamonte,187010.7576521
27,Llerena,260828.3679468
27,Puebla de la Calzada,203625.0382538
27,San Vicente de Alcántara,218167.0628281
27,Alburquerque,205490.5331168
27,Aceuchal,221549.4322062
27,Oliva de la Frontera,296395.9075831
27,Talavera la Real,220123.5562961
27,Cabeza del Buey,221779.9322484
27,Campanario,173476.5498195
27,Fregenal de la Sierra,280529.3749997
27,Quintana de la Serena,205312.7577714
27,Fuente de Cantos,266710.5073730
27,Navalvillar de Pela,155587.2019612
27,Monesterio,278416.7255837
27,Santa Amalia,156463.0867353
27,Santa Marta,225518.5459510
27,Arroyo de San Serván,193043.3093118
27,Valverde de Leganés,253523.9047901
27,Zalamea de la Serena,206551.2199596
27,Hornachos,220402.8650301
27,Barcarrota,257016.3840557
27,Herrera del Duque,215650.2080980
27,Villanueva del Fresno,293253.2691049
27,Talarrubias,184289.2805455
27,"Zarza. La",185076.1226997
27,Ribera del Fresno,223903.4896923
27,Burguillos del Cerro,259721.7600177
27,Orellana la Vieja,168165.6386890
27,Zah¡nos,291847.1662120
27,Puebla de Sancho P‚rez,244797.5585007
27,Solana de los Barros,210331.1394142
27,Valdelacalzada,211162.4837324
27,Lobón,205097.5267378
27,Monterrubio de la Serena,210537.3072775
27,Fuentes de León,290584.6462933
27,"Garrovilla. La",190567.6299976
27,Berlanga,262185.2180547
27,Higuera la Real,307973.8983533
27,Villar del Rey,203970.0710820
27,Granja de Torrehermosa,249829.6648010
27,Medell¡n,169786.5737845
27,Bienvenida,255882.3055502
27,"Codosera. La",226748.1210110
27,Valencia del Ventoso,261780.6007702
27,"Coronada. La",165723.9720900
27,Torremej¡a,196368.7909621
27,Siruela,202159.4180518
27,Higuera de Vargas,278521.7893125
27,Segura de León,284560.0318702
27,Salvaleón,256439.4408773
27,Pueblonuevo del Guadiana,214890.9823081
27,Alange,189534.1002027
27,Puebla de Obando,181598.8405683
27,"Albuera. La",236940.5226537
27,Usagre,248227.6068228
27,Fuenlabrada de los Montes,207400.9927506
27,Alconchel,277364.7326087
27,Oliva de Mérida,189968.4455943
27,Salvatierra de los Barros,249343.5313218
27,Villalba de los Barros,225618.9086541
27,Casas de Don Pedro,167564.4355988
27,Esparragalejo,186112.2074426
27,Montemolín,279661.1305358
27,"Roca de la Sierra. La",190590.0204223
27,Campillo de Llerena,265806.7644266
27,Cabeza la Vaca,295970.8262718
27,Villar de Rena,141083.6451123
27,Trujillanos,174446.0350403
27,Valle de la Serena,194585.3722237
27,"Parra. La",242030.0951351
27,Mirandilla,177509.1392403
27,"Haba. La",164689.8599882
27,Villagonzalo,179232.4404435
27,Feria,241355.4888956
27,Medina de las Torres,251359.0821883
27,Valdetorres,175240.3621886
27,Almendral,243743.0670951
27,Corte de Peleas,222712.7420047
27,Cheles,293525.3860599
27,Puebla de Alcocer,186345.8203743
27,Torre de Miguel Sesmero,240706.8800916
27,Valdecaballeros,241052.7989837
27,Peñalsordo,220766.8992230
27,Valle de Santa Ana,272010.1763312
27,Valverde de Mérida,170823.1069491
27,Castilblanco,231446.1141096
27,Bodonal de la Sierra,279460.3093115
27,"Nava de Santiago. La",180234.5740609
27,Esparragosa de la Serena,202713.2133577
27,Maguilla,259974.3379118
27,Calera de León,287395.4097130
27,Ahillones,268907.3313048
27,Higuera de la Serena,202102.2917931
27,Esparragosa de Lares,190594.2467322
27,Torremayor,195732.9840249
27,Villagarcía de la Torre,259971.6458152
27,Cordobilla de Lácara,168110.2002837
27,Benquerencia de la Serena,196736.3024197
27,Llera,233297.3821249
27,San Pedro de Mérida,166183.9310366
27,Calzadilla de los Barros,253487.7522715
27,Puebla de la Reina,206080.0461092
27,Acedera,160785.5268975
27,Táliga,271108.7079329
27,Valencia del Mombuey,316355.4900569
27,Puebla del Maestre,286562.3733383
27,Manchita,198567.8454814
27,"Morera. La",244257.9408154
27,Fuente del Arco,276774.1700309
27,Don Álvaro,179694.8022127
27,Alconera,251394.0846532
27,Nogales,246937.7073192
27,Helechosa de los Montes,260277.8706575
27,Valverde de Llerena,266416.2159700
27,Palomas,201622.6885787
27,Trasierra,269021.4683273
27,Valencia de las Torres,239839.6339948
27,Garlitos,214879.0881147
27,Rena,143865.3019525
27,Malpartida de la Serena,201958.4645787
27,Peraleda del Zaucejo,231413.0712721
27,Magacela,171274.3555670
27,Entrín Bajo,226941.0694870
27,Villarta de los Montes,290913.6636086
27,Carmonita,158120.5599819
27,Cristina,187348.0029972
27,Hinojosa del Valle,233666.5824096
27,Garbayuela,201034.0888052
27,Puebla del Prior,226240.3366508
27,Retamal de Llerena,216850.5844002
27,Mengabril,164371.9542388
27,Malcocinado,269676.4447219
27,Valle de Matamoros,273860.6066074
27,Zarza-Capilla,215573.5583890
27,Higuera de Llerena,242910.4813473
27,Baterno,215608.1353538
27,Atalaya,256125.9759683
27,Valverde de Burguillos,257402.6668718
27,Orellana de la Sierra,164675.8358555
27,"Lapa. La",252136.2332316
27,Tamurejo,213837.0105620
27,Aljucén,165009.8318999
27,Sancti-Spíritus,203626.2255179
27,Reina,271086.8722793
27,Casas de Reina,268254.3754625
27,Capilla,224120.3854849
27,Risco,205943.2873219
27,"Carrascalejo. El",169692.8930488
27,C ceres,138934.7941971
27,Plasencia,65883.6619526
27,Navalmoral de la Mata,46809.5894916
27,Coria,107281.6963386
27,Miajadas,131013.5728431
27,Trujillo,102101.4004697
27,Talayuela,4022.2201749
27,Moraleja,119569.2045961
27,Arroyo de la Luz,156646.3512016
27,Jara¡z de la Vera,27166.1422910
27,Valencia de Alc ntara,218219.9952316
27,Montehermoso,91790.5870068
27,Casar de Cáceres,130958.5954338
27,Malpartida de Plasencia,62795.1139425
27,Malpartida de Cáceres,148757.0483451
27,Hervás,105811.4111638
27,Torrejoncillo,103135.6802168
27,Jarandilla de la Vera,25793.9648907
27,Alcuéscar,146382.3790157
27,Losar de la Vera,25006.7292128
27,Madroñera,106007.1082512
27,Valverde del Fresno,154372.0788128
27,Garrovillas de Alconétar,130917.7837333
27,Aldeanueva de la Vera,30758.8057806
27,Cabezuela del Valle,71249.4440879
27,Brozas,155395.0051105
27,Villanueva de la Vera,36191.7982405
27,Guadalupe,109117.3911067
27,Logrosán,121616.6815780
27,Sierra de Fuentes,133516.7665539
27,Navaconcejo,67937.9186753
27,Ceclavín,141604.8491244
27,Montánchez,139702.2921301
27,Almoharín,135407.7849676
27,Aliseda,166250.4962114
27,Galisteo,82738.8606863
27,Madrigalejo,139343.9713104
27,Cilleros,143738.4124011
27,Zarza de Granadilla,98479.1271849
27,Madrigal de la Vera,45673.3270181
27,Cañamero,114379.7059378
27,Serradilla,99581.8653243
27,Torreorgaz,141155.0971152
27,Pinofranqueado,119346.6924779
27,Zorita,119746.9707204
27,Gata,125143.1646949
27,Alcántara,162457.8220080
27,Guijo de Galisteo,97714.2391315
27,Piornal,46781.6566813
27,Ahigal,94476.3516945
27,Peraleda de la Mata,59823.8582353
27,Navas del Madro¤o,143889.8595103
27,Nuñomoral,138420.1684202
27,Valdefuentes,132801.7014747
27,Zarza la Mayor,145346.7124836
27,Casatejada,34521.4703822
27,Casar de Palomero,116167.6879083
27,Jerte,77171.4136138
27,Almaraz,41656.9095512
27,Majadas,34118.6870479
27,Cañaveral,102305.1648850
27,Rosalejo,66870.6916290
27,Caminomorisco,117099.3418472
27,Riolobos,87985.3079207
27,Casta¤ar de Ibor,80705.8136260
27,Tornavacas,84252.2727462
27,Torrecillas de la Tiesa,89418.5664677
27,"Pesga. La",115901.3012738
27,Carcaboso,77983.0237825
27,Garganta la Olla,35780.3031336
27,Torremocha,133211.0582347
27,Eljas,155336.1843126
27,Campo Lugar,127442.4126331
27,Al¡a,123147.2457514
27,Arroyomolinos,145623.0803427
27,Monroy,121746.0031686
27,"Torno. El",66808.7841368
27,"Cumbre. La",108956.5192114
27,Hoyos,132779.3987685
27,Mohedas de Granadilla,104136.0570370
27,Perales del Puerto,132443.9991764
27,Talav n,124387.8401910
27,San Martín de Trevejo,153384.5620873
27,Cuacos de Yuste,33733.8004535
27,Tejeda de Tiétar,39449.0077573
27,Acehúche,131330.2852901
27,Escurial,134552.8634204
27,Garciaz,124793.6903370
27,Membrío,190721.4419102
27,Deleitosa,69999.0904640
27,Santibáñez el Bajo,98210.1099929
27,Saucedilla,37470.6560808
27,Aldeanueva del Camino,99953.6098771
27,Albalá,138758.6035544
27,Aldeacentenera,125838.5467358
27,Casas del Monte,95321.0063952
27,Valdeobispo,82797.3265413
27,Holguera,92551.6318014
27,Mirabel,88587.1865605
27,Aldea del Cano,149925.2739691
27,Baños de Montemayor,113950.9919630
27,Navezuelas,96716.6783037
27,Casas de Millán,103377.7182151
27,Salorino,198043.8794818
27,Torrecilla de los Ángeles,112977.1426614
27,Acebo,134677.5667994
27,Santiago de Alcántara,212206.7803306
27,Pasarón de la Vera,35589.6776953
27,Villamiel,145397.4634704
27,Villar del Pedroso,89165.0172983
27,Belvís de Monroy,50784.3860407
27,Casas del Castañar,54014.9383081
27,Torre de Santa María,131450.4781522
27,Guijo de Granadilla,95650.3362301
27,Torremenga,29482.8369969
27,Zarza de Montánchez,123602.4841101
27,Aceituna,100471.1567976
27,Torrejón el Rubio,95399.7694688
27,Torrequemada,137910.0061807
27,Jaraicejo,71705.0919736
27,Valverde de la Vera,33097.7671857
27,Torre de Don Miguel,121205.8373588
27,Pozuelo de Zarzón,100980.4972600
27,Villa del Campo,102108.0628284
27,Plasenzuela,118486.0010219
27,Bohonal de Ibor,59501.9124602
27,Berzocana,104533.5838656
27,Casares de las Hurdes,146161.2801361
27,Hernán-Pérez,112928.1610927
27,Villanueva de la Sierra,107880.0378739
27,Cadalso,117519.7562186
27,Navalvillar de Ibor,87817.4230032
27,Arroyomolinos de la Vera,40978.1739464
27,Cedillo,239187.6697407
27,"Garganta. La",120294.3633521
27,Ibahernando,109838.1434253
27,Calzadilla,110896.5222542
27,Barrado,48098.2444561
27,Casillas de Coria,118294.8710106
27,Villasbuenas de Gata,123527.8840581
27,Valdelacasa de Tajo,80630.8705809
27,Abertura,120656.2829853
27,Palomero,110462.0334597
27,Serrejón,46321.2790658
27,Hinojal,117706.3439233
27,Gargantilla,102123.6189956
27,Santibáñez el Alto,118645.6345622
27,Cabañas del Castillo,90847.2541382
27,Robledillo de Trujillo,118460.9841729
27,Cabezabellosa,91525.8379936
27,Morcillo,100954.3031120
27,Portaje,119309.2851892
27,Guijo de Santa Bárbara,30585.4702689
27,Robledollano,83746.1821102
27,Puerto de Santa Cruz,110674.4239687
27,Herreruela,195133.6379004
27,Valdastillas,57489.3763860
27,Cabrero,53745.0135384
27,Herguijuela,108154.3523008
27,Talaveruela de la Vera,31972.3041879
27,"Granja. La",95941.3586175
27,"Aldea del Obispo. La",103210.7547119
27,Casas de Don Gómez,112916.5667469
27,Aldehuela de Jerte,82171.3237407
27,"Gordo. El",65045.7192076
27,Carrascalejo,95254.8880533
27,Mata de Alcántara,156254.3743997
27,Fresnedoso de Ibor,72647.1765196
27,Abadía,102578.4983186
27,Santa Cruz de Paniagua,104883.9390517
27,Villamesías,119423.6062505
27,Santa Marta de Magasca,117794.4809718
27,Santiago del Campo,124493.2281273
27,Robledillo de la Vera,20824.9628892
27,Salvatierra de Santiago,122323.8272563
27,Santa Ana,121699.4635076
27,Peraleda de San Román,69498.0956338
27,Oliva de Plasencia,79154.2697538
27,Herrera de Alcántara,240889.8029705
27,Santa Cruz de la Sierra,109478.7407829
27,Portezuelo,117218.6761261
27,Alcollarín,125222.1345636
27,Viandar de la Vera,31090.0812852
27,Millanes,45464.0518521
27,Marchagaz,113288.0267465
27,Rebollar,66063.0435067
27,Guijo de Coria,103056.3703078
27,Valdemorales,130396.5343583
27,Villar de Plasencia,84091.4694701
27,Ladrillar,151122.3532241
27,Carbajo,206831.8733567
27,Romangordo,53813.4391545
27,Casas de Don Antonio,159598.8086990
27,Valdehúncar,49470.6727282
27,Conquista de la Sierra,111869.0631398
27,Piedras Albas,159164.3522473
27,Collado,30393.0141991
27,Botija,122317.5346473
27,Huélaga,116865.0833675
27,Cerezo,103573.7663634
27,Descargamaría,126760.0796222
27,Segura de Toro,98668.0786045
27,Toril,40000.1807765
27,Mesas de Ibor,66943.7531329
27,Pescueza,127007.8459795
27,Villa del Rey,160669.8373028
27,Jarilla,90719.1049565
27,Casas de Miravete,56859.6698476
27,Gargüera,50892.5447727
27,Robledillo de Gata,129719.3805005
27,Valdecañas de Tajo,75680.9284508
27,Pedroso de Acim,104998.2818166
27,Berrocalejo,72458.4513079
27,Garvín,73835.6119103
27,Higuera,56202.4819144
27,Benquerencia,142415.4623262
27,Cachorrilla,128871.3924200
27,Campillo de Deleitosa,80562.2524362
27,Ruanes,118570.2454237
28,Badajoz,223443.5053104
28,Mérida,185687.2236690
28,Don Benito,161992.7066385
28,Almendralejo,220666.8010410
28,Villanueva de la Serena,174544.1587543
28,Zafra,245584.3121686
28,Montijo,205319.4917011
28,Villafranca de los Barros,228817.0973925
28,Olivenza,258836.0343943
28,Jerez de los Caballeros,283648.4036666
28,Azuaga,258163.7013650
28,"Santos de Maimona. Los",242251.4345279
28,Guareña,194407.4829253
28,Fuente del Maestre,235495.8590575
28,Castuera,195831.0237966
28,Calamonte,191380.3160027
28,Llerena,265197.9262973
28,Puebla de la Calzada,207994.5966044
28,San Vicente de Alcántara,209896.2767966
28,Alburquerque,197219.7470853
28,Aceuchal,225918.9905568
28,Oliva de la Frontera,300765.4659337
28,Talavera la Real,224493.1146467
28,Cabeza del Buey,226149.4905989
28,Campanario,177846.1081701
28,Fregenal de la Sierra,284898.9333502
28,Quintana de la Serena,209682.3161220
28,Fuente de Cantos,271080.0657236
28,Navalvillar de Pela,159956.7603118
28,Monesterio,282786.2839343
28,Santa Amalia,160832.6450859
28,Santa Marta,229888.1043016
28,Arroyo de San Serván,197412.8676624
28,Valverde de Leganés,246318.9235895
28,Zalamea de la Serena,210920.7783102
28,Hornachos,224772.4233807
28,Barcarrota,261385.9424063
28,Herrera del Duque,220019.7664485
28,Villanueva del Fresno,287930.4985379
28,Talarrubias,188658.8388961
28,"Zarza. La",189445.6810503
28,Ribera del Fresno,228273.0480429
28,Burguillos del Cerro,264091.3183683
28,Orellana la Vieja,172535.1970395
28,Zah¡nos,293102.6149022
28,Puebla de Sancho P‚rez,249167.1168512
28,Solana de los Barros,214700.6977648
28,Valdelacalzada,215532.0420830
28,Lobón,209467.0850884
28,Monterrubio de la Serena,214906.8656281
28,Fuentes de León,294954.2046439
28,"Garrovilla. La",194937.1883482
28,Berlanga,266554.7764052
28,Higuera la Real,312343.4567039
28,Villar del Rey,195699.2850504
28,Granja de Torrehermosa,254199.2231515
28,Medell¡n,174156.1321351
28,Bienvenida,260251.8639008
28,"Codosera. La",218477.3349795
28,Valencia del Ventoso,266150.1591207
28,"Coronada. La",170093.5304406
28,Torremej¡a,200738.3493127
28,Siruela,206528.9764023
28,Higuera de Vargas,278882.7649586
28,Segura de León,288929.5902208
28,Salvaleón,260808.9992279
28,Pueblonuevo del Guadiana,219260.5406587
28,Alange,193903.6585533
28,Puebla de Obando,173328.0545367
28,"Albuera. La",241310.0810043
28,Usagre,252597.1651734
28,Fuenlabrada de los Montes,211770.5511012
28,Alconchel,272041.9620417
28,Oliva de Mérida,194338.0039448
28,Salvatierra de los Barros,253713.0896724
28,Villalba de los Barros,229988.4670047
28,Casas de Don Pedro,171933.9939493
28,Esparragalejo,190481.7657932
28,Montemolín,284030.6888864
28,"Roca de la Sierra. La",182319.2343907
28,Campillo de Llerena,270176.3227771
28,Cabeza la Vaca,300340.3846223
28,Villar de Rena,145453.2034629
28,Trujillanos,178815.5933909
28,Valle de la Serena,198954.9305743
28,"Parra. La",246399.6534856
28,Mirandilla,181878.6975909
28,"Haba. La",169059.4183388
28,Villagonzalo,183601.9987941
28,Feria,245725.0472462
28,Medina de las Torres,255728.6405389
28,Valdetorres,179609.9205391
28,Almendral,248112.6254457
28,Corte de Peleas,227082.3003553
28,Cheles,286320.4048593
28,Puebla de Alcocer,190715.3787248
28,Torre de Miguel Sesmero,245076.4384421
28,Valdecaballeros,245422.3573342
28,Peñalsordo,225136.4575735
28,Valle de Santa Ana,276379.7346817
28,Valverde de Mérida,175192.6652997
28,Castilblanco,235815.6724601
28,Bodonal de la Sierra,283829.8676621
28,"Nava de Santiago. La",184604.1324115
28,Esparragosa de la Serena,207082.7717083
28,Maguilla,264343.8962624
28,Calera de León,291764.9680636
28,Ahillones,273276.8896554
28,Higuera de la Serena,206471.8501436
28,Esparragosa de Lares,194963.8050828
28,Torremayor,200102.5423754
28,Villagarcía de la Torre,264341.2041658
28,Cordobilla de Lácara,172479.7586342
28,Benquerencia de la Serena,201105.8607702
28,Llera,237666.9404754
28,San Pedro de Mérida,170553.4893872
28,Calzadilla de los Barros,257857.3106221
28,Puebla de la Reina,210449.6044597
28,Acedera,165155.0852481
28,Táliga,263935.5046588
28,Valencia del Mombuey,320725.0484075
28,Puebla del Maestre,290931.9316889
28,Manchita,202937.4038320
28,"Morera. La",248627.4991659
28,Fuente del Arco,281143.7283815
28,Don Álvaro,184064.3605633
28,Alconera,255763.6430037
28,Nogales,251307.2656698
28,Helechosa de los Montes,264647.4290081
28,Valverde de Llerena,270785.7743206
28,Palomas,205992.2469293
28,Trasierra,273391.0266778
28,Valencia de las Torres,244209.1923453
28,Garlitos,219248.6464652
28,Rena,148234.8603030
28,Malpartida de la Serena,206328.0229292
28,Peraleda del Zaucejo,235782.6296227
28,Magacela,175643.9139176
28,Entrín Bajo,231310.6278376
28,Villarta de los Montes,295283.2219592
28,Carmonita,162490.1183325
28,Cristina,191717.5613478
28,Hinojosa del Valle,238036.1407602
28,Garbayuela,205403.6471558
28,Puebla del Prior,230609.8950014
28,Retamal de Llerena,221220.1427507
28,Mengabril,168741.5125894
28,Malcocinado,274046.0030725
28,Valle de Matamoros,278230.1649580
28,Zarza-Capilla,219943.1167395
28,Higuera de Llerena,247280.0396979
28,Baterno,219977.6937043
28,Atalaya,260495.5343188
28,Valverde de Burguillos,261772.2252223
28,Orellana de la Sierra,169045.3942061
28,"Lapa. La",256505.7915822
28,Tamurejo,218206.5689126
28,Aljucén,169379.3902505
28,Sancti-Spíritus,207995.7838684
28,Reina,275456.4306299
28,Casas de Reina,272623.9338131
28,Capilla,228489.9438355
28,Risco,210312.8456725
28,"Carrascalejo. El",174062.4513994
28,C ceres,131260.7182040
28,Plasencia,57612.8759211
28,Navalmoral de la Mata,51179.1478422
28,Coria,99010.9103071
28,Miajadas,135383.1311937
28,Trujillo,106470.9588203
28,Talayuela,21333.1788132
28,Moraleja,111298.4185645
28,Arroyo de la Luz,148375.5651700
28,Jara¡z de la Vera,18895.3562594
28,Valencia de Alc ntara,209949.2092000
28,Montehermoso,83519.8009753
28,Casar de Cáceres,122687.8094023
28,Malpartida de Plasencia,54524.3279110
28,Malpartida de Cáceres,140486.2623135
28,Hervás,97417.4619396
28,Torrejoncillo,94864.8941852
28,Jarandilla de la Vera,3343.4990986
28,Alcuéscar,150751.9373663
28,Losar de la Vera,6817.5663010
28,Madroñera,110376.6666017
28,Valverde del Fresno,146101.2927812
28,Garrovillas de Alconétar,122646.9977018
28,Aldeanueva de la Vera,8308.3399886
28,Cabezuela del Valle,62855.4948636
28,Brozas,147124.2190789
28,Villanueva de la Vera,22740.4997368
28,Guadalupe,113486.9494573
28,Logrosán,125986.2399285
28,Sierra de Fuentes,137886.3249045
28,Navaconcejo,59543.9694511
28,Ceclavín,133334.0630929
28,Montánchez,144071.8504807
28,Almoharín,139777.3433181
28,Aliseda,157979.7101798
28,Galisteo,74468.0746547
28,Madrigalejo,143713.5296610
28,Cilleros,135467.6263695
28,Zarza de Granadilla,90208.3411534
28,Madrigal de la Vera,32222.0285144
28,Cañamero,118749.2642883
28,Serradilla,91311.0792928
28,Torreorgaz,145524.6554658
28,Pinofranqueado,111075.9064464
28,Zorita,124116.5290710
28,Gata,116872.3786634
28,Alcántara,154187.0359765
28,Guijo de Galisteo,89443.4531000
28,Piornal,38387.7074571
28,Ahigal,86205.5656629
28,Peraleda de la Mata,64193.4165859
28,Navas del Madro¤o,135619.0734787
28,Nuñomoral,130149.3823887
28,Valdefuentes,137171.2598253
28,Zarza la Mayor,137075.9264521
28,Casatejada,38891.0287328
28,Casar de Palomero,107896.9018768
28,Jerte,68777.4643895
28,Almaraz,46026.4679018
28,Majadas,38488.2453985
28,Cañaveral,94034.3788534
28,Rosalejo,71240.2499795
28,Caminomorisco,108828.5558157
28,Riolobos,79714.5218891
28,Casta¤ar de Ibor,85075.3719765
28,Tornavacas,75858.3235219
28,Torrecillas de la Tiesa,93788.1248183
28,"Pesga. La",107630.5152423
28,Carcaboso,69712.2377510
28,Garganta la Olla,20138.2290123
28,Torremocha,137580.6165853
28,Eljas,147065.3982810
28,Campo Lugar,131811.9709837
28,Al¡a,127516.8041019
28,Arroyomolinos,149992.6386933
28,Monroy,115900.4038479
28,"Torno. El",58537.9981052
28,"Cumbre. La",113326.0775620
28,Hoyos,124508.6127369
28,Mohedas de Granadilla,95865.2710055
28,Perales del Puerto,124173.2131448
28,Talav n,116117.0541595
28,San Martín de Trevejo,145113.7760558
28,Cuacos de Yuste,12101.2795196
28,Tejeda de Tiétar,31178.2217258
28,Acehúche,123059.4992586
28,Escurial,138922.4217709
28,Garciaz,129163.2486876
28,Membrío,182450.6558786
28,Deleitosa,74368.6488146
28,Santibáñez el Bajo,89939.3239614
28,Saucedilla,41840.2144314
28,Aldeanueva del Camino,91682.8238455
28,Albalá,143128.1619050
28,Aldeacentenera,130208.1050864
28,Casas del Monte,87050.2203637
28,Valdeobispo,74526.5405097
28,Holguera,84280.8457698
28,Mirabel,80316.4005289
28,Aldea del Cano,154294.8323197
28,Baños de Montemayor,105557.0427388
28,Navezuelas,101086.2366542
28,Casas de Millán,95106.9321836
28,Salorino,189773.0934503
28,Torrecilla de los Ángeles,104706.3566299
28,Acebo,126406.7807678
28,Santiago de Alcántara,203935.9942991
28,Pasarón de la Vera,27318.8916637
28,Villamiel,137126.6774389
28,Villar del Pedroso,93534.5756489
28,Belvís de Monroy,55153.9443913
28,Casas del Castañar,45744.1522765
28,Torre de Santa María,135820.0365027
28,Guijo de Granadilla,87379.5501986
28,Torremenga,21212.0509653
28,Zarza de Montánchez,127972.0424607
28,Aceituna,92200.3707660
28,Torrejón el Rubio,88848.1447382
28,Torrequemada,142279.5645313
28,Jaraicejo,76074.6503241
28,Valverde de la Vera,19646.4686820
28,Torre de Don Miguel,112935.0513273
28,Pozuelo de Zarzón,92709.7112285
28,Villa del Campo,93837.2767968
28,Plasenzuela,122855.5593725
28,Bohonal de Ibor,63871.4708108
28,Berzocana,108903.1422162
28,Casares de las Hurdes,137890.4941045
28,Hernán-Pérez,104657.3750611
28,Villanueva de la Sierra,99609.2518424
28,Cadalso,109248.9701870
28,Navalvillar de Ibor,92186.9813537
28,Arroyomolinos de la Vera,32707.3879148
28,Cedillo,230916.8837091
28,"Garganta. La",111900.4141278
28,Ibahernando,114207.7017759
28,Calzadilla,102625.7362227
28,Barrado,39827.4584246
28,Casillas de Coria,110024.0849790
28,Villasbuenas de Gata,115257.0980266
28,Valdelacasa de Tajo,85000.4289315
28,Abertura,125025.8413358
28,Palomero,102191.2474281
28,Serrejón,50690.8374164
28,Hinojal,109435.5578918
28,Gargantilla,93852.8329640
28,Santibáñez el Alto,110374.8485306
28,Cabañas del Castillo,95216.8124888
28,Robledillo de Trujillo,122830.5425235
28,Cabezabellosa,83255.0519621
28,Morcillo,92683.5170804
28,Portaje,111038.4991577
28,Guijo de Santa Bárbara,8135.0044768
28,Robledollano,88115.7404608
28,Puerto de Santa Cruz,115043.9823193
28,Herreruela,186862.8518689
28,Valdastillas,49095.4271618
28,Cabrero,45474.2275068
28,Herguijuela,112523.9106514
28,Talaveruela de la Vera,18521.0056842
28,"Granja. La",87670.5725860
28,"Aldea del Obispo. La",107580.3130625
28,Casas de Don Gómez,104645.7807153
28,Aldehuela de Jerte,73900.5377091
28,"Gordo. El",69415.2775582
28,Carrascalejo,99624.4464039
28,Mata de Alcántara,147983.5883681
28,Fresnedoso de Ibor,77016.7348702
28,Abadía,94307.7122871
28,Santa Cruz de Paniagua,96613.1530202
28,Villamesías,123793.1646010
28,Santa Marta de Magasca,122164.0393224
28,Santiago del Campo,116222.4420958
28,Robledillo de la Vera,7373.6643855
28,Salvatierra de Santiago,126693.3856069
28,Santa Ana,126069.0218582
28,Peraleda de San Román,73867.6539843
28,Oliva de Plasencia,70883.4837223
28,Herrera de Alcántara,232619.0169389
28,Santa Cruz de la Sierra,113848.2991334
28,Portezuelo,108947.8900946
28,Alcollarín,129591.6929142
28,Viandar de la Vera,17638.7827815
28,Millanes,49833.6102027
28,Marchagaz,105017.2407150
28,Rebollar,57669.0942825
28,Guijo de Coria,94785.5842763
28,Valdemorales,134766.0927089
28,Villar de Plasencia,75820.6834386
28,Ladrillar,142851.5671925
28,Carbajo,198561.0873251
28,Romangordo,58182.9975051
28,Casas de Don Antonio,163968.3670496
28,Valdehúncar,53840.2310787
28,Conquista de la Sierra,116238.6214904
28,Piedras Albas,150893.5662157
28,Collado,21981.2293483
28,Botija,126687.0929979
28,Huélaga,108594.2973359
28,Cerezo,95302.9803319
28,Descargamaría,118489.2935907
28,Segura de Toro,90397.2925729
28,Toril,44369.7391270
28,Mesas de Ibor,71313.3114834
28,Pescueza,118737.0599479
28,Villa del Rey,152399.0512712
28,Jarilla,82448.3189249
28,Casas de Miravete,61229.2281982
28,Gargüera,42621.7587411
28,Robledillo de Gata,121448.5944690
28,Valdecañas de Tajo,80050.4868014
28,Pedroso de Acim,96727.4957850
28,Berrocalejo,76828.0096584
28,Garvín,78205.1702609
28,Higuera,60572.0402650
28,Benquerencia,146785.0206768
28,Cachorrilla,120600.6063885
28,Campillo de Deleitosa,84931.8107868
28,Ruanes,122939.8037743
29,Badajoz,165077.5018450
29,Mérida,168351.7311752
29,Don Benito,148354.3382216
29,Almendralejo,177845.9978921
29,Villanueva de la Serena,160905.7903374
29,Zafra,202819.5312973
29,Montijo,148889.8922657
29,Villafranca de los Barros,186052.3165212
29,Olivenza,200470.0309289
29,Jerez de los Caballeros,235737.8133247
29,Azuaga,244525.3329481
29,"Santos de Maimona. Los",199486.6536566
29,Guareña,177578.5195763
29,Fuente del Maestre,192731.0781861
29,Castuera,182192.6553797
29,Calamonte,148559.5128538
29,Llerena,243630.9807182
29,Puebla de la Calzada,151564.9971690
29,San Vicente de Alcántara,151530.2733312
29,Alburquerque,138853.7436199
29,Aceuchal,183098.1874078
29,Oliva de la Frontera,245520.1978214
29,Talavera la Real,170830.8737774
29,Cabeza del Buey,212844.0703248
29,Campanario,164207.7397532
29,Fregenal de la Sierra,242134.1524789
29,Quintana de la Serena,196043.9477051
29,Fuente de Cantos,228315.2848523
29,Navalvillar de Pela,163200.3702282
29,Monesterio,240021.5030630
29,Santa Amalia,147007.7413359
29,Santa Marta,187067.3011527
29,Arroyo de San Serván,154592.0645135
29,Valverde de Leganés,187952.9201241
29,Zalamea de la Serena,197282.4098933
29,Hornachos,204916.8571189
29,Barcarrota,210543.4458102
29,Herrera del Duque,223263.3763649
29,Villanueva del Fresno,229564.4950725
29,Talarrubias,191902.4488124
29,"Zarza. La",172110.1885565
29,Ribera del Fresno,194290.6793407
29,Burguillos del Cerro,221326.5374970
29,Orellana la Vieja,168047.1386063
29,Zah¡nos,234736.6114368
29,Puebla de Sancho P‚rez,206402.3359799
29,Solana de los Barros,171879.8946158
29,Valdelacalzada,159102.4426476
29,Lobón,155804.8442191
29,Monterrubio de la Serena,201268.4972112
29,Fuentes de León,252189.4237725
29,"Garrovilla. La",152116.3851992
29,Berlanga,244987.8308261
29,Higuera la Real,261835.8121274
29,Villar del Rey,137333.2815850
29,Granja de Torrehermosa,240560.8547346
29,Medell¡n,160517.7637182
29,Bienvenida,225589.9386310
29,"Codosera. La",160111.3315141
29,Valencia del Ventoso,223385.3782494
29,"Coronada. La",156455.1620237
29,Torremej¡a,157973.5684413
29,Siruela,209772.5863187
29,Higuera de Vargas,220516.7614932
29,Segura de León,246164.8093494
29,Salvaleón,216468.2330777
29,Pueblonuevo del Guadiana,162830.9412233
29,Alange,166872.1538533
29,Puebla de Obando,114962.0510713
29,"Albuera. La",187584.1119734
29,Usagre,217881.5804711
29,Fuenlabrada de los Montes,215014.1610176
29,Alconchel,213675.9585763
29,Oliva de Mérida,177002.5114511
29,Salvatierra de los Barros,210892.2865235
29,Villalba de los Barros,187167.6638557
29,Casas de Don Pedro,175177.6038657
29,Esparragalejo,147660.9626443
29,Montemolín,243206.1058950
29,"Roca de la Sierra. La",123953.2309253
29,Campillo de Llerena,256537.9543602
29,Cabeza la Vaca,257575.6037510
29,Villar de Rena,131814.8350460
29,Trujillanos,145983.0697861
29,Valle de la Serena,185316.5621574
29,"Parra. La",203578.8503367
29,Mirandilla,140034.3765698
29,"Haba. La",155421.0499219
29,Villagonzalo,166266.5063003
29,Feria,202904.2440972
29,Medina de las Torres,212963.8596675
29,Valdetorres,165785.0167892
29,Almendral,199444.7765523
29,Corte de Peleas,184261.4972064
29,Cheles,227954.4013939
29,Puebla de Alcocer,193958.9886412
29,Torre de Miguel Sesmero,202081.8181572
29,Valdecaballeros,248665.9672506
29,Peñalsordo,228380.0674899
29,Valle de Santa Ana,233558.9315328
29,Valverde de Mérida,157857.1728060
29,Castilblanco,239059.2823765
29,Bodonal de la Sierra,241065.0867908
29,"Nava de Santiago. La",141928.0952688
29,Esparragosa de la Serena,193444.4032914
29,Maguilla,242776.9506832
29,Calera de León,249000.1871922
29,Ahillones,251273.8956402
29,Higuera de la Serena,192833.4817267
29,Esparragosa de Lares,198207.4149991
29,Torremayor,154663.1211136
29,Villagarcía de la Torre,229751.9125457
29,Cordobilla de Lácara,130322.2989956
29,Benquerencia de la Serena,187467.4923533
29,Llera,216099.9948963
29,San Pedro de Mérida,153205.2081797
29,Calzadilla de los Barros,215092.5297507
29,Puebla de la Reina,190594.0381979
29,Acedera,156678.7931073
29,Táliga,205569.5011934
29,Valencia del Mombuey,265479.7802952
29,Puebla del Maestre,261221.4037020
29,Manchita,186108.4404830
29,"Morera. La",205806.6960170
29,Fuente del Arco,259576.7828023
29,Don Álvaro,166728.8680695
29,Alconera,212998.8621324
29,Nogales,206966.4995196
29,Helechosa de los Montes,267891.0389245
29,Valverde de Llerena,257147.4059037
29,Palomas,186136.6806675
29,Trasierra,251824.0810987
29,Valencia de las Torres,222642.2467662
29,Garlitos,222492.2563816
29,Rena,134596.4918861
29,Malpartida de la Serena,192689.6545123
29,Peraleda del Zaucejo,222144.2612058
29,Magacela,162005.5455007
29,Entrín Bajo,188489.8246887
29,Villarta de los Montes,298526.8318756
29,Carmonita,120332.6586939
29,Cristina,174888.5979988
29,Hinojosa del Valle,203320.5560579
29,Garbayuela,208647.2570721
29,Puebla del Prior,198659.0925289
29,Retamal de Llerena,207581.7743338
29,Mengabril,155103.1441725
29,Malcocinado,260407.6346556
29,Valle de Matamoros,227363.0792567
29,Zarza-Capilla,223186.7266559
29,Higuera de Llerena,225713.0941187
29,Baterno,223221.3036207
29,Atalaya,217730.7534475
29,Valverde de Burguillos,219007.4443510
29,Orellana de la Sierra,171590.6200073
29,"Lapa. La",213741.0107108
29,Tamurejo,221450.1788289
29,Aljucén,127535.0692294
29,Sancti-Spíritus,211239.3937848
29,Reina,253889.4850507
29,Casas de Reina,251056.9882339
29,Capilla,231733.5537519
29,Risco,213556.4555888
29,"Carrascalejo. El",132218.1303783
29,C ceres,72894.7147386
29,Plasencia,5715.5346252
29,Navalmoral de la Mata,60026.6967431
29,Coria,40599.8099501
29,Miajadas,121733.4269410
29,Trujillo,85113.7149232
29,Talayuela,68812.2897923
29,Moraleja,52930.3710114
29,Arroyo de la Luz,90009.5617047
29,Jara¡z de la Vera,44264.7435875
29,Valencia de Alc ntara,151583.2057346
29,Montehermoso,28049.3464451
29,Casar de Cáceres,64321.8059369
29,Malpartida de Plasencia,11505.3875663
29,Malpartida de Cáceres,82120.2588481
29,Hervás,72931.9428100
29,Torrejoncillo,36498.8907198
29,Jarandilla de la Vera,59924.0813961
29,Alcuéscar,121175.7366861
29,Losar de la Vera,65826.2544370
29,Madroñera,96850.5271462
29,Valverde del Fresno,90630.8382511
29,Garrovillas de Alconétar,64280.9942364
29,Aldeanueva de la Vera,54741.5925181
29,Cabezuela del Valle,38369.9757341
29,Brozas,88758.2156135
29,Villanueva de la Vera,81873.1010957
29,Guadalupe,122334.4983582
29,Logrosán,129229.8498449
29,Sierra de Fuentes,83519.8294832
29,Navaconcejo,35058.4503215
29,Ceclavín,74922.9627360
29,Montánchez,120498.3374630
29,Almoharín,124526.2581734
29,Aliseda,99613.7067144
29,Galisteo,16066.9628908
29,Madrigalejo,130187.3902055
29,Cilleros,79997.1718394
29,Zarza de Granadilla,34857.3153669
29,Madrigal de la Vera,91354.6298732
29,Cañamero,121992.8742047
29,Serradilla,32945.0758274
29,Torreorgaz,91380.0863553
29,Pinofranqueado,55724.8806599
29,Zorita,110590.3896155
29,Gata,61401.9241332
29,Alcántara,95821.0325111
29,Guijo de Galisteo,33972.9985698
29,Piornal,37629.5096153
29,Ahigal,30854.5398764
29,Peraleda de la Mata,73040.9654868
29,Navas del Madro¤o,77253.0700133
29,Nuñomoral,74798.3566022
29,Valdefuentes,109079.6457352
29,Zarza la Mayor,78707.8788989
29,Casatejada,47547.0897761
29,Casar de Palomero,52545.8760903
29,Jerte,44291.9452600
29,Almaraz,54682.5289451
29,Majadas,41437.2084935
29,Cañaveral,35668.3753880
29,Rosalejo,80087.7988805
29,Caminomorisco,53477.5300292
29,Riolobos,21348.5184237
29,Casta¤ar de Ibor,93922.9208775
29,Tornavacas,51372.8043924
29,Torrecillas de la Tiesa,95948.8854906
29,"Pesga. La",52279.4894558
29,Carcaboso,14241.7832209
29,Garganta la Olla,53147.4752954
29,Torremocha,99700.8141053
29,Eljas,91594.9437509
29,Campo Lugar,118173.6025668
29,Al¡a,136364.3530028
29,Arroyomolinos,126419.1256755
29,Monroy,63597.8402732
29,"Torno. El",28486.2723848
29,"Cumbre. La",91982.8846804
29,Hoyos,69038.1582068
29,Mohedas de Granadilla,40514.2452190
29,Perales del Puerto,68702.7586147
29,Talav n,57751.0506941
29,San Martín de Trevejo,89643.3215256
29,Cuacos de Yuste,51100.9726152
29,Tejeda de Tiétar,36897.1845400
29,Acehúche,64693.4957932
29,Escurial,125284.0533540
29,Garciaz,115637.1092321
29,Membrío,124084.6524132
29,Deleitosa,77612.2587309
29,Santibáñez el Bajo,34588.2981749
29,Saucedilla,50496.2754747
29,Aldeanueva del Camino,36331.7980590
29,Albalá,119554.6488873
29,Aldeacentenera,116681.9656309
29,Casas del Monte,31699.1945772
29,Valdeobispo,19056.0859796
29,Holguera,25914.8423044
29,Mirabel,21950.3970635
29,Aldea del Cano,96772.7071639
29,Baños de Montemayor,81071.5236092
29,Navezuelas,104329.8465706
29,Casas de Millán,36740.9287182
29,Salorino,131407.0899849
29,Torrecilla de los Ángeles,49235.9020997
29,Acebo,70936.3262377
29,Santiago de Alcántara,145569.9908337
29,Pasarón de la Vera,50408.7509653
29,Villamiel,81656.2229087
29,Villar del Pedroso,102382.1245498
29,Belvís de Monroy,64001.4932922
29,Casas del Castañar,27261.9764648
29,Torre de Santa María,112246.5234850
29,Guijo de Granadilla,32028.5244121
29,Torremenga,41806.4962123
29,Zarza de Montánchez,113936.7382694
29,Aceituna,36729.9162359
29,Torrejón el Rubio,40831.1929553
29,Torrequemada,94437.8096841
29,Jaraicejo,64731.0745083
29,Valverde de la Vera,78779.0700409
29,Torre de Don Miguel,57464.5967972
29,Pozuelo de Zarzón,37239.2566984
29,Villa del Campo,38366.8222667
29,Plasenzuela,101510.9862143
29,Bohonal de Ibor,72719.0197117
29,Berzocana,112146.7521325
29,Casares de las Hurdes,82539.4683181
29,Hernán-Pérez,49186.9205310
29,Villanueva de la Sierra,44138.7973122
29,Cadalso,53778.5156569
29,Navalvillar de Ibor,101034.5302547
29,Arroyomolinos de la Vera,31542.2468156
29,Cedillo,172550.8802437
29,"Garganta. La",87414.8949983
29,Ibahernando,100280.6223326
29,Calzadilla,47155.2816925
29,Barrado,31438.1004539
29,Casillas de Coria,51612.9846221
29,Villasbuenas de Gata,59786.6434964
29,Valdelacasa de Tajo,93847.9778324
29,Abertura,111387.4729190
29,Palomero,46840.2216416
29,Serrejón,42589.3305655
29,Hinojal,51069.5544264
29,Gargantilla,38501.8071776
29,Santibáñez el Alto,54904.3940005
29,Cabañas del Castillo,98460.4224051
29,Robledillo de Trujillo,108903.4630802
29,Cabezabellosa,27904.0261756
29,Morcillo,37213.0625503
29,Portaje,52627.3988008
29,Guijo de Santa Bárbara,64367.6524514
29,Robledollano,91359.3503771
29,Puerto de Santa Cruz,101219.0785693
29,Herreruela,128496.8484035
29,Valdastillas,30602.9666761
29,Cabrero,28812.1463932
29,Herguijuela,98997.7711959
29,Talaveruela de la Vera,77653.6070431
29,"Granja. La",32319.5467995
29,"Aldea del Obispo. La",68437.7514106
29,Casas de Don Gómez,46277.7331622
29,Aldehuela de Jerte,18430.0831790
29,"Gordo. El",78262.8264591
29,Carrascalejo,108471.9953048
29,Mata de Alcántara,89617.5849027
29,Fresnedoso de Ibor,85864.2837711
29,Abadía,38956.6865006
29,Santa Cruz de Paniagua,41262.1272337
29,Villamesías,110154.7961841
29,Santa Marta de Magasca,94146.0354946
29,Santiago del Campo,57856.4386304
29,Robledillo de la Vera,69032.4551251
29,Salvatierra de Santiago,105350.1927253
29,Santa Ana,104725.8289766
29,Peraleda de San Román,82715.2028852
29,Oliva de Plasencia,15532.4579358
29,Herrera de Alcántara,174253.0134736
29,Santa Cruz de la Sierra,100213.6781546
29,Portezuelo,50581.8866292
29,Alcollarín,116065.5534587
29,Viandar de la Vera,76771.3841404
29,Millanes,58681.1591036
29,Marchagaz,49666.2149285
29,Rebollar,33183.5751530
29,Guijo de Coria,39315.1297461
29,Valdemorales,119515.0075642
29,Villar de Plasencia,20469.6576521
29,Ladrillar,87500.5414061
29,Carbajo,140195.0838598
29,Romangordo,61965.2795240
29,Casas de Don Antonio,126371.1903126
29,Valdehúncar,62687.7799797
29,Conquista de la Sierra,102712.4820349
29,Piedras Albas,92525.5186625
29,Collado,47760.1863608
29,Botija,105342.5198398
29,Huélaga,50226.2497828
29,Cerezo,39951.9545454
29,Descargamaría,63018.8390605
29,Segura de Toro,35046.2667864
29,Toril,40975.3283628
29,Mesas de Ibor,80160.8603844
29,Pescueza,60325.9595910
29,Villa del Rey,94033.0478058
29,Jarilla,27097.2931384
29,Casas de Miravete,65011.5102171
29,Gargüera,25136.1754149
29,Robledillo de Gata,65978.1399389
29,Valdecañas de Tajo,88898.0357023
29,Pedroso de Acim,38361.4923196
29,Berrocalejo,85675.5585594
29,Garvín,87052.7191618
29,Higuera,64354.3222839
29,Benquerencia,108905.2181968
29,Cachorrilla,62189.5060316
29,Campillo de Deleitosa,93779.3596877
29,Ruanes,101596.6108927
30,Badajoz,132624.5504764
30,Mérida,135898.7798067
30,Don Benito,127191.5606447
30,Almendralejo,145393.0465235
30,Villanueva de la Serena,139743.0127605
30,Zafra,170366.5799287
30,Montijo,116436.9408972
30,Villafranca de los Barros,153599.3651526
30,Olivenza,168017.0795604
30,Jerez de los Caballeros,203284.8619561
30,Azuaga,229236.7517783
30,"Santos de Maimona. Los",167033.7022880
30,Guareña,145125.5682078
30,Fuente del Maestre,160278.1268176
30,Castuera,169055.0725847
30,Calamonte,116106.5614852
30,Llerena,211178.0293496
30,Puebla de la Calzada,119112.0458005
30,San Vicente de Alcántara,118060.9081870
30,Alburquerque,106400.7922513
30,Aceuchal,150645.2360393
30,Oliva de la Frontera,213067.2464528
30,Talavera la Real,138377.9224088
30,Cabeza del Buey,199706.4875297
30,Campanario,151070.1569582
30,Fregenal de la Sierra,209681.2011103
30,Quintana de la Serena,182906.3649101
30,Fuente de Cantos,195862.3334837
30,Navalvillar de Pela,156900.9972412
30,Monesterio,207568.5516944
30,Santa Amalia,123791.4215048
30,Santa Marta,154614.3497841
30,Arroyo de San Serván,122139.1131449
30,Valverde de Leganés,155499.9687556
30,Zalamea de la Serena,181993.8287235
30,Hornachos,172463.9057503
30,Barcarrota,178090.4944417
30,Herrera del Duque,216964.0033779
30,Villanueva del Fresno,197111.5437039
30,Talarrubias,185603.0758254
30,"Zarza. La",139657.2371880
30,Ribera del Fresno,161837.7279721
30,Burguillos del Cerro,188873.5861284
30,Orellana la Vieja,155399.7881869
30,Zah¡nos,202283.6600683
30,Puebla de Sancho P‚rez,173949.3846113
30,Solana de los Barros,139426.9432473
30,Valdelacalzada,126649.4912791
30,Lobón,123351.8928505
30,Monterrubio de la Serena,188130.9144162
30,Fuentes de León,219736.4724040
30,"Garrovilla. La",119663.4338307
30,Berlanga,212534.8794575
30,Higuera la Real,229382.8607588
30,Villar del Rey,104880.3302165
30,Granja de Torrehermosa,225272.2735649
30,Medell¡n,139071.9080686
30,Bienvenida,193136.9872625
30,"Codosera. La",127658.3801455
30,Valencia del Ventoso,190932.4268808
30,"Coronada. La",143317.5792287
30,Torremej¡a,125520.6170728
30,Siruela,203473.2133317
30,Higuera de Vargas,188063.8101247
30,Segura de León,213711.8579809
30,Salvaleón,184015.2817092
30,Pueblonuevo del Guadiana,130377.9898548
30,Alange,134419.2024848
30,Puebla de Obando,82509.0997028
30,"Albuera. La",155131.1606049
30,Usagre,185428.6291025
30,Fuenlabrada de los Montes,208714.7880305
30,Alconchel,181223.0072077
30,Oliva de Mérida,144549.5600825
30,Salvatierra de los Barros,178439.3351549
30,Villalba de los Barros,154714.7124872
30,Casas de Don Pedro,168878.2308787
30,Esparragalejo,115208.0112757
30,Montemolín,210753.1545265
30,"Roca de la Sierra. La",91500.2795568
30,Campillo de Llerena,226977.1593218
30,Cabeza la Vaca,225122.6523824
30,Villar de Rena,129465.9255098
30,Trujillanos,113530.1184175
30,Valle de la Serena,164153.7845805
30,"Parra. La",171125.8989682
30,Mirandilla,107581.4252012
30,"Haba. La",134258.2723450
30,Villagonzalo,133813.5549318
30,Feria,170451.2927287
30,Medina de las Torres,180510.9082990
30,Valdetorres,142568.6969580
30,Almendral,166991.8251838
30,Corte de Peleas,151808.5458378
30,Cheles,195501.4500254
30,Puebla de Alcocer,187659.6156542
30,Torre de Miguel Sesmero,169628.8667887
30,Valdecaballeros,242366.5942636
30,Peñalsordo,215779.3902330
30,Valle de Santa Ana,201105.9801642
30,Valverde de Mérida,125404.2214374
30,Castilblanco,232759.9093895
30,Bodonal de la Sierra,208612.1354222
30,"Nava de Santiago. La",109475.1439002
30,Esparragosa de la Serena,180306.8204964
30,Maguilla,210323.9993147
30,Calera de León,216547.2358237
30,Ahillones,218820.9442717
30,Higuera de la Serena,171670.7041498
30,Esparragosa de Lares,190535.6719316
30,Torremayor,122210.1697450
30,Villagarcía de la Torre,197298.9611772
30,Cordobilla de Lácara,97869.3476270
30,Benquerencia de la Serena,174329.9095583
30,Llera,183647.0435277
30,San Pedro de Mérida,120752.2568111
30,Calzadilla de los Barros,182639.5783822
30,Puebla de la Reina,158141.0868294
30,Acedera,144031.4426879
30,Táliga,173116.5498248
30,Valencia del Mombuey,233026.8289267
30,Puebla del Maestre,228768.4523334
30,Manchita,153655.4891145
30,"Morera. La",173353.7446484
30,Fuente del Arco,227123.8314338
30,Don Álvaro,134275.9167010
30,Alconera,180545.9107638
30,Nogales,174513.5481511
30,Helechosa de los Montes,261591.6659375
30,Valverde de Llerena,226679.4591382
30,Palomas,153683.7292989
30,Trasierra,219371.1297301
30,Valencia de las Torres,190189.2953976
30,Garlitos,216192.8833946
30,Rena,126649.0710473
30,Malpartida de la Serena,179552.0717173
30,Peraleda del Zaucejo,206855.6800360
30,Magacela,140842.7679238
30,Entrín Bajo,156036.8733201
30,Villarta de los Montes,292227.4588886
30,Carmonita,87879.7073253
30,Cristina,142435.6466303
30,Hinojosa del Valle,170867.6046893
30,Garbayuela,202347.8840851
30,Puebla del Prior,166206.1411603
30,Retamal de Llerena,186418.9967569
30,Mengabril,133657.2885229
30,Malcocinado,245119.0534858
30,Valle de Matamoros,194910.1278881
30,Zarza-Capilla,210586.0493990
30,Higuera de Llerena,193260.1427502
30,Baterno,216921.9306337
30,Atalaya,185277.8020789
30,Valverde de Burguillos,186554.4929824
30,Orellana de la Sierra,158943.2695879
30,"Lapa. La",181288.0593423
30,Tamurejo,215150.8058419
30,Aljucén,95082.1178608
30,Sancti-Spíritus,204940.0207978
30,Reina,221436.5336822
30,Casas de Reina,218604.0368654
30,Capilla,219132.8764950
30,Risco,207257.0826018
30,"Carrascalejo. El",99765.1790097
30,C ceres,40441.7633700
30,Plasencia,38993.6516351
30,Navalmoral de la Mata,86984.7064784
30,Coria,37946.3424667
30,Miajadas,106317.6113607
30,Trujillo,84611.0555087
30,Talayuela,98859.4206260
30,Moraleja,53123.1579068
30,Arroyo de la Luz,57556.6103361
30,Jara¡z de la Vera,74311.8744212
30,Valencia de Alc ntara,118113.8405905
30,Montehermoso,59085.4994120
30,Casar de Cáceres,31868.8545683
30,Malpartida de Plasencia,40077.1868085
30,Malpartida de Cáceres,49667.3074796
30,Hervás,105366.2727752
30,Torrejoncillo,40674.3931490
30,Jarandilla de la Vera,89971.2122298
30,Alcuéscar,88722.7853175
30,Losar de la Vera,95873.3852707
30,Madroñera,98961.1543703
30,Valverde del Fresno,115805.9575116
30,Garrovillas de Alconétar,30811.6290922
30,Aldeanueva de la Vera,84788.7233518
30,Cabezuela del Valle,70804.3056992
30,Brozas,55288.8504694
30,Villanueva de la Vera,111920.2319293
30,Guadalupe,149238.5782427
30,Logrosán,133028.4369635
30,Sierra de Fuentes,51066.8781146
30,Navaconcejo,67492.7802867
30,Ceclavín,44643.1823121
30,Montánchez,88045.3860944
30,Almoharín,92297.2040792
30,Aliseda,67160.7553459
30,Galisteo,40816.5256436
30,Madrigalejo,132298.0174295
30,Cilleros,105172.2910999
30,Zarza de Granadilla,67477.6642163
30,Madrigal de la Vera,121401.7607069
30,Cañamero,142443.3266194
30,Serradilla,39995.7148447
30,Torreorgaz,58927.1349867
30,Pinofranqueado,84146.7950665
30,Zorita,112701.0168395
30,Gata,86577.0433937
30,Alcántara,62351.6673669
30,Guijo de Galisteo,60970.7742666
30,Piornal,70063.8395805
30,Ahigal,63431.1318442
30,Peraleda de la Mata,99998.9752222
30,Navas del Madro¤o,43783.7048692
30,Nuñomoral,107374.9485700
30,Valdefuentes,76626.6943667
30,Zarza la Mayor,56113.1578505
30,Casatejada,74245.0053031
30,Casar de Palomero,85122.4680581
30,Jerte,76726.2752251
30,Almaraz,81380.4444721
30,Majadas,68395.2182289
30,Cañaveral,2199.0102439
30,Rosalejo,107045.8086158
30,Caminomorisco,86054.1219969
30,Riolobos,25524.0208529
30,Casta¤ar de Ibor,120880.9306128
30,Tornavacas,83807.1343575
30,Torrecillas de la Tiesa,98059.5127146
30,"Pesga. La",84856.0814235
30,Carcaboso,45277.9361877
30,Garganta la Olla,83194.6061290
30,Torremocha,67247.8627368
30,Eljas,116770.0630114
30,Campo Lugar,117987.6183266
30,Al¡a,163268.4328873
30,Arroyomolinos,93966.1743070
30,Monroy,36026.3777884
30,"Torno. El",60920.6023500
30,"Cumbre. La",79100.0165470
30,Hoyos,94213.2774673
30,Mohedas de Granadilla,73090.8371867
30,Perales del Puerto,93877.8778752
30,Talav n,25306.5839986
30,San Martín de Trevejo,114818.4407861
30,Cuacos de Yuste,81148.1034489
30,Tejeda de Tiétar,66944.3153737
30,Acehúche,31224.1306490
30,Escurial,125098.0691138
30,Garciaz,117747.7364561
30,Membrío,90615.2872691
30,Deleitosa,98062.7111456
30,Santibáñez el Bajo,67164.8901427
30,Saucedilla,77194.1910017
30,Aldeanueva del Camino,68992.1093318
30,Albalá,87101.6975187
30,Aldeacentenera,118792.5928549
30,Casas del Monte,64330.9109476
30,Valdeobispo,50092.2389464
30,Holguera,30090.3447336
30,Mirabel,29001.0360808
30,Aldea del Cano,64319.7557954
30,Baños de Montemayor,113505.8535744
30,Navezuelas,124780.2989853
30,Casas de Millán,7551.8236784
30,Salorino,97937.7248407
30,Torrecilla de los Ángeles,74411.0213602
30,Acebo,96111.4454982
30,Santiago de Alcántara,112100.6256895
30,Pasarón de la Vera,81223.4212891
30,Villamiel,106831.3421692
30,Villar del Pedroso,129340.1342851
30,Belvís de Monroy,90959.5030276
30,Casas del Castañar,59696.3064300
30,Torre de Santa María,79793.5721165
30,Guijo de Granadilla,64605.1163799
30,Torremenga,71853.6270459
30,Zarza de Montánchez,88574.3840369
30,Aceituna,67766.0692027
30,Torrejón el Rubio,55715.4266465
30,Torrequemada,61984.8583155
30,Jaraicejo,78909.2827896
30,Valverde de la Vera,108826.2008746
30,Torre de Don Miguel,82639.7160576
30,Pozuelo de Zarzón,62435.8813852
30,Villa del Campo,61427.6715145
30,Plasenzuela,76934.4539132
30,Bohonal de Ibor,99677.0294470
30,Berzocana,132597.2045472
30,Casares de las Hurdes,115116.0602858
30,Hernán-Pérez,74362.0397915
30,Villanueva de la Sierra,69313.9165727
30,Cadalso,78953.6349174
30,Navalvillar de Ibor,127938.6101391
30,Arroyomolinos de la Vera,61589.3776493
30,Cedillo,139081.5150996
30,"Garganta. La",119849.2249634
30,Ibahernando,99777.9629181
30,Calzadilla,48877.4865204
30,Barrado,61520.4345889
30,Casillas de Coria,47768.0190049
30,Villasbuenas de Gata,84961.7627569
30,Valdelacasa de Tajo,120805.9875677
30,Abertura,111201.4886787
30,Palomero,79416.8136094
30,Serrejón,69527.3843882
30,Hinojal,18625.0877309
30,Gargantilla,71162.1184503
30,Santibáñez el Alto,80079.5132610
30,Cabañas del Castillo,118910.8748198
30,Robledillo de Trujillo,93040.9479789
30,Cabezabellosa,60839.3639400
30,Morcillo,53118.3403758
30,Portaje,36536.5581509
30,Guijo de Santa Bárbara,94414.7832850
30,Robledollano,111809.8027918
30,Puerto de Santa Cruz,101033.0943290
30,Herreruela,95027.4832593
30,Valdastillas,63037.2966412
30,Cabrero,61246.4763584
30,Herguijuela,101108.3984199
30,Talaveruela de la Vera,107700.7378768
30,"Granja. La",64979.8580722
30,"Aldea del Obispo. La",82615.9596919
30,Casas de Don Gómez,46213.6142285
30,Aldehuela de Jerte,49466.2361458
30,"Gordo. El",105220.8361944
30,Carrascalejo,135430.0050402
30,Mata de Alcántara,56148.2197586
30,Fresnedoso de Ibor,112822.2935065
30,Abadía,71616.9977733
30,Santa Cruz de Paniagua,73042.2698147
30,Villamesías,109968.8119439
30,Santa Marta de Magasca,66574.5730098
30,Santiago del Campo,25411.9719350
30,Robledillo de la Vera,99079.5859588
30,Salvatierra de Santiago,86939.1142778
30,Santa Ana,88319.4842592
30,Peraleda de San Román,109673.2126206
30,Oliva de Plasencia,48109.0499035
30,Herrera de Alcántara,140783.6483294
30,Santa Cruz de la Sierra,100031.6667145
30,Portezuelo,17112.5214850
30,Alcollarín,118176.1806827
30,Viandar de la Vera,106818.5149740
30,Millanes,85639.1688389
30,Marchagaz,82242.8068962
30,Rebollar,65617.9051181
30,Guijo de Coria,55420.8561178
30,Valdemorales,87285.9534700
30,Villar de Plasencia,53404.9954165
30,Ladrillar,120077.1333738
30,Carbajo,106725.7187156
30,Romangordo,88903.3333467
30,Casas de Don Antonio,93918.2389440
30,Valdehúncar,89645.7897150
30,Conquista de la Sierra,104823.1092589
30,Piedras Albas,66356.2668870
30,Collado,77807.3171945
30,Botija,78001.3001464
30,Huélaga,50419.0366782
30,Cerezo,72528.5465132
30,Descargamaría,88193.9583210
30,Segura de Toro,67677.9831568
30,Toril,67647.4349187
30,Mesas de Ibor,107118.8701197
30,Pescueza,44235.1189411
30,Villa del Rey,60563.6826617
30,Jarilla,59729.0095088
30,Casas de Miravete,91949.5640398
30,Gargüera,55218.5095500
30,Robledillo de Gata,91153.2591993
30,Valdecañas de Tajo,115856.0454377
30,Pedroso de Acim,9509.2747418
30,Berrocalejo,112633.5682947
30,Garvín,114010.7288972
30,Higuera,91292.3761066
30,Benquerencia,76452.2668283
30,Cachorrilla,46098.6653816
30,Campillo de Deleitosa,120737.3694231
30,Ruanes,85190.2661753
31,Badajoz,203241.6418511
31,Mérida,206563.5359343
31,Don Benito,197931.4111405
31,Almendralejo,216057.8026511
31,Villanueva de la Serena,210482.8632562
31,Zafra,241031.3360563
31,Montijo,187054.0322718
31,Villafranca de los Barros,224264.1212802
31,Olivenza,238634.1709350
31,Jerez de los Caballeros,273901.9533308
31,Azuaga,299465.1191354
31,"Santos de Maimona. Los",237698.4584156
31,Guareña,215790.3243353
31,Fuente del Maestre,230942.8829452
31,Castuera,237132.4415671
31,Calamonte,186771.3176128
31,Llerena,281842.7854772
31,Puebla de la Calzada,189729.1371751
31,San Vicente de Alcántara,162150.9442006
31,Alburquerque,177017.8836260
31,Aceuchal,221309.9921669
31,Oliva de la Frontera,283684.3378275
31,Talavera la Real,208995.0137835
31,Cabeza del Buey,267783.8565121
31,Campanario,219147.5259406
31,Fregenal de la Sierra,280345.9572379
31,Quintana de la Serena,250983.7338925
31,Fuente de Cantos,266527.0896113
31,Navalvillar de Pela,218140.1564155
31,Monesterio,278233.3078220
31,Santa Amalia,194531.2720005
31,Santa Marta,225279.1059117
31,Arroyo de San Serván,192803.8692725
31,Valverde de Leganés,226117.0601303
31,Zalamea de la Serena,252222.1960806
31,Hornachos,243128.6618779
31,Barcarrota,248707.5858163
31,Herrera del Duque,278203.1625522
31,Villanueva del Fresno,267728.6350786
31,Talarrubias,246842.2349998
31,"Zarza. La",210321.9933156
31,Ribera del Fresno,232502.4840997
31,Burguillos del Cerro,259538.3422560
31,Orellana la Vieja,222986.9247937
31,Zah¡nos,272900.7514429
31,Puebla de Sancho P‚rez,244614.1407389
31,Solana de los Barros,210091.6993749
31,Valdelacalzada,197266.5826537
31,Lobón,193968.9842252
31,Monterrubio de la Serena,256208.2833986
31,Fuentes de León,290401.2285315
31,"Garrovilla. La",190328.1899583
31,Berlanga,283199.6355851
31,Higuera la Real,299999.9521335
31,Villar del Rey,175497.4215911
31,Granja de Torrehermosa,295500.6409220
31,Medell¡n,209811.7585643
31,Bienvenida,263801.7433901
31,"Codosera. La",182696.9871170
31,Valencia del Ventoso,261597.1830084
31,"Coronada. La",211394.9482110
31,Torremej¡a,196185.3732004
31,Siruela,264712.3725061
31,Higuera de Vargas,258680.9014993
31,Segura de León,284376.6141085
31,Salvaleón,254632.3730838
31,Pueblonuevo del Guadiana,200995.0812294
31,Alange,205083.9586124
31,Puebla de Obando,153126.1910774
31,"Albuera. La",225748.2519795
31,Usagre,256093.3852301
31,Fuenlabrada de los Montes,269953.9472049
31,Alconchel,251840.0985824
31,Oliva de Mérida,215214.3162101
31,Salvatierra de los Barros,249104.0912825
31,Villalba de los Barros,225379.4686148
31,Casas de Don Pedro,230117.3900530
31,Esparragalejo,185872.7674033
31,Montemolín,281417.9106540
31,"Roca de la Sierra. La",162117.3709314
31,Campillo de Llerena,297641.9154494
31,Cabeza la Vaca,295787.4085100
31,Villar de Rena,186754.6212333
31,Trujillanos,184194.8745451
31,Valle de la Serena,234893.6350762
31,"Parra. La",241790.6550957
31,Mirandilla,178246.1813288
31,"Haba. La",204998.1228407
31,Villagonzalo,204478.3110593
31,Feria,241116.0488563
31,Medina de las Torres,251175.6644266
31,Valdetorres,213308.5474537
31,Almendral,237608.9165584
31,Corte de Peleas,222473.3019654
31,Cheles,266118.5414000
31,Puebla de Alcocer,248898.7748285
31,Torre de Miguel Sesmero,240245.9581633
31,Valdecaballeros,303605.7534379
31,Peñalsordo,283319.8536772
31,Valle de Santa Ana,271770.7362918
31,Valverde de Mérida,196068.9775650
31,Castilblanco,293999.0685639
31,Bodonal de la Sierra,279276.8915498
31,"Nava de Santiago. La",180092.2352749
31,Esparragosa de la Serena,248384.1894787
31,Maguilla,280988.7554423
31,Calera de León,287211.9919513
31,Ahillones,289485.7003992
31,Higuera de la Serena,242410.5546456
31,Esparragosa de Lares,253147.2011865
31,Torremayor,192827.2611197
31,Villagarcía de la Torre,267963.7173048
31,Cordobilla de Lácara,168534.1037546
31,Benquerencia de la Serena,242407.2785407
31,Llera,254311.7996553
31,San Pedro de Mérida,191417.0129387
31,Calzadilla de los Barros,253304.3345097
31,Puebla de la Reina,228805.8429570
31,Acedera,211618.5792946
31,Táliga,243733.6411995
31,Valencia del Mombuey,303643.9203013
31,Puebla del Maestre,299433.2084610
31,Manchita,224320.2452421
31,"Morera. La",244018.5007760
31,Fuente del Arco,297788.5875614
31,Don Álvaro,204940.6728286
31,Alconera,251210.6668914
31,Nogales,245130.6395257
31,Helechosa de los Montes,322830.8251118
31,Valverde de Llerena,297344.2152658
31,Palomas,224348.4854265
31,Trasierra,290035.8858577
31,Valencia de las Torres,260854.0515252
31,Garlitos,277432.0425690
31,Rena,189536.2780735
31,Malpartida de la Serena,247629.4406997
31,Peraleda del Zaucejo,277084.0473931
31,Magacela,211582.6184195
31,Entrín Bajo,226701.6294477
31,Villarta de los Montes,353466.6180629
31,Carmonita,158544.4634529
31,Cristina,213100.4027578
31,Hinojosa del Valle,241532.3608169
31,Garbayuela,263587.0432595
31,Puebla del Prior,236870.8972879
31,Retamal de Llerena,257158.8472527
31,Mengabril,204397.1390186
31,Malcocinado,315347.4208429
31,Valle de Matamoros,265527.2192628
31,Zarza-Capilla,278126.5128432
31,Higuera de Llerena,263924.8988778
31,Baterno,278161.0898080
31,Atalaya,255942.5582065
31,Valverde de Burguillos,257219.2491100
31,Orellana de la Sierra,226530.4061947
31,"Lapa. La",251952.8154699
31,Tamurejo,276389.9650163
31,Aljucén,165746.8739884
31,Sancti-Spíritus,266179.1799722
31,Reina,292101.2898098
31,Casas de Reina,289268.7929930
31,Capilla,286673.3399392
31,Risco,268496.2417762
31,"Carrascalejo. El",170429.9351373
31,C ceres,114335.4769900
31,Plasencia,55755.4873337
31,Navalmoral de la Mata,114966.4829304
31,Coria,44932.4955700
31,Miajadas,176673.2131283
31,Trujillo,140053.5011106
31,Talayuela,118937.7369702
31,Moraleja,52350.6207597
31,Arroyo de la Luz,128173.7017108
31,Jara¡z de la Vera,94390.1907654
31,Valencia de Alc ntara,162203.8766040
31,Montehermoso,30295.7643008
31,Casar de Cáceres,105762.5681883
31,Malpartida de Plasencia,66445.1737537
31,Malpartida de Cáceres,120284.3988542
31,Hervás,122993.5392437
31,Torrejoncillo,90522.4511421
31,Jarandilla de la Vera,110049.5285740
31,Alcuéscar,159387.5414451
31,Losar de la Vera,115951.7016149
31,Madroñera,151790.3133336
31,Valverde del Fresno,47376.3029691
31,Garrovillas de Alconétar,98029.6204155
31,Aldeanueva de la Vera,104867.0396960
31,Cabezuela del Valle,88431.5721678
31,Brozas,118823.4525031
31,Villanueva de la Vera,131998.5482736
31,Guadalupe,177274.2845456
31,Logrosán,184169.6360323
31,Sierra de Fuentes,124960.5917346
31,Navaconcejo,85120.0467553
31,Ceclavín,79255.6483558
31,Montánchez,158785.2365902
31,Almoharín,163037.0545749
31,Aliseda,137777.8467205
31,Galisteo,62686.6104218
31,Madrigalejo,185127.1763928
31,Cilleros,36742.6365574
31,Zarza de Granadilla,56066.7615052
31,Madrigal de la Vera,141480.0770511
31,Cañamero,176932.6603920
31,Serradilla,87248.9519469
31,Torreorgaz,129666.9854825
31,Pinofranqueado,30451.7241197
31,Zorita,165530.1758028
31,Gata,18147.3888512
31,Alcántara,102385.7791199
31,Guijo de Galisteo,30812.5186976
31,Piornal,87691.1060491
31,Ahigal,47235.1228147
31,Peraleda de la Mata,127980.7516742
31,Navas del Madro¤o,111001.6961925
31,Nuñomoral,56283.7996906
31,Valdefuentes,147366.5448624
31,Zarza la Mayor,78259.0045047
31,Casatejada,102486.8759635
31,Casar de Palomero,38439.8931749
31,Jerte,94353.5416937
31,Almaraz,109622.3151325
31,Majadas,96376.9946809
31,Cañaveral,80611.3297574
31,Rosalejo,135027.5850678
31,Caminomorisco,34962.9731176
31,Riolobos,75372.0788460
31,Casta¤ar de Ibor,148862.7070648
31,Tornavacas,101434.4008261
31,Torrecillas de la Tiesa,150888.6716780
31,"Pesga. La",55020.0181341
31,Carcaboso,43894.2380155
31,Garganta la Olla,103272.9224733
31,Torremocha,137987.7132325
31,Eljas,48340.4084688
31,Campo Lugar,173113.3887541
31,Al¡a,191304.1391902
31,Arroyomolinos,164706.0248027
31,Monroy,109948.1956734
31,"Torno. El",78547.8688185
31,"Cumbre. La",146922.6708678
31,Hoyos,25783.6229247
31,Mohedas de Granadilla,43254.7738973
31,Perales del Puerto,25448.2233326
31,Talav n,99228.4018836
31,San Martín de Trevejo,46388.7862436
31,Cuacos de Yuste,101226.4197931
31,Tejeda de Tiétar,87022.6317179
31,Acehúche,79578.5814141
31,Escurial,180223.8395414
31,Garciaz,170576.8954194
31,Membrío,134705.3232826
31,Deleitosa,132552.0449183
31,Santibáñez el Bajo,50968.8811132
31,Saucedilla,105436.0616621
31,Aldeanueva del Camino,66703.9265842
31,Albalá,157841.5480145
31,Aldeacentenera,171621.7518182
31,Casas del Monte,65142.3147419
31,Valdeobispo,48125.9116119
31,Holguera,79938.4027267
31,Mirabel,76254.2731830
31,Aldea del Cano,134984.5119230
31,Baños de Montemayor,131133.1200430
31,Navezuelas,159269.6327579
31,Casas de Millán,89170.1733626
31,Salorino,142027.7608543
31,Torrecilla de los Ángeles,20025.2562000
31,Acebo,27681.7909556
31,Santiago de Alcántara,156190.6617030
31,Pasarón de la Vera,100470.3473990
31,Villamiel,38401.6876267
31,Villar del Pedroso,157321.9107371
31,Belvís de Monroy,118941.2794796
31,Casas del Castañar,77323.5728985
31,Torre de Santa María,150533.4226122
31,Guijo de Granadilla,45966.4169021
31,Torremenga,91931.9433902
31,Zarza de Montánchez,159314.2345327
31,Aceituna,35796.1576948
31,Torrejón el Rubio,95770.9791426
31,Torrequemada,132724.7088112
31,Jaraicejo,119670.8606957
31,Valverde de la Vera,128904.5172188
31,Torre de Don Miguel,14210.0615151
31,Pozuelo de Zarzón,21194.8407390
31,Villa del Campo,22352.0089475
31,Plasenzuela,150828.1675332
31,Bohonal de Ibor,127658.8058990
31,Berzocana,167086.5383199
31,Casares de las Hurdes,64024.9114065
31,Hernán-Pérez,14151.0031884
31,Villanueva de la Sierra,20184.2239379
31,Cadalso,3909.3162698
31,Navalvillar de Ibor,155974.3164420
31,Arroyomolinos de la Vera,81667.6939935
31,Cedillo,183171.5511131
31,"Garganta. La",137476.4914320
31,Ibahernando,155220.4085199
31,Calzadilla,35443.7609436
31,Barrado,81563.5476318
31,Casillas de Coria,55945.6702419
31,Villasbuenas de Gata,16532.1082144
31,Valdelacasa de Tajo,148787.7640197
31,Abertura,166327.2591063
31,Palomero,34539.3921290
31,Serrejón,97529.1167529
31,Hinojal,92546.9056159
31,Gargantilla,68873.9357027
31,Santibáñez el Alto,11649.8587185
31,Cabañas del Castillo,153400.2085925
31,Robledillo de Trujillo,163843.2492676
31,Cabezabellosa,70178.2202388
31,Morcillo,38130.3147663
31,Portaje,56960.0844206
31,Guijo de Santa Bárbara,114493.0996293
31,Robledollano,146299.1365645
31,Puerto de Santa Cruz,156158.8647566
31,Herreruela,153557.4924897
31,Valdastillas,80664.5631098
31,Cabrero,78873.7428269
31,Herguijuela,153937.5573832
31,Talaveruela de la Vera,127779.0542210
31,"Granja. La",61409.3652945
31,"Aldea del Obispo. La",123377.5375980
31,Casas de Don Gómez,45441.0770813
31,Aldehuela de Jerte,48356.3737242
31,"Gordo. El",133202.6126465
31,Carrascalejo,163411.7814922
31,Mata de Alcántara,109262.4241476
31,Fresnedoso de Ibor,140804.0699585
31,Abadía,65923.1161992
31,Santa Cruz de Paniagua,31801.2291684
31,Villamesías,165094.5823715
31,Santa Marta de Magasca,140496.3908948
31,Santiago del Campo,99333.7898199
31,Robledillo de la Vera,119157.9023030
31,Salvatierra de Santiago,157678.9647736
31,Santa Ana,159665.6151640
31,Peraleda de San Román,137654.9890726
31,Oliva de Plasencia,56236.5028475
31,Herrera de Alcántara,184873.6843429
31,Santa Cruz de la Sierra,155153.4643419
31,Portezuelo,66147.8773491
31,Alcollarín,171005.3396460
31,Viandar de la Vera,126896.8313183
31,Millanes,113620.9452910
31,Marchagaz,37789.7667677
31,Rebollar,83245.1715867
31,Guijo de Coria,27603.6089972
31,Valdemorales,158025.8039657
31,Villar de Plasencia,62743.8517153
31,Ladrillar,68985.9844945
31,Carbajo,150815.7547291
31,Romangordo,116905.0657113
31,Casas de Don Antonio,164582.9950716
31,Valdehúncar,117627.5661670
31,Conquista de la Sierra,157652.2682222
31,Piedras Albas,92076.6442684
31,Collado,97885.6335387
31,Botija,148741.1506422
31,Huélaga,49646.4995310
31,Cerezo,37264.3790052
31,Descargamaría,6075.5642793
31,Segura de Toro,68489.3869511
31,Toril,95915.1145502
31,Mesas de Ibor,135100.6465717
31,Pescueza,64658.6452108
31,Villa del Rey,114219.9388449
31,Jarilla,66098.4141300
31,Casas de Miravete,119951.2964044
31,Gargüera,75261.6225928
31,Robledillo de Gata,9034.8651576
31,Valdecañas de Tajo,143837.8218897
31,Pedroso de Acim,91074.8296264
31,Berrocalejo,140615.3447467
31,Garvín,141992.5053492
31,Higuera,119294.1084713
31,Benquerencia,147192.1173240
31,Cachorrilla,66522.1916514
31,Campillo de Deleitosa,148719.1458751
31,Ruanes,156536.3970800
32,Badajoz,152498.4312958
32,Mérida,155820.3253790
32,Don Benito,147188.2005852
32,Almendralejo,165314.5920959
32,Villanueva de la Serena,159739.6527010
32,Zafra,190288.1255011
32,Montijo,136310.8217166
32,Villafranca de los Barros,173520.9107250
32,Olivenza,187890.9603798
32,Jerez de los Caballeros,223158.7427755
32,Azuaga,249233.3917188
32,"Santos de Maimona. Los",186955.2478604
32,Guareña,165047.1137801
32,Fuente del Maestre,180199.6723899
32,Castuera,189051.7125252
32,Calamonte,136028.1070575
32,Llerena,231099.5749220
32,Puebla de la Calzada,138985.9266199
32,San Vicente de Alcántara,118691.6583237
32,Alburquerque,126274.6730707
32,Aceuchal,170566.7816116
32,Oliva de la Frontera,232941.1272722
32,Talavera la Real,158251.8032282
32,Cabeza del Buey,219703.1274702
32,Campanario,171066.7968987
32,Fregenal de la Sierra,229602.7466827
32,Quintana de la Serena,202903.0048506
32,Fuente de Cantos,215783.8790560
32,Navalvillar de Pela,176897.6371816
32,Monesterio,227490.0972667
32,Santa Amalia,143788.0614452
32,Santa Marta,174535.8953564
32,Arroyo de San Serván,142060.6587172
32,Valverde de Leganés,175373.8495750
32,Zalamea de la Serena,201990.4686639
32,Hornachos,192385.4513227
32,Barcarrota,197964.3752611
32,Herrera del Duque,236960.6433183
32,Villanueva del Fresno,216985.4245233
32,Talarrubias,205599.7157659
32,"Zarza. La",159578.7827603
32,Ribera del Fresno,181759.2735445
32,Burguillos del Cerro,208795.1317007
32,Orellana la Vieja,175396.4281274
32,Zah¡nos,222157.5408877
32,Puebla de Sancho P‚rez,193870.9301837
32,Solana de los Barros,159348.4888196
32,Valdelacalzada,146523.3720985
32,Lobón,143225.7736699
32,Monterrubio de la Serena,208127.5543567
32,Fuentes de León,239658.0179763
32,"Garrovilla. La",139584.9794030
32,Berlanga,232456.4250299
32,Higuera la Real,249256.7415782
32,Villar del Rey,124754.2110359
32,Granja de Torrehermosa,245268.9135053
32,Medell¡n,159068.5480091
32,Bienvenida,213058.5328348
32,"Codosera. La",139237.7012402
32,Valencia del Ventoso,210853.9724532
32,"Coronada. La",163314.2191691
32,Torremej¡a,145442.1626451
32,Siruela,223469.8532722
32,Higuera de Vargas,207937.6909441
32,Segura de León,233633.4035532
32,Salvaleón,203889.1625286
32,Pueblonuevo del Guadiana,150251.8706742
32,Alange,154340.7480571
32,Puebla de Obando,102382.9805222
32,"Albuera. La",175005.0414243
32,Usagre,205350.1746748
32,Fuenlabrada de los Montes,228711.4279710
32,Alconchel,201096.8880271
32,Oliva de Mérida,164471.1056549
32,Salvatierra de los Barros,198360.8807272
32,Villalba de los Barros,174636.2580595
32,Casas de Don Pedro,188874.8708191
32,Esparragalejo,135129.5568480
32,Montemolín,230674.7000988
32,"Roca de la Sierra. La",111374.1603762
32,Campillo de Llerena,246898.7048941
32,Cabeza la Vaca,245044.1979548
32,Villar de Rena,149462.5654503
32,Trujillanos,133451.6639899
32,Valle de la Serena,184150.4245209
32,"Parra. La",191047.4445405
32,Mirandilla,127502.9707736
32,"Haba. La",154254.9122854
32,Villagonzalo,153735.1005041
32,Feria,190372.8383010
32,Medina de las Torres,200432.4538713
32,Valdetorres,162565.3368985
32,Almendral,186865.7060032
32,Corte de Peleas,171730.0914101
32,Cheles,215375.3308448
32,Puebla de Alcocer,207656.2555946
32,Torre de Miguel Sesmero,189502.7476081
32,Valdecaballeros,262363.2342040
32,Peñalsordo,235776.0301735
32,Valle de Santa Ana,221027.5257366
32,Valverde de Mérida,145325.7670097
32,Castilblanco,252756.5493300
32,Bodonal de la Sierra,228533.6809945
32,"Nava de Santiago. La",129349.0247196
32,Esparragosa de la Serena,200303.4604368
32,Maguilla,230245.5448870
32,Calera de León,236468.7813960
32,Ahillones,238742.4898440
32,Higuera de la Serena,191667.3440903
32,Esparragosa de Lares,210532.3118721
32,Torremayor,142084.0505644
32,Villagarcía de la Torre,217220.5067495
32,Cordobilla de Lácara,117790.8931994
32,Benquerencia de la Serena,194326.5494988
32,Llera,203568.5891001
32,San Pedro de Mérida,140673.8023835
32,Calzadilla de los Barros,202561.1239545
32,Puebla de la Reina,178062.6324017
32,Acedera,164028.0826283
32,Táliga,192990.4306442
32,Valencia del Mombuey,252900.7097461
32,Puebla del Maestre,248689.9979058
32,Manchita,173577.0346868
32,"Morera. La",193275.2902208
32,Fuente del Arco,247045.3770061
32,Don Álvaro,154197.4622733
32,Alconera,200467.4563362
32,Nogales,194387.4289705
32,Helechosa de los Montes,281588.3058779
32,Valverde de Llerena,246601.0047106
32,Palomas,173605.2748713
32,Trasierra,239292.6753025
32,Valencia de las Torres,210110.8409700
32,Garlitos,236189.5233351
32,Rena,146645.7109877
32,Malpartida de la Serena,199548.7116578
32,Peraleda del Zaucejo,226852.3199765
32,Magacela,160839.4078643
32,Entrín Bajo,175958.4188925
32,Villarta de los Montes,312224.0988290
32,Carmonita,107801.2528976
32,Cristina,162357.1922026
32,Hinojosa del Valle,190789.1502617
32,Garbayuela,222344.5240256
32,Puebla del Prior,186127.6867326
32,Retamal de Llerena,206415.6366974
32,Mengabril,153653.9284634
32,Malcocinado,265115.6934263
32,Valle de Matamoros,214784.0087075
32,Zarza-Capilla,230582.6893395
32,Higuera de Llerena,213181.6883225
32,Baterno,236918.5705741
32,Atalaya,205199.3476513
32,Valverde de Burguillos,206476.0385548
32,Orellana de la Sierra,178939.9095284
32,"Lapa. La",201209.6049146
32,Tamurejo,235147.4457824
32,Aljucén,115003.6634331
32,Sancti-Spíritus,224936.6607383
32,Reina,241358.0792545
32,Casas de Reina,238525.5824377
32,Capilla,239129.5164355
32,Risco,227253.7225423
32,"Carrascalejo. El",119686.7245821
32,C ceres,63592.2664347
32,Plasencia,52490.2662697
32,Navalmoral de la Mata,100529.9861143
32,Coria,7626.6581812
32,Miajadas,126314.2513012
32,Trujillo,107761.5585734
32,Talayuela,112401.1321521
32,Moraleja,22803.4736213
32,Arroyo de la Luz,77430.4911555
32,Jara¡z de la Vera,87853.5859474
32,Valencia de Alc ntara,118744.5907271
32,Montehermoso,32532.5944696
32,Casar de Cáceres,55019.3576330
32,Malpartida de Plasencia,53622.4664444
32,Malpartida de Cáceres,69541.1882990
32,Hervás,118862.8874098
32,Torrejoncillo,71549.5322779
32,Jarandilla de la Vera,103512.9237559
32,Alcuéscar,108644.3308898
32,Losar de la Vera,109415.0967968
32,Madroñera,122139.7617000
32,Valverde del Fresno,85486.2732261
32,Garrovillas de Alconétar,47286.4098602
32,Aldeanueva de la Vera,98330.4348779
32,Cabezuela del Valle,84300.9203339
32,Brozas,71763.6312374
32,Villanueva de la Vera,125461.9434555
32,Guadalupe,162837.7877294
32,Logrosán,156207.0442932
32,Sierra de Fuentes,74217.3811794
32,Navaconcejo,80989.3949213
32,Ceclavín,26911.9825738
32,Montánchez,108042.0260349
32,Almoharín,112293.8440197
32,Aliseda,87034.6361653
32,Galisteo,33954.9328304
32,Madrigalejo,155476.6247592
32,Cilleros,74852.6068144
32,Zarza de Granadilla,73788.5693952
32,Madrigal de la Vera,134943.4722330
32,Cañamero,162462.0037818
32,Serradilla,70870.8539735
32,Torreorgaz,78923.7749272
32,Pinofranqueado,53827.1107810
32,Zorita,135879.6241692
32,Gata,56257.3591082
32,Alcántara,58926.4932430
32,Guijo de Galisteo,30651.0899810
32,Piornal,83560.4542151
32,Ahigal,60261.4276775
32,Peraleda de la Mata,113544.2548581
32,Navas del Madro¤o,60258.4856372
32,Nuñomoral,79659.1863519
32,Valdefuentes,96623.3343071
32,Zarza la Mayor,38374.2493549
32,Casatejada,87776.0810574
32,Casar de Palomero,61815.2798362
32,Jerte,90222.8898598
32,Almaraz,94911.5202264
32,Majadas,81940.4978648
32,Cañaveral,29868.1192022
32,Rosalejo,120591.0882517
32,Caminomorisco,58338.3597789
32,Riolobos,56399.1599818
32,Casta¤ar de Ibor,134426.2102487
32,Tornavacas,97303.7489922
32,Torrecillas de la Tiesa,121238.1200443
32,"Pesga. La",72741.8260241
32,Carcaboso,46131.0681842
32,Garganta la Olla,96736.3176552
32,Torremocha,87244.5026772
32,Eljas,86450.3787259
32,Campo Lugar,141138.1213913
32,Al¡a,176867.6423741
32,Arroyomolinos,113962.8142475
32,Monroy,59204.9851181
32,"Torno. El",74417.2169846
32,"Cumbre. La",102250.5196117
32,Hoyos,63893.5931817
32,Mohedas de Granadilla,60976.5817873
32,Perales del Puerto,63558.1935896
32,Talav n,48485.1913284
32,San Martín de Trevejo,84498.7565006
32,Cuacos de Yuste,94689.8149750
32,Tejeda de Tiétar,80486.0268999
32,Acehúche,28835.3708589
32,Escurial,148248.5721785
32,Garciaz,140926.3437858
32,Membrío,91246.0374057
32,Deleitosa,118081.3883080
32,Santibáñez el Bajo,63995.1859760
32,Saucedilla,90725.2667560
32,Aldeanueva del Camino,82387.9967030
32,Albalá,107098.3374592
32,Aldeacentenera,141971.2001846
32,Casas del Monte,77726.7983188
32,Valdeobispo,50362.7417806
32,Holguera,60965.4838625
32,Mirabel,59876.1752097
32,Aldea del Cano,84241.3013677
32,Baños de Montemayor,127002.4682090
32,Navezuelas,144798.9761477
32,Casas de Millán,38426.9628073
32,Salorino,98568.4749774
32,Torrecilla de los Ángeles,44091.3370747
32,Acebo,65791.7612126
32,Santiago de Alcántara,112731.3758262
32,Pasarón de la Vera,94765.1328153
32,Villamiel,76511.6578837
32,Villar del Pedroso,142885.4139210
32,Belvís de Monroy,104504.7826635
32,Casas del Castañar,73192.9210646
32,Torre de Santa María,99790.2120569
32,Guijo de Granadilla,61435.4122132
32,Torremenga,85395.3385721
32,Zarza de Montánchez,108571.0239774
32,Aceituna,39883.9986206
32,Torrejón el Rubio,78894.0339762
32,Torrequemada,81981.4982560
32,Jaraicejo,102087.8901193
32,Valverde de la Vera,122367.9124007
32,Torre de Don Miguel,52320.0317721
32,Pozuelo de Zarzón,32116.1970996
32,Villa del Campo,31107.9872290
32,Plasenzuela,100084.9569779
32,Bohonal de Ibor,113222.3090829
32,Berzocana,152615.8817096
32,Casares de las Hurdes,87400.2980678
32,Hernán-Pérez,44042.3555060
32,Villanueva de la Sierra,38994.2322872
32,Cadalso,48633.9506319
32,Navalvillar de Ibor,141537.8196259
32,Arroyomolinos de la Vera,75131.0891754
32,Cedillo,139712.2652362
32,"Garganta. La",133345.8395981
32,Ibahernando,121957.2254040
32,Calzadilla,18557.8022349
32,Barrado,75062.1461151
32,Casillas de Coria,17448.3347193
32,Villasbuenas de Gata,54642.0784714
32,Valdelacasa de Tajo,134351.2672036
32,Abertura,134351.9917434
32,Palomero,52261.2000190
32,Serrejón,83058.4601426
32,Hinojal,41803.6950607
32,Gargantilla,84558.0058215
32,Santibáñez el Alto,49759.8289755
32,Cabañas del Castillo,138929.5519822
32,Robledillo de Trujillo,113435.1744053
32,Cabezabellosa,74235.2513112
32,Morcillo,22798.6560903
32,Portaje,4616.4186386
32,Guijo de Santa Bárbara,107956.4948112
32,Robledollano,131828.4799542
32,Puerto de Santa Cruz,124183.5973938
32,Herreruela,110098.2066129
32,Valdastillas,76533.9112758
32,Cabrero,74743.0909930
32,Herguijuela,124287.0057496
32,Talaveruela de la Vera,121242.4494029
32,"Granja. La",78375.7454434
32,"Aldea del Obispo. La",105794.5670216
32,Casas de Don Gómez,15893.9299430
32,Aldehuela de Jerte,50593.2038929
32,"Gordo. El",118766.1158303
32,Carrascalejo,148975.2846761
32,Mata de Alcántara,65803.1382707
32,Fresnedoso de Ibor,126367.5731424
32,Abadía,83644.9240892
32,Santa Cruz de Paniagua,42722.5855291
32,Villamesías,133119.3150086
32,Santa Marta de Magasca,89753.1803395
32,Santiago del Campo,48590.5792647
32,Robledillo de la Vera,112621.2974850
32,Salvatierra de Santiago,106935.7542183
32,Santa Ana,111469.9873239
32,Peraleda de San Román,123218.4922565
32,Oliva de Plasencia,61504.9372748
32,Herrera de Alcántara,141414.3984661
32,Santa Cruz de la Sierra,123182.1697792
32,Portezuelo,15404.6667939
32,Alcollarín,141354.7880124
32,Viandar de la Vera,120360.2265002
32,Millanes,99184.4484748
32,Marchagaz,55511.5746577
32,Rebollar,79114.5197527
32,Guijo de Coria,25101.1718323
32,Valdemorales,107282.5934104
32,Villar de Plasencia,66800.8827877
32,Ladrillar,92361.3711557
32,Carbajo,107356.4688523
32,Romangordo,102434.4091011
32,Casas de Don Antonio,113839.7845164
32,Valdehúncar,103191.0693509
32,Conquista de la Sierra,128001.7165886
32,Piedras Albas,48617.3583915
32,Collado,91349.0287206
32,Botija,97997.9400869
32,Huélaga,20099.3523927
32,Cerezo,54986.1868952
32,Descargamaría,57874.2740355
32,Segura de Toro,81073.8705280
32,Toril,81178.5106731
32,Mesas de Ibor,120664.1497556
32,Pescueza,12314.9794288
32,Villa del Rey,70760.6529680
32,Jarilla,73124.8968801
32,Casas de Miravete,105480.6397941
32,Gargüera,68760.2210761
32,Robledillo de Gata,60833.5749138
32,Valdecañas de Tajo,129401.3250736
32,Pedroso de Acim,40331.6190712
32,Berrocalejo,126178.8479306
32,Garvín,127556.0085331
32,Higuera,104823.4518610
32,Benquerencia,96448.9067687
32,Cachorrilla,14178.5258694
32,Campillo de Deleitosa,134282.6490590
32,Ruanes,108340.7692400
33,Badajoz,158280.5169755
33,Mérida,152478.9729488
33,Don Benito,128802.2091367
33,Almendralejo,170814.1583718
33,Villanueva de la Serena,141353.6612525
33,Zafra,195787.6917770
33,Montijo,142092.9073962
33,Villafranca de los Barros,179020.4770009
33,Olivenza,193673.0460595
33,Jerez de los Caballeros,228940.8284552
33,Azuaga,224973.2038632
33,"Santos de Maimona. Los",192454.8141363
33,Guareña,161216.9854235
33,Fuente del Maestre,185699.2386658
33,Castuera,162640.5262948
33,Calamonte,141527.6733335
33,Llerena,231989.6755771
33,Puebla de la Calzada,144768.0122995
33,San Vicente de Alcántara,153956.6014171
33,Alburquerque,132033.0983784
33,Aceuchal,176066.3478875
33,Oliva de la Frontera,238723.2129519
33,Talavera la Real,164033.8889079
33,Cabeza del Buey,193291.9412398
33,Campanario,144655.6106683
33,Fregenal de la Sierra,235102.3129586
33,Quintana de la Serena,176491.8186202
33,Fuente de Cantos,221283.4453320
33,Navalvillar de Pela,146098.7172250
33,Monesterio,232989.6635427
33,Santa Amalia,127455.6122510
33,Santa Marta,180035.4616324
33,Arroyo de San Serván,147560.2249931
33,Valverde de Leganés,181155.9352547
33,Zalamea de la Serena,177730.2808083
33,Hornachos,191564.1726605
33,Barcarrota,203746.4609407
33,Herrera del Duque,206161.7233617
33,Villanueva del Fresno,222767.5102030
33,Talarrubias,174800.7958093
33,"Zarza. La",156237.4303301
33,Ribera del Fresno,187258.8398204
33,Burguillos del Cerro,214294.6979767
33,Orellana la Vieja,148495.0095214
33,Zah¡nos,227939.6265674
33,Puebla de Sancho P‚rez,199370.4964596
33,Solana de los Barros,164848.0550955
33,Valdelacalzada,152305.4577782
33,Lobón,149007.8593496
33,Monterrubio de la Serena,181716.3681263
33,Fuentes de León,245157.5842522
33,"Garrovilla. La",145084.5456789
33,Berlanga,233346.5256850
33,Higuera la Real,255038.8272579
33,Villar del Rey,130536.2967155
33,Granja de Torrehermosa,221008.7256497
33,Medell¡n,140965.6346333
33,Bienvenida,218558.0991107
33,"Codosera. La",153290.6862726
33,Valencia del Ventoso,216353.5387291
33,"Coronada. La",136903.0329388
33,Torremej¡a,150941.7289210
33,Siruela,192670.9333156
33,Higuera de Vargas,213719.7766238
33,Segura de León,239132.9698291
33,Salvaleón,209671.2482082
33,Pueblonuevo del Guadiana,156033.9563539
33,Alange,159840.3143330
33,Puebla de Obando,108165.0662018
33,"Albuera. La",180787.1271039
33,Usagre,210849.7409508
33,Fuenlabrada de los Montes,197912.5080144
33,Alconchel,206878.9737068
33,Oliva de Mérida,161129.7532246
33,Salvatierra de los Barros,203860.4470032
33,Villalba de los Barros,180135.8243354
33,Casas de Don Pedro,158075.9508625
33,Esparragalejo,140629.1231240
33,Montemolín,236174.2663747
33,"Roca de la Sierra. La",117156.2460558
33,Campillo de Llerena,236985.8252753
33,Cabeza la Vaca,250543.7642307
33,Villar de Rena,112262.7059611
33,Trujillanos,138951.2302658
33,Valle de la Serena,165764.4330725
33,"Parra. La",196547.0108164
33,Mirandilla,133002.5370495
33,"Haba. La",135868.9208370
33,Villagonzalo,150393.7480738
33,Feria,195872.4045769
33,Medina de las Torres,205932.0201472
33,Valdetorres,146232.8877042
33,Almendral,192647.7916829
33,Corte de Peleas,177229.6576861
33,Cheles,221157.4165245
33,Puebla de Alcocer,176857.3356380
33,Torre de Miguel Sesmero,195223.7957729
33,Valdecaballeros,231564.3142474
33,Peñalsordo,209364.8439431
33,Valle de Santa Ana,226527.0920125
33,Valverde de Mérida,141984.4145795
33,Castilblanco,221957.6293734
33,Bodonal de la Sierra,234033.2472705
33,"Nava de Santiago. La",135131.1103993
33,Esparragosa de la Serena,173892.2742065
33,Maguilla,231135.6455422
33,Calera de León,241968.3476719
33,Ahillones,240086.3921536
33,Higuera de la Serena,173281.3526418
33,Esparragosa de Lares,181105.7619960
33,Torremayor,147866.1362441
33,Villagarcía de la Torre,222720.0730254
33,Cordobilla de Lácara,123290.4594753
33,Benquerencia de la Serena,167915.3632684
33,Llera,204458.6897552
33,San Pedro de Mérida,137345.2386670
33,Calzadilla de los Barros,208060.6902304
33,Puebla de la Reina,177241.3537395
33,Acedera,137126.6640224
33,Táliga,198772.5163239
33,Valencia del Mombuey,258682.7954257
33,Puebla del Maestre,254189.5641817
33,Manchita,169746.9063302
33,"Morera. La",198774.8564967
33,Fuente del Arco,247935.4776612
33,Don Álvaro,150856.1098431
33,Alconera,205967.0226121
33,Nogales,200169.5146501
33,Helechosa de los Montes,250789.3859213
33,Valverde de Llerena,237595.2768188
33,Palomas,172783.9962091
33,Trasierra,240182.7759576
33,Valencia de las Torres,211000.9416251
33,Garlitos,205390.6033784
33,Rena,115044.3628012
33,Malpartida de la Serena,173137.5254274
33,Peraleda del Zaucejo,202592.1321209
33,Magacela,142453.4164158
33,Entrín Bajo,181457.9851684
33,Villarta de los Montes,281425.1788724
33,Carmonita,113300.8191735
33,Cristina,158527.0638460
33,Hinojosa del Valle,196288.7165376
33,Garbayuela,191545.6040690
33,Puebla del Prior,191627.2530086
33,Retamal de Llerena,188029.6452489
33,Mengabril,135551.0150876
33,Malcocinado,240855.5055707
33,Valle de Matamoros,220566.0943872
33,Zarza-Capilla,204171.5031091
33,Higuera de Llerena,214071.7889776
33,Baterno,206119.6506175
33,Atalaya,210698.9139272
33,Valverde de Burguillos,211975.6048307
33,Orellana de la Sierra,152038.4909224
33,"Lapa. La",206709.1711905
33,Tamurejo,204348.5258258
33,Aljucén,120503.2297091
33,Sancti-Spíritus,194137.7407817
33,Reina,242248.1799096
33,Casas de Reina,239415.6830928
33,Capilla,212718.3302051
33,Risco,196454.8025857
33,"Carrascalejo. El",125186.2908580
33,C ceres,65786.2650408
33,Plasencia,39045.2894054
33,Navalmoral de la Mata,87036.3442487
33,Coria,65674.6003529
33,Miajadas,102181.2978560
33,Trujillo,65561.5858383
33,Talayuela,98911.0583963
33,Moraleja,78253.9976900
33,Arroyo de la Luz,83188.9164632
33,Jara¡z de la Vera,74363.5121915
33,Valencia de Alc ntara,154009.5338205
33,Montehermoso,59430.9950554
33,Casar de Cáceres,57570.0157022
33,Malpartida de Plasencia,40128.8245788
33,Malpartida de Cáceres,75299.6136067
33,Hervás,105417.9105455
33,Torrejoncillo,43601.1675074
33,Jarandilla de la Vera,90022.8500001
33,Alcuéscar,109856.6153998
33,Losar de la Vera,95925.0230410
33,Madroñera,77298.3980613
33,Valverde del Fresno,122012.4868614
33,Garrovillas de Alconétar,66707.3223223
33,Aldeanueva de la Vera,84840.3611221
33,Cabezuela del Valle,70855.9434695
33,Brozas,91184.5436994
33,Villanueva de la Vera,111971.8696996
33,Guadalupe,115508.2408765
33,Logrosán,111365.6806546
33,Sierra de Fuentes,76411.3797854
33,Navaconcejo,67544.4180570
33,Ceclavín,85214.8242438
33,Montánchez,103176.5285142
33,Almoharín,104974.1290885
33,Aliseda,92793.0614730
33,Galisteo,41141.7532935
33,Madrigalejo,110635.2611206
33,Cilleros,111378.8204497
33,Zarza de Granadilla,67812.8902539
33,Madrigal de la Vera,121453.3984772
33,Cañamero,108712.9892532
33,Serradilla,2552.6116417
33,Torreorgaz,84271.6366575
33,Pinofranqueado,88636.6986652
33,Zorita,91038.2605306
33,Gata,92783.5727435
33,Alcántara,98247.3605970
33,Guijo de Galisteo,65354.6471801
33,Piornal,70115.4773508
33,Ahigal,63766.3578818
33,Peraleda de la Mata,100050.6129925
33,Navas del Madro¤o,79679.3980992
33,Nuñomoral,107710.1746075
33,Valdefuentes,96275.9378588
33,Zarza la Mayor,96684.7997822
33,Casatejada,74296.6430734
33,Casar de Palomero,85457.6940956
33,Jerte,76777.9129954
33,Almaraz,74948.0147057
33,Majadas,68446.8559992
33,Cañaveral,42770.6521756
33,Rosalejo,107097.4463861
33,Caminomorisco,86389.3480345
33,Riolobos,28450.7952113
33,Casta¤ar de Ibor,87704.1222201
33,Tornavacas,83858.7721278
33,Torrecillas de la Tiesa,76396.7564057
33,"Pesga. La",85191.3074611
33,Carcaboso,45623.4318312
33,Garganta la Olla,83246.2438993
33,Torremocha,92592.3644075
33,Eljas,122976.5923612
33,Campo Lugar,98621.4734819
33,Al¡a,129538.0955212
33,Arroyomolinos,109097.3167268
33,Monroy,31434.0822855
33,"Torno. El",60972.2401203
33,"Cumbre. La",72430.7555955
33,Hoyos,100419.8068171
33,Mohedas de Granadilla,73426.0632243
33,Perales del Puerto,100084.4072250
33,Talav n,36481.2828792
33,San Martín de Trevejo,121024.9701359
33,Cuacos de Yuste,81199.7412192
33,Tejeda de Tiétar,66995.9531440
33,Acehúche,71795.7725807
33,Escurial,105731.9242691
33,Garciaz,96084.9801472
33,Membrío,126510.9804991
33,Deleitosa,64332.3737794
33,Santibáñez el Bajo,67500.1161802
33,Saucedilla,77245.8287720
33,Aldeanueva del Camino,69327.3353693
33,Albalá,102232.8399385
33,Aldeacentenera,97129.8365460
33,Casas del Monte,64666.1369851
33,Valdeobispo,50437.7345899
33,Holguera,33017.1190920
33,Mirabel,12777.3871296
33,Aldea del Cano,89740.8676436
33,Baños de Montemayor,113557.4913447
33,Navezuelas,91049.9616191
33,Casas de Millán,43843.2055057
33,Salorino,133833.4180708
33,Torrecilla de los Ángeles,80617.5507100
33,Acebo,102317.9748480
33,Santiago de Alcántara,147996.3189196
33,Pasarón de la Vera,81275.0590594
33,Villamiel,113037.8715190
33,Villar del Pedroso,129391.7720554
33,Belvís de Monroy,91011.1407979
33,Casas del Castañar,59747.9442003
33,Torre de Santa María,94924.7145362
33,Guijo de Granadilla,64940.3424174
33,Torremenga,71905.2648162
33,Zarza de Montánchez,94384.6091845
33,Aceituna,68111.5648462
33,Torrejón el Rubio,21985.0892803
33,Torrequemada,87329.3599863
33,Jaraicejo,45178.9454234
33,Valverde de la Vera,108877.8386449
33,Torre de Don Miguel,88846.2454075
33,Pozuelo de Zarzón,68620.9053087
33,Villa del Campo,69748.4708770
33,Plasenzuela,81958.8571294
33,Bohonal de Ibor,99728.6672173
33,Berzocana,98866.8671810
33,Casares de las Hurdes,115451.2863234
33,Hernán-Pérez,80568.5691413
33,Villanueva de la Sierra,75520.4459225
33,Cadalso,85160.1642672
33,Navalvillar de Ibor,94208.2727730
33,Arroyomolinos de la Vera,61641.0154196
33,Cedillo,174977.2083296
33,"Garganta. La",119900.8627337
33,Ibahernando,80728.4932477
33,Calzadilla,74293.1158046
33,Barrado,61572.0723592
33,Casillas de Coria,76687.7750248
33,Villasbuenas de Gata,91168.2921067
33,Valdelacasa de Tajo,120857.6253380
33,Abertura,91835.3438340
33,Palomero,79752.0396470
33,Serrejón,69579.0221585
33,Hinojal,42212.3205237
33,Gargantilla,71497.3444879
33,Santibáñez el Alto,86286.0426108
33,Cabañas del Castillo,85180.5374536
33,Robledillo de Trujillo,89351.3339953
33,Cabezabellosa,61174.5899775
33,Morcillo,63910.2466984
33,Portaje,77108.2000826
33,Guijo de Santa Bárbara,94466.4210553
33,Robledollano,78079.4654256
33,Puerto de Santa Cruz,81666.9494844
33,Herreruela,130923.1764894
33,Valdastillas,63088.9344115
33,Cabrero,61298.1141287
33,Herguijuela,79445.6421110
33,Talaveruela de la Vera,107752.3756471
33,"Granja. La",65315.0841098
33,"Aldea del Obispo. La",48885.6223257
33,Casas de Don Gómez,71601.3598408
33,Aldehuela de Jerte,49811.7317893
33,"Gordo. El",105272.4739647
33,Carrascalejo,135481.6428105
33,Mata de Alcántara,92043.9129886
33,Fresnedoso de Ibor,91115.4501828
33,Abadía,71952.2238109
33,Santa Cruz de Paniagua,74173.9452390
33,Villamesías,90602.6670992
33,Santa Marta de Magasca,61982.2775069
33,Santiago del Campo,44055.3023956
33,Robledillo de la Vera,99131.2237291
33,Salvatierra de Santiago,85798.0636404
33,Santa Ana,85173.6998917
33,Peraleda de San Román,109724.8503909
33,Oliva de Plasencia,48444.2759411
33,Herrera de Alcántara,176679.3415595
33,Santa Cruz de la Sierra,80661.5490696
33,Portezuelo,57684.1634168
33,Alcollarín,96513.4243737
33,Viandar de la Vera,106870.1527443
33,Millanes,85690.8066092
33,Marchagaz,82578.0329338
33,Rebollar,65669.5428884
33,Guijo de Coria,70696.7783564
33,Valdemorales,99962.8784793
33,Villar de Plasencia,53740.2214540
33,Ladrillar,120412.3594114
33,Carbajo,142621.4119457
33,Romangordo,67356.5334660
33,Casas de Don Antonio,119339.3507923
33,Valdehúncar,89697.4274853
33,Conquista de la Sierra,83160.3529500
33,Piedras Albas,106927.9088188
33,Collado,77858.9549648
33,Botija,85790.3907549
33,Huélaga,75549.8764614
33,Cerezo,72863.7725507
33,Descargamaría,94400.4876708
33,Segura de Toro,68013.2091944
33,Toril,67699.0726890
33,Mesas de Ibor,107170.5078900
33,Pescueza,84806.7608728
33,Villa del Rey,96459.3758917
33,Jarilla,60064.2355464
33,Casas de Miravete,62182.6079270
33,Gargüera,55270.1473202
33,Robledillo de Gata,97359.7885492
33,Valdecañas de Tajo,115907.6832080
33,Pedroso de Acim,45463.7691072
33,Berrocalejo,112685.2060650
33,Garvín,114062.3666674
33,Higuera,70722.3103837
33,Benquerencia,101796.7684990
33,Cachorrilla,86670.3073134
33,Campillo de Deleitosa,120789.0071933
33,Ruanes,82044.4818078
34,Badajoz,208918.9879279
34,Mérida,150914.8373442
34,Don Benito,127220.3203138
34,Almendralejo,185894.4147163
34,Villanueva de la Serena,139771.7724296
34,Zafra,210811.9258439
34,Montijo,170547.1053763
34,Villafranca de los Barros,194044.7110678
34,Olivenza,235638.1876207
34,Jerez de los Caballeros,248876.0173419
34,Azuaga,223391.3150402
34,"Santos de Maimona. Los",207479.0482032
34,Guareña,159635.0966005
34,Fuente del Maestre,200723.4727327
34,Castuera,161058.6374719
34,Calamonte,156607.9296779
34,Llerena,230425.5399726
34,Puebla de la Calzada,173222.2102796
34,San Vicente de Alcántara,199251.0752059
34,Alburquerque,186574.5454946
34,Aceuchal,191146.6042320
34,Oliva de la Frontera,265993.0796089
34,Talavera la Real,189720.7283219
34,Cabeza del Buey,185056.9092633
34,Campanario,143073.7218453
34,Fregenal de la Sierra,250126.5470255
34,Quintana de la Serena,174909.9297972
34,Fuente de Cantos,236307.6793988
34,Navalvillar de Pela,118864.1789761
34,Monesterio,248013.8976095
34,Santa Amalia,126060.2587611
34,Santa Marta,195115.7179768
34,Arroyo de San Serván,162640.4813376
34,Valverde de Leganés,223121.0768160
34,Zalamea de la Serena,176148.3919854
34,Hornachos,190000.0370559
34,Barcarrota,226613.5560815
34,Herrera del Duque,178927.1851128
34,Villanueva del Fresno,262850.4411307
34,Talarrubias,147566.2575604
34,"Zarza. La",154673.2947255
34,Ribera del Fresno,193500.6617181
34,Burguillos del Cerro,229318.9320435
34,Orellana la Vieja,131442.6157039
34,Zah¡nos,261444.3382379
34,Puebla de Sancho P‚rez,214394.7305265
34,Solana de los Barros,179928.3114400
34,Valdelacalzada,180759.6557582
34,Lobón,174694.6987636
34,Monterrubio de la Serena,180134.4793033
34,Fuentes de León,260181.8183191
34,"Garrovilla. La",160164.8020234
34,Berlanga,231782.3900805
34,Higuera la Real,277571.0703791
34,Villar del Rey,182454.2518322
34,Granja de Torrehermosa,219426.8368268
34,Medell¡n,139383.7458103
34,Bienvenida,225479.4775760
34,"Codosera. La",207832.1333888
34,Valencia del Ventoso,231377.7727960
34,"Coronada. La",135321.1441158
34,Torremej¡a,165965.9629879
34,Siruela,165436.3950667
34,Higuera de Vargas,248118.9613383
34,Segura de León,254157.2038960
34,Salvaleón,226036.6129031
34,Pueblonuevo del Guadiana,184488.1543339
34,Alange,159131.2722285
34,Puebla de Obando,160083.0213185
34,"Albuera. La",206537.6946795
34,Usagre,217824.7788486
34,Fuenlabrada de los Montes,170677.9697655
34,Alconchel,246961.9046345
34,Oliva de Mérida,159565.6176201
34,Salvatierra de los Barros,218940.7033476
34,Villalba de los Barros,195216.0806799
34,Casas de Don Pedro,130841.4126136
34,Esparragalejo,155709.3794684
34,Montemolín,249258.3025616
34,"Roca de la Sierra. La",168441.6496715
34,Campillo de Llerena,235403.9364524
34,Cabeza la Vaca,265567.9982976
34,Villar de Rena,110680.8171381
34,Trujillanos,144043.2070661
34,Valle de la Serena,164182.5442495
34,"Parra. La",211627.2671609
34,Mirandilla,147106.3112661
34,"Haba. La",134287.0320140
34,Villagonzalo,148829.6124693
34,Feria,210952.6609214
34,Medina de las Torres,220956.2542141
34,Valdetorres,144837.5342144
34,Almendral,213340.2391209
34,Corte de Peleas,192309.9140305
34,Cheles,263122.5580857
34,Puebla de Alcocer,149622.7973892
34,Torre de Miguel Sesmero,210304.0521174
34,Valdecaballeros,204329.7759985
34,Peñalsordo,184043.8762378
34,Valle de Santa Ana,241607.3483570
34,Valverde de Mérida,140420.2789749
34,Castilblanco,194723.0911245
34,Bodonal de la Sierra,249057.4813373
34,"Nava de Santiago. La",149831.7460867
34,Esparragosa de la Serena,172310.3853835
34,Maguilla,229571.5099376
34,Calera de León,256992.5817388
34,Ahillones,238504.5033307
34,Higuera de la Serena,171699.4638189
34,Esparragosa de Lares,153871.2237471
34,Torremayor,165330.1560507
34,Villagarcía de la Torre,229568.8178411
34,Cordobilla de Lácara,137707.3723095
34,Benquerencia de la Serena,166333.4744455
34,Llera,202894.5541507
34,San Pedro de Mérida,135781.1030624
34,Calzadilla de los Barros,223084.9242973
34,Puebla de la Reina,175677.2181350
34,Acedera,124062.5039124
34,Táliga,240705.8799587
34,Valencia del Mombuey,285952.6620827
34,Puebla del Maestre,256159.5453641
34,Manchita,168165.0175072
34,"Morera. La",213855.1128412
34,Fuente del Arco,246371.3420567
34,Don Álvaro,149291.9742385
34,Alconera,220991.2566790
34,Nogales,216534.8793450
34,Helechosa de los Montes,223554.8476724
34,Valverde de Llerena,236013.3879958
34,Palomas,171219.8606045
34,Trasierra,238618.6403531
34,Valencia de las Torres,209436.8060206
34,Garlitos,178156.0651296
34,Rena,113462.4739783
34,Malpartida de la Serena,171555.6366045
34,Peraleda del Zaucejo,201010.2432979
34,Magacela,140871.5275929
34,Entrín Bajo,196538.2415129
34,Villarta de los Montes,254190.6406235
34,Carmonita,127717.7320077
34,Cristina,156945.1750230
34,Hinojosa del Valle,203263.7544354
34,Garbayuela,164311.0658201
34,Puebla del Prior,195837.5086766
34,Retamal de Llerena,186447.7564260
34,Mengabril,133969.1262646
34,Malcocinado,239273.6167477
34,Valle de Matamoros,243457.7786332
34,Zarza-Capilla,178850.5354038
34,Higuera de Llerena,212507.6533731
34,Baterno,178885.1123686
34,Atalaya,225723.1479941
34,Valverde de Burguillos,226999.8388976
34,Orellana de la Sierra,127952.8128704
34,"Lapa. La",221733.4052574
34,Tamurejo,177113.9875769
34,Aljucén,134607.0039257
34,Sancti-Spíritus,166903.2025328
34,Reina,240684.0443051
34,Casas de Reina,237851.5474883
34,Capilla,187397.3624998
34,Risco,169220.2643368
34,"Carrascalejo. El",139290.0650747
34,C ceres,108531.9662229
34,Plasencia,55613.5234740
34,Navalmoral de la Mata,7244.8232865
34,Coria,88369.2768261
34,Miajadas,100610.7448689
34,Trujillo,71698.5724955
34,Talayuela,39768.3160169
34,Moraleja,100653.2169739
34,Arroyo de la Luz,137730.3635794
34,Jara¡z de la Vera,30894.1085694
34,Valencia de Alc ntara,199304.0076093
34,Montehermoso,80778.0594924
34,Casar de Cáceres,112042.6078116
34,Malpartida de Plasencia,44567.8613349
34,Malpartida de Cáceres,129841.0607228
34,Hervás,109539.3774423
34,Torrejoncillo,84219.6925945
34,Jarandilla de la Vera,46284.8755128
34,Alcuéscar,115979.5510416
34,Losar de la Vera,47811.4247672
34,Madroñera,75604.2802770
34,Valverde del Fresno,143359.5512983
34,Garrovillas de Alconétar,112001.7961111
34,Aldeanueva de la Vera,41102.3866348
34,Cabezuela del Valle,74977.4103663
34,Brozas,136479.0174883
34,Villanueva de la Vera,58996.4937948
34,Guadalupe,69561.9168096
34,Logrosán,91213.8536038
34,Sierra de Fuentes,103113.9385798
34,Navaconcejo,71665.8849538
34,Ceclavín,122692.4296119
34,Montánchez,109299.4641560
34,Almoharín,105004.9569934
34,Aliseda,147334.5085891
34,Galisteo,63822.8730640
34,Madrigalejo,108941.1433362
34,Cilleros,132725.8848866
34,Zarza de Granadilla,87586.0284141
34,Madrigal de la Vera,68478.0225724
34,Cañamero,83976.8779636
34,Serradilla,80665.8777021
34,Torreorgaz,110752.2691410
34,Pinofranqueado,108453.5937071
34,Zorita,89344.1427462
34,Gata,114130.6371805
34,Alcántara,143541.8343858
34,Guijo de Galisteo,86701.7116171
34,Piornal,50509.6229597
34,Ahigal,83583.2529237
34,Peraleda de la Mata,20259.0920302
34,Navas del Madro¤o,124973.8718880
34,Nuñomoral,127527.0696494
34,Valdefuentes,102398.8735005
34,Zarza la Mayor,126430.7248614
34,Casatejada,13215.2950082
34,Casar de Palomero,105274.5891375
34,Jerte,80899.3798922
34,Almaraz,11363.8299326
34,Majadas,18318.2758416
34,Cañaveral,83389.1772627
34,Rosalejo,27305.9254238
34,Caminomorisco,106206.2430764
34,Riolobos,69069.3202984
34,Casta¤ar de Ibor,41150.3393289
34,Tornavacas,87980.2390246
34,Torrecillas de la Tiesa,59015.7384935
34,"Pesga. La",105008.2025030
34,Carcaboso,66970.4962681
34,Garganta la Olla,39508.2694121
34,Torremocha,102808.2302605
34,Eljas,144323.6567981
34,Campo Lugar,97039.5846589
34,Al¡a,83591.7714542
34,Arroyomolinos,115220.2523685
34,Monroy,91342.2334034
34,"Torno. El",70536.7504152
34,"Cumbre. La",78553.6912372
34,Hoyos,121766.8712540
34,Mohedas de Granadilla,93242.9582662
34,Perales del Puerto,121431.4716619
34,Talav n,96389.4339971
34,San Martín de Trevejo,142372.0345729
34,Cuacos de Yuste,37461.7667319
34,Tejeda de Tiétar,43176.9740358
34,Acehúche,112414.2976679
34,Escurial,104150.0354462
34,Garciaz,94390.8623628
34,Membrío,171805.4542879
34,Deleitosa,39596.2624898
34,Santibáñez el Bajo,87317.0112221
34,Saucedilla,15364.3427284
34,Aldeanueva del Camino,89060.5111063
34,Albalá,108355.7755802
34,Aldeacentenera,95435.7187616
34,Casas del Monte,84427.9076244
34,Valdeobispo,71784.7990268
34,Holguera,73635.6441792
34,Mirabel,69671.1989382
34,Aldea del Cano,119522.4459949
34,Baños de Montemayor,117678.9582415
34,Navezuelas,66313.8503295
34,Casas de Millán,84461.7305929
34,Salorino,179127.8918596
34,Torrecilla de los Ángeles,101964.6151470
34,Acebo,123665.0392849
34,Santiago de Alcántara,193290.7927084
34,Pasarón de la Vera,39317.6439737
34,Villamiel,134384.9359560
34,Villar del Pedroso,49609.5430012
34,Belvís de Monroy,11493.7538129
34,Casas del Castañar,57742.9045865
34,Torre de Santa María,101047.6501780
34,Guijo de Granadilla,84757.2374593
34,Torremenga,33210.8032753
34,Zarza de Montánchez,93199.6561359
34,Aceituna,89458.6292831
34,Torrejón el Rubio,64995.9997037
34,Torrequemada,107507.1782066
34,Jaraicejo,41301.3222084
34,Valverde de la Vera,55902.4627400
34,Torre de Don Miguel,110193.3098444
34,Pozuelo de Zarzón,89967.9697456
34,Villa del Campo,91095.5353139
34,Plasenzuela,88083.1730477
34,Bohonal de Ibor,19946.4381631
34,Berzocana,74130.7558914
34,Casares de las Hurdes,135268.1813653
34,Hernán-Pérez,101915.6335782
34,Villanueva de la Sierra,96867.5103595
34,Cadalso,106507.2287042
34,Navalvillar de Ibor,48261.9487060
34,Arroyomolinos de la Vera,44706.1402248
34,Cedillo,220271.6821184
34,"Garganta. La",124022.3296305
34,Ibahernando,79435.3154511
34,Calzadilla,96692.3350885
34,Barrado,51826.2107346
34,Casillas de Coria,99382.4514981
34,Villasbuenas de Gata,112515.3565437
34,Valdelacasa de Tajo,41075.3962838
34,Abertura,90253.4550111
34,Palomero,99568.9346889
34,Serrejón,25015.1036918
34,Hinojal,98790.3563011
34,Gargantilla,91230.5202248
34,Santibáñez el Alto,107633.1070477
34,Cabañas del Castillo,60444.4261640
34,Robledillo de Trujillo,88058.1561987
34,Cabezabellosa,80632.7392228
34,Morcillo,86309.4659823
34,Portaje,100396.8656768
34,Guijo de Santa Bárbara,50728.4465681
34,Robledollano,46084.5702117
34,Puerto de Santa Cruz,80271.5959945
34,Herreruela,176217.6502782
34,Valdastillas,61217.3426644
34,Cabrero,57472.9798169
34,Herguijuela,77751.5243266
34,Talaveruela de la Vera,54776.9997423
34,"Granja. La",85048.2598467
34,"Aldea del Obispo. La",72807.9267377
34,Casas de Don Gómez,94000.5791246
34,Aldehuela de Jerte,71158.7962262
34,"Gordo. El",25480.9530025
34,Carrascalejo,55699.4137562
34,Mata de Alcántara,137338.3867774
34,Fresnedoso de Ibor,33091.7022225
34,Abadía,91685.3995478
34,Santa Cruz de Paniagua,93990.8402809
34,Villamesías,89020.7782763
34,Santa Marta de Magasca,87391.6529976
34,Santiago del Campo,103963.4535135
34,Robledillo de la Vera,43629.6584435
34,Salvatierra de Santiago,91920.9992821
34,Santa Ana,91296.6355334
34,Peraleda de San Román,29942.6213366
34,Oliva de Plasencia,68261.1709830
34,Herrera de Alcántara,221973.8153483
34,Santa Cruz de la Sierra,79075.9128087
34,Portezuelo,98302.6885039
34,Alcollarín,94819.3065894
34,Viandar de la Vera,53894.7768395
34,Millanes,6173.4196242
34,Marchagaz,102394.9279757
34,Rebollar,69791.0097852
34,Guijo de Coria,92043.8427934
34,Valdemorales,99993.7063841
34,Villar de Plasencia,73198.3706993
34,Ladrillar,140229.2544533
34,Carbajo,187915.8857345
34,Romangordo,23409.6693894
34,Casas de Don Antonio,129195.9807248
34,Valdehúncar,9915.1984310
34,Conquista de la Sierra,81466.2351656
34,Piedras Albas,140248.3646250
34,Collado,34120.9804775
34,Botija,91914.7066731
34,Huélaga,97949.0957452
34,Cerezo,92680.6675926
34,Descargamaría,115747.5521078
34,Segura de Toro,87774.9798337
34,Toril,20251.8986097
34,Mesas de Ibor,27388.2788358
34,Pescueza,108095.4264670
34,Villa del Rey,141753.8496805
34,Jarilla,79826.0061857
34,Casas de Miravete,26455.9000824
34,Gargüera,54620.5110511
34,Robledillo de Gata,118706.8529861
34,Valdecañas de Tajo,36125.4541537
34,Pedroso de Acim,86082.2941944
34,Berrocalejo,32893.6851027
34,Garvín,34280.1376132
34,Higuera,25798.7121493
34,Benquerencia,112012.6343520
34,Cachorrilla,109958.9729075
34,Campillo de Deleitosa,41006.7781391
34,Ruanes,88167.4174495
35,Badajoz,202857.8918312
35,Mérida,150028.7749679
35,Don Benito,126334.2579375
35,Almendralejo,185008.3523400
35,Villanueva de la Serena,138885.7100533
35,Zafra,209925.8634676
35,Montijo,169661.0430000
35,Villafranca de los Barros,193158.6486915
35,Olivenza,234752.1252445
35,Jerez de los Caballeros,247989.9549656
35,Azuaga,222505.2526639
35,"Santos de Maimona. Los",206592.9858269
35,Guareña,158749.0342242
35,Fuente del Maestre,199837.4103564
35,Castuera,160172.5750956
35,Calamonte,155721.8673017
35,Llerena,229539.4775963
35,Puebla de la Calzada,172336.1479033
35,San Vicente de Alcántara,189310.6633174
35,Alburquerque,176634.1336061
35,Aceuchal,190260.5418557
35,Oliva de la Frontera,265107.0172326
35,Talavera la Real,188834.6659456
35,Cabeza del Buey,190491.0418979
35,Campanario,142187.6594691
35,Fregenal de la Sierra,249240.4846492
35,Quintana de la Serena,174023.8674210
35,Fuente de Cantos,235421.6170226
35,Navalvillar de Pela,124298.3116108
35,Monesterio,247127.8352333
35,Santa Amalia,125174.1963849
35,Santa Marta,194229.6556006
35,Arroyo de San Serván,161754.4189613
35,Valverde de Leganés,222235.0144397
35,Zalamea de la Serena,175262.3296091
35,Hornachos,189113.9746796
35,Barcarrota,225727.4937052
35,Herrera del Duque,184361.3177475
35,Villanueva del Fresno,261964.3787544
35,Talarrubias,153000.3901950
35,"Zarza. La",153787.2323492
35,Ribera del Fresno,192614.5993418
35,Burguillos del Cerro,228432.8696673
35,Orellana la Vieja,136876.7483385
35,Zah¡nos,260558.2758616
35,Puebla de Sancho P‚rez,213508.6681502
35,Solana de los Barros,179042.2490637
35,Valdelacalzada,179873.5933819
35,Lobón,173808.6363873
35,Monterrubio de la Serena,179248.4169271
35,Fuentes de León,259295.7559428
35,"Garrovilla. La",159278.7396471
35,Berlanga,230896.3277042
35,Higuera la Real,276685.0080028
35,Villar del Rey,175113.6715712
35,Granja de Torrehermosa,218540.7744505
35,Medell¡n,138497.6834340
35,Bienvenida,224593.4151997
35,"Codosera. La",197891.7215002
35,Valencia del Ventoso,230491.7104197
35,"Coronada. La",134435.0817395
35,Torremej¡a,165079.9006116
35,Siruela,170870.5277013
35,Higuera de Vargas,247232.8989620
35,Segura de León,253271.1415197
35,Salvaleón,225150.5505268
35,Pueblonuevo del Guadiana,183602.0919576
35,Alange,158245.2098523
35,Puebla de Obando,152742.4410575
35,"Albuera. La",205651.6323032
35,Usagre,216938.7164723
35,Fuenlabrada de los Montes,176112.1024002
35,Alconchel,246075.8422582
35,Oliva de Mérida,158679.5552438
35,Salvatierra de los Barros,218054.6409714
35,Villalba de los Barros,194330.0183036
35,Casas de Don Pedro,136275.5452483
35,Esparragalejo,154823.3170922
35,Montemolín,248372.2401854
35,"Roca de la Sierra. La",161733.6209115
35,Campillo de Llerena,234517.8740761
35,Cabeza la Vaca,264681.9359213
35,Villar de Rena,109794.7547618
35,Trujillanos,143157.1446898
35,Valle de la Serena,163296.4818732
35,"Parra. La",210741.2047846
35,Mirandilla,146220.2488898
35,"Haba. La",133400.9696377
35,Villagonzalo,147943.5500930
35,Feria,210066.5985451
35,Medina de las Torres,220070.1918378
35,Valdetorres,143951.4718381
35,Almendral,212454.1767446
35,Corte de Peleas,191423.8516543
35,Cheles,262236.4957095
35,Puebla de Alcocer,155056.9300238
35,Torre de Miguel Sesmero,209417.9897411
35,Valdecaballeros,209763.9086332
35,Peñalsordo,189478.0088725
35,Valle de Santa Ana,240721.2859807
35,Valverde de Mérida,139534.2165986
35,Castilblanco,200157.2237591
35,Bodonal de la Sierra,248171.4189611
35,"Nava de Santiago. La",148945.6837104
35,Esparragosa de la Serena,171424.3230072
35,Maguilla,228685.4475613
35,Calera de León,256106.5193625
35,Ahillones,237618.4409544
35,Higuera de la Serena,170813.4014426
35,Esparragosa de Lares,159305.3563817
35,Torremayor,164444.0936744
35,Villagarcía de la Torre,228682.7554648
35,Cordobilla de Lácara,136821.3099332
35,Benquerencia de la Serena,165447.4120692
35,Llera,202008.4917744
35,San Pedro de Mérida,134895.0406862
35,Calzadilla de los Barros,222198.8619210
35,Puebla de la Reina,174791.1557587
35,Acedera,129496.6365470
35,Táliga,239819.8175824
35,Valencia del Mombuey,285066.5997065
35,Puebla del Maestre,255273.4829878
35,Manchita,167278.9551310
35,"Morera. La",212969.0504649
35,Fuente del Arco,245485.2796804
35,Don Álvaro,148405.9118622
35,Alconera,220105.1943027
35,Nogales,215648.8169687
35,Helechosa de los Montes,228988.9803071
35,Valverde de Llerena,235127.3256195
35,Palomas,170333.7982282
35,Trasierra,237732.5779768
35,Valencia de las Torres,208550.7436443
35,Garlitos,183590.1977642
35,Rena,112576.4116020
35,Malpartida de la Serena,170669.5742282
35,Peraleda del Zaucejo,200124.1809216
35,Magacela,139985.4652166
35,Entrín Bajo,195652.1791366
35,Villarta de los Montes,259624.7732582
35,Carmonita,126831.6696315
35,Cristina,156059.1126467
35,Hinojosa del Valle,202377.6920592
35,Garbayuela,169745.1984547
35,Puebla del Prior,194951.4463003
35,Retamal de Llerena,185561.6940497
35,Mengabril,133083.0638883
35,Malcocinado,238387.5543714
35,Valle de Matamoros,242571.7162569
35,Zarza-Capilla,184284.6680385
35,Higuera de Llerena,211621.5909968
35,Baterno,184319.2450033
35,Atalaya,224837.0856178
35,Valverde de Burguillos,226113.7765213
35,Orellana de la Sierra,133386.9455050
35,"Lapa. La",220847.3428811
35,Tamurejo,182548.1202115
35,Aljucén,133720.9415494
35,Sancti-Spíritus,172337.3351674
35,Reina,239797.9819288
35,Casas de Reina,236965.4851120
35,Capilla,192831.4951345
35,Risco,174654.3969714
35,"Carrascalejo. El",138404.0026984
35,C ceres,107645.9038466
35,Plasencia,45875.5749430
35,Navalmoral de la Mata,15519.5754402
35,Coria,78414.6610560
35,Miajadas,99724.6824926
35,Trujillo,70812.5101192
35,Talayuela,30221.8553435
35,Moraleja,90915.2684429
35,Arroyo de la Luz,127789.9516908
35,Jara¡z de la Vera,21347.6478960
35,Valencia de Alc ntara,189363.5957208
35,Montehermoso,71040.1109614
35,Casar de Cáceres,102102.1959231
35,Malpartida de Plasencia,34829.9128039
35,Malpartida de Cáceres,119900.6488343
35,Hervás,99992.9167688
35,Torrejoncillo,74279.2807060
35,Jarandilla de la Vera,36738.4148394
35,Alcuéscar,115093.4886653
35,Losar de la Vera,38264.9640937
35,Madroñera,74718.2179007
35,Valverde del Fresno,133621.6027673
35,Garrovillas de Alconétar,102061.3842225
35,Aldeanueva de la Vera,31555.9259614
35,Cabezuela del Valle,65430.9496929
35,Brozas,126538.6055997
35,Villanueva de la Vera,49450.0331214
35,Guadalupe,77726.0543888
35,Logrosán,90327.7912275
35,Sierra de Fuentes,102227.8762035
35,Navaconcejo,62119.4242804
35,Ceclavín,112737.8138418
35,Montánchez,108413.4017797
35,Almoharín,104118.8946171
35,Aliseda,137394.0967006
35,Galisteo,53881.8139967
35,Madrigalejo,108055.0809599
35,Cilleros,122987.9363556
35,Zarza de Granadilla,77848.0798831
35,Madrigal de la Vera,58931.5618989
35,Cañamero,83090.8155873
35,Serradilla,70725.4658136
35,Torreorgaz,109866.2067647
35,Pinofranqueado,98715.6451761
35,Zorita,88458.0803699
35,Gata,104392.6886495
35,Alcántara,133601.4224973
35,Guijo de Galisteo,76963.7630861
35,Piornal,40963.1622863
35,Ahigal,73845.3043927
35,Peraleda de la Mata,28456.5923321
35,Navas del Madro¤o,115033.4599995
35,Nuñomoral,117789.1211184
35,Valdefuentes,101512.8111242
35,Zarza la Mayor,116624.0617143
35,Casatejada,3232.5800317
35,Casar de Palomero,95536.6406065
35,Jerte,71352.9192188
35,Almaraz,10368.0192007
35,Majadas,8771.8151682
35,Cañaveral,73448.7653742
35,Rosalejo,35538.5316241
35,Caminomorisco,96468.2945454
35,Riolobos,59128.9084099
35,Casta¤ar de Ibor,49314.4769081
35,Tornavacas,78433.7783512
35,Torrecillas de la Tiesa,58129.6761172
35,"Pesga. La",95270.2539720
35,Carcaboso,57232.5477371
35,Garganta la Olla,29961.8087386
35,Torremocha,101922.1678842
35,Eljas,134585.7082671
35,Campo Lugar,96153.5222826
35,Al¡a,91755.9090335
35,Arroyomolinos,114334.1899922
35,Monroy,90457.1128181
35,"Torno. El",60990.2897418
35,"Cumbre. La",77667.6288609
35,Hoyos,112028.9227230
35,Mohedas de Granadilla,83505.0097352
35,Perales del Puerto,111693.5231309
35,Talav n,95504.3134117
35,San Martín de Trevejo,132634.0860419
35,Cuacos de Yuste,27915.3060585
35,Tejeda de Tiétar,33630.5133624
35,Acehúche,102473.8857793
35,Escurial,103263.9730699
35,Garciaz,93504.7999865
35,Membrío,161865.0423994
35,Deleitosa,38710.2001135
35,Santibáñez el Bajo,77579.0626911
35,Saucedilla,6181.7657303
35,Aldeanueva del Camino,79322.5625753
35,Albalá,107469.7132039
35,Aldeacentenera,94549.6563853
35,Casas del Monte,74689.9590934
35,Valdeobispo,62046.8504958
35,Holguera,63695.2322906
35,Mirabel,59730.7870497
35,Aldea del Cano,118636.3836186
35,Baños de Montemayor,108132.4975680
35,Navezuelas,65427.7879532
35,Casas de Millán,74521.3187043
35,Salorino,169187.4799711
35,Torrecilla de los Ángeles,92226.6666160
35,Acebo,113927.0907539
35,Santiago de Alcántara,183350.3808198
35,Pasarón de la Vera,29771.1833003
35,Villamiel,124646.9874250
35,Villar del Pedroso,57773.6805804
35,Belvís de Monroy,19393.0493229
35,Casas del Castañar,48196.4439131
35,Torre de Santa María,100161.5878017
35,Guijo de Granadilla,75019.2889283
35,Torremenga,23664.3426019
35,Zarza de Montánchez,92313.5937596
35,Aceituna,79720.6807521
35,Torrejón el Rubio,64110.8791184
35,Torrequemada,106621.1158303
35,Jaraicejo,40416.2016231
35,Valverde de la Vera,46356.0020666
35,Torre de Don Miguel,100455.3613134
35,Pozuelo de Zarzón,80230.0212146
35,Villa del Campo,81357.5867829
35,Plasenzuela,87197.1106714
35,Bohonal de Ibor,28110.5757423
35,Berzocana,73244.6935151
35,Casares de las Hurdes,125530.2328343
35,Hernán-Pérez,92177.6850472
35,Villanueva de la Sierra,87129.5618285
35,Cadalso,96769.2801732
35,Navalvillar de Ibor,56426.0862853
35,Arroyomolinos de la Vera,35159.6795514
35,Cedillo,210331.2702299
35,"Garganta. La",114475.8689571
35,Ibahernando,78549.2530748
35,Calzadilla,86954.3865575
35,Barrado,42279.7500612
35,Casillas de Coria,89427.8357280
35,Villasbuenas de Gata,102777.4080127
35,Valdelacasa de Tajo,49239.5338630
35,Abertura,89367.3926348
35,Palomero,89830.9861579
35,Serrejón,15032.3887154
35,Hinojal,88849.9444125
35,Gargantilla,81492.5716938
35,Santibáñez el Alto,97895.1585167
35,Cabañas del Castillo,59558.3637877
35,Robledillo de Trujillo,87172.0938224
35,Cabezabellosa,70894.7906918
35,Morcillo,76571.5174513
35,Portaje,90442.2499067
35,Guijo de Santa Bárbara,41181.9858946
35,Robledollano,52457.2917597
35,Puerto de Santa Cruz,79385.5336182
35,Herreruela,166277.2383896
35,Valdastillas,51670.8819910
35,Cabrero,47926.5191434
35,Herguijuela,76865.4619503
35,Talaveruela de la Vera,45230.5390688
35,"Granja. La",75310.3113157
35,"Aldea del Obispo. La",71921.8643614
35,Casas de Don Gómez,84262.6305936
35,Aldehuela de Jerte,61420.8476952
35,"Gordo. El",33713.5592028
35,Carrascalejo,63863.5513355
35,Mata de Alcántara,127397.9748889
35,Fresnedoso de Ibor,41255.8398017
35,Abadía,81947.4510168
35,Santa Cruz de Paniagua,84252.8917499
35,Villamesías,88134.7159000
35,Santa Marta de Magasca,86505.5906214
35,Santiago del Campo,95636.8286165
35,Robledillo de la Vera,34083.1977701
35,Salvatierra de Santiago,91034.9369059
35,Santa Ana,90410.5731571
35,Peraleda de San Román,38106.7589159
35,Oliva de Plasencia,58523.2224520
35,Herrera de Alcántara,212033.4034597
35,Santa Cruz de la Sierra,78189.8504324
35,Portezuelo,88362.2766154
35,Alcollarín,93933.2442131
35,Viandar de la Vera,44348.3161661
35,Millanes,14072.7151342
35,Marchagaz,92656.9794447
35,Rebollar,60244.5491118
35,Guijo de Coria,82305.8942624
35,Valdemorales,99107.6440079
35,Villar de Plasencia,63460.4221683
35,Ladrillar,130491.3059223
35,Carbajo,177975.4738459
35,Romangordo,22524.5488040
35,Casas de Don Antonio,128309.9183485
35,Valdehúncar,18079.3360103
35,Conquista de la Sierra,80580.1727893
35,Piedras Albas,130441.7014779
35,Collado,24574.5198041
35,Botija,91028.6442969
35,Huélaga,88211.1472142
35,Cerezo,82942.7190616
35,Descargamaría,106009.6035768
35,Segura de Toro,78037.0313027
35,Toril,10269.1836332
35,Mesas de Ibor,35552.4164150
35,Pescueza,98140.8106969
35,Villa del Rey,131813.4377920
35,Jarilla,70088.0576547
35,Casas de Miravete,25570.7794971
35,Gargüera,45074.0503777
35,Robledillo de Gata,108968.9044551
35,Valdecañas de Tajo,44289.5917330
35,Pedroso de Acim,76141.8823058
35,Berrocalejo,41126.2913030
35,Garvín,42444.2751924
35,Higuera,24913.5915639
35,Benquerencia,111126.5719757
35,Cachorrilla,100004.3571374
35,Campillo de Deleitosa,49170.9157183
35,Ruanes,87281.3550732
36,Badajoz,145809.1730962
36,Mérida,85201.3981477
36,Don Benito,44467.7184170
36,Almendralejo,121901.6792827
36,Villanueva de la Serena,57019.1705328
36,Zafra,135412.1435127
36,Montijo,109022.4306096
36,Villafranca de los Barros,115496.9935451
36,Olivenza,172528.3727891
36,Jerez de los Caballeros,173476.2350107
36,Azuaga,140638.7131434
36,"Santos de Maimona. Los",132079.2658720
36,Guareña,76882.4947037
36,Fuente del Maestre,127638.2823775
36,Castuera,78306.0355751
36,Calamonte,93498.1148463
36,Llerena,149286.7603975
36,Puebla de la Calzada,111694.0053630
36,San Vicente de Alcántara,189747.3342089
36,Alburquerque,156858.0311872
36,Aceuchal,127340.0775402
36,Oliva de la Frontera,190593.2972778
36,Talavera la Real,126610.9134903
36,Cabeza del Buey,108957.4505201
36,Campanario,60321.1199486
36,Fregenal de la Sierra,174726.7646944
36,Quintana de la Serena,92157.3279005
36,Fuente de Cantos,155409.7955660
36,Navalvillar de Pela,65661.7278559
36,Monesterio,172101.5130633
36,Santa Amalia,52056.1126345
36,Santa Marta,132005.9031452
36,Arroyo de San Serván,99530.6665060
36,Valverde de Leganés,160011.2619843
36,Zalamea de la Serena,93395.7900886
36,Hornachos,108861.2574808
36,Barcarrota,163503.7412498
36,Herrera del Duque,125724.7339926
36,Villanueva del Fresno,199740.6262990
36,Talarrubias,94363.8064402
36,"Zarza. La",82778.5330409
36,Ribera del Fresno,112361.8821430
36,Burguillos del Cerro,153919.1497124
36,Orellana la Vieja,64160.5188017
36,Zah¡nos,193206.7366314
36,Puebla de Sancho P‚rez,138994.9481953
36,Solana de los Barros,116818.4966084
36,Valdelacalzada,119231.4508417
36,Lobón,111584.8839320
36,Monterrubio de la Serena,97381.8774066
36,Fuentes de León,184782.0359880
36,"Garrovilla. La",97054.9871917
36,Berlanga,150643.6105054
36,Higuera la Real,202171.2880480
36,Villar del Rey,135758.0956881
36,Granja de Torrehermosa,136674.2349300
36,Medell¡n,56631.1439135
36,Bienvenida,144340.6980009
36,"Codosera. La",170171.4655611
36,Valencia del Ventoso,155977.9904648
36,"Coronada. La",52568.5422190
36,Torremej¡a,101374.5745724
36,Siruela,112233.9439465
36,Higuera de Vargas,185009.1465066
36,Segura de León,178757.4215649
36,Salvaleón,162926.7980715
36,Pueblonuevo del Guadiana,122959.9494174
36,Alange,87236.5105439
36,Puebla de Obando,130658.5264697
36,"Albuera. La",143427.8798479
36,Usagre,136685.9992735
36,Fuenlabrada de los Montes,117475.5186453
36,Alconchel,183852.0898029
36,Oliva de Mérida,78287.7444614
36,Salvatierra de los Barros,152102.2038045
36,Villalba de los Barros,131992.6461206
36,Casas de Don Pedro,77638.9614934
36,Esparragalejo,92599.5646368
36,Montemolín,168119.5229866
36,"Roca de la Sierra. La",121315.6925158
36,Campillo de Llerena,152651.3345556
36,Cabeza la Vaca,189669.6541368
36,Villar de Rena,27928.2152413
36,Trujillanos,78329.7678696
36,Valle de la Serena,81429.9423527
36,"Parra. La",144788.7676178
36,Mirandilla,91794.0465921
36,"Haba. La",51534.4301172
36,Villagonzalo,78954.1037945
36,Feria,140053.1202064
36,Medina de las Torres,145556.4718830
36,Valdetorres,68002.9933805
36,Almendral,150230.4242893
36,Corte de Peleas,129200.0991989
36,Cheles,200012.7432541
36,Puebla de Alcocer,96420.3462689
36,Torre de Miguel Sesmero,147194.2372857
36,Valdecaballeros,151127.3248783
36,Peñalsordo,125030.3532234
36,Valle de Santa Ana,174768.8488139
36,Valverde de Mérida,74706.8397784
36,Castilblanco,141520.6400043
36,Bodonal de la Sierra,173657.6990062
36,"Nava de Santiago. La",102705.7889311
36,Esparragosa de la Serena,89557.7834867
36,Maguilla,148432.7303625
36,Calera de León,181094.2375781
36,Ahillones,155751.9014339
36,Higuera de la Serena,88946.8619221
36,Esparragosa de Lares,99786.6349220
36,Torremayor,102220.3412190
36,Villagarcía de la Torre,148430.0382660
36,Cordobilla de Lácara,90581.4151538
36,Benquerencia de la Serena,83580.8725487
36,Llera,121755.7745756
36,San Pedro de Mérida,70067.6638659
36,Calzadilla de los Barros,147312.0961954
36,Puebla de la Reina,94538.4385599
36,Acedera,52792.1733026
36,Táliga,177596.0651270
36,Valencia del Mombuey,210552.8797516
36,Puebla del Maestre,175020.7657890
36,Manchita,85412.4156105
36,"Morera. La",148633.7733658
36,Fuente del Arco,165232.5624816
36,Don Álvaro,83578.5350420
36,Alconera,145591.4743478
36,Nogales,153425.0645134
36,Helechosa de los Montes,170352.3965522
36,Valverde de Llerena,153260.7860991
36,Palomas,90081.0810294
36,Trasierra,157479.8607780
36,Valencia de las Torres,128298.0264455
36,Garlitos,124953.6140093
36,Rena,30709.8720815
36,Malpartida de la Serena,88803.0347077
36,Peraleda del Zaucejo,118257.6414011
36,Magacela,58118.9256961
36,Entrín Bajo,133428.4266812
36,Villarta de los Montes,200988.1895033
36,Carmonita,80591.7748521
36,Cristina,74192.5731262
36,Hinojosa del Valle,122124.9748604
36,Garbayuela,111108.6146999
36,Puebla del Prior,114698.7291015
36,Retamal de Llerena,103695.1545292
36,Mengabril,51216.5243678
36,Malcocinado,156521.0148509
36,Valle de Matamoros,180347.9638016
36,Zarza-Capilla,119837.0123894
36,Higuera de Llerena,131368.8737980
36,Baterno,125682.6612484
36,Atalaya,150323.3656629
36,Valverde de Burguillos,151600.0565664
36,Orellana de la Sierra,67704.0002027
36,"Lapa. La",146333.6229263
36,Tamurejo,123911.5364567
36,Aljucén,87481.0467701
36,Sancti-Spíritus,113700.7514126
36,Reina,159545.2647300
36,Casas de Reina,156712.7679132
36,Capilla,128383.8394854
36,Risco,116017.8132166
36,"Carrascalejo. El",92164.1079190
36,C ceres,86883.3068284
36,Plasencia,128375.0128550
36,Navalmoral de la Mata,109922.1576284
36,Coria,155509.5659049
36,Miajadas,35922.6585495
36,Trujillo,42631.0750181
36,Talayuela,133495.9197938
36,Moraleja,170686.3813450
36,Arroyo de la Luz,119154.6502404
36,Jara¡z de la Vera,124621.7123463
36,Valencia de Alc ntara,206161.9835152
36,Montehermoso,152019.7459514
36,Casar de Cáceres,96820.0694450
36,Malpartida de Plasencia,121743.1338690
36,Malpartida de Cáceres,111265.3473838
36,Hervás,192322.7535963
36,Torrejoncillo,148165.6372382
36,Jarandilla de la Vera,140012.4792897
36,Alcuéscar,68853.5938859
36,Losar de la Vera,141539.0285440
36,Madroñera,42904.3208547
36,Valverde del Fresno,214601.2377574
36,Garrovillas de Alconétar,125030.1241974
36,Aldeanueva de la Vera,134829.9904117
36,Cabezuela del Valle,157760.7865204
36,Brozas,147305.3278372
36,Villanueva de la Vera,152724.0975717
36,Guadalupe,72949.8861673
36,Logrosán,43438.3546538
36,Sierra de Fuentes,81465.2791853
36,Navaconcejo,154449.2611078
36,Ceclavín,162206.4057502
36,Montánchez,68048.0530331
36,Almoharín,50301.5505494
36,Aliseda,128758.7952501
36,Galisteo,134727.0976830
36,Madrigalejo,42707.9351198
36,Cilleros,203967.5713457
36,Zarza de Granadilla,158827.7148732
36,Madrigal de la Vera,162205.6263492
36,Cañamero,55570.7357793
36,Serradilla,107117.0813725
36,Torreorgaz,82761.4361236
36,Pinofranqueado,179695.2801661
36,Zorita,22687.2464095
36,Gata,185372.3236395
36,Alcántara,156570.1624722
36,Guijo de Galisteo,157943.3980761
36,Piornal,144237.2267366
36,Ahigal,154824.9393827
36,Peraleda de la Mata,122936.4263721
36,Navas del Madro¤o,138002.1999744
36,Nuñomoral,198768.7561085
36,Valdefuentes,65602.9954538
36,Zarza la Mayor,173676.3812886
36,Casatejada,103086.4981611
36,Casar de Palomero,176516.2755966
36,Jerte,163682.7560463
36,Almaraz,94344.2748824
36,Majadas,112045.8796185
36,Cañaveral,127486.8697462
36,Rosalejo,129983.2597658
36,Caminomorisco,177447.9295354
36,Riolobos,133015.2649422
36,Casta¤ar de Ibor,101390.8903069
36,Tornavacas,170763.6151787
36,Torrecillas de la Tiesa,63385.1967116
36,"Pesga. La",176249.8889620
36,Carcaboso,138212.1827271
36,Garganta la Olla,133235.8731889
36,Torremocha,74790.3012019
36,Eljas,215565.3432571
36,Campo Lugar,14286.9827621
36,Al¡a,83090.9565282
36,Arroyomolinos,61266.4520492
36,Monroy,93102.8632809
36,"Torno. El",147877.0831711
36,"Cumbre. La",52564.1834846
36,Hoyos,193008.5577130
36,Mohedas de Granadilla,164484.6447253
36,Perales del Puerto,192673.1581209
36,Talav n,105300.9437304
36,San Martín de Trevejo,213613.7210319
36,Cuacos de Yuste,131189.3705088
36,Tejeda de Tiétar,136904.5778126
36,Acehúche,148787.3540872
36,Escurial,1692.7146992
36,Garciaz,44504.2598620
36,Membrío,182631.7646369
36,Deleitosa,82271.7218088
36,Santibáñez el Bajo,158558.6976812
36,Saucedilla,98927.0171178
36,Aldeanueva del Camino,160302.1975653
36,Albalá,71503.8233998
36,Aldeacentenera,59539.7559311
36,Casas del Monte,155669.5940835
36,Valdeobispo,143026.4854858
36,Holguera,137581.5888229
36,Mirabel,117341.8568604
36,Aldea del Cano,91531.6129776
36,Baños de Montemayor,200462.3343955
36,Navezuelas,77033.2538376
36,Casas de Millán,131498.3623021
36,Salorino,189954.2022086
36,Torrecilla de los Ángeles,173206.3016060
36,Acebo,194906.7257439
36,Santiago de Alcántara,204117.1030574
36,Pasarón de la Vera,133045.2477506
36,Villamiel,205626.6224150
36,Villar del Pedroso,130183.5376927
36,Belvís de Monroy,113874.0622952
36,Casas del Castañar,146652.7872511
36,Torre de Santa María,64195.6979976
36,Guijo de Granadilla,155998.9239184
36,Torremenga,126938.4070522
36,Zarza de Montánchez,60924.7585071
36,Aceituna,160700.3157421
36,Torrejón el Rubio,85975.0904943
36,Torrequemada,79516.3451892
36,Jaraicejo,85228.5459805
36,Valverde de la Vera,149630.0665169
36,Torre de Don Miguel,181434.9963034
36,Pozuelo de Zarzón,161209.6562046
36,Villa del Campo,162337.2217730
36,Plasenzuela,63177.7200977
36,Bohonal de Ibor,122591.5887146
36,Berzocana,61095.5647466
36,Casares de las Hurdes,206509.8678243
36,Hernán-Pérez,173157.3200373
36,Villanueva de la Sierra,168109.1968185
36,Cadalso,177748.9151632
36,Navalvillar de Ibor,94394.0778716
36,Arroyomolinos de la Vera,137690.4552189
36,Cedillo,231097.9924674
36,"Garganta. La",206805.7057846
36,Ibahernando,47160.4178222
36,Calzadilla,166440.7099586
36,Barrado,143175.8615048
36,Casillas de Coria,165331.2424430
36,Villasbuenas de Gata,183757.0430027
36,Valdelacasa de Tajo,138122.4630461
36,Abertura,15500.3981773
36,Palomero,170810.6211479
36,Serrejón,101143.2251824
36,Hinojal,111031.9813750
36,Gargantilla,162472.2066838
36,Santibáñez el Alto,178874.7935068
36,Cabañas del Castillo,76051.1543606
36,Robledillo de Trujillo,55783.2585699
36,Cabezabellosa,151874.4256818
36,Morcillo,157478.8241712
36,Portaje,154099.7815890
36,Guijo de Santa Bárbara,144456.0503449
36,Robledollano,96018.8134550
36,Puerto de Santa Cruz,25605.5818158
36,Herreruela,187043.9606272
36,Valdastillas,149993.7774624
36,Cabrero,148202.9571795
36,Herguijuela,34649.9823741
36,Talaveruela de la Vera,148504.6035191
36,"Granja. La",156289.9463057
36,"Aldea del Obispo. La",61086.9333256
36,Casas de Don Gómez,163776.8376667
36,Aldehuela de Jerte,142400.4826852
36,"Gordo. El",128158.2873444
36,Carrascalejo,122931.9668373
36,Mata de Alcántara,150366.7148638
36,Fresnedoso de Ibor,109054.7982122
36,Abadía,162927.0860068
36,Santa Cruz de Paniagua,165232.5267400
36,Villamesías,24332.6919569
36,Santa Marta de Magasca,65804.6368088
36,Santiago del Campo,112874.9632468
36,Robledillo de la Vera,137357.2622204
36,Salvatierra de Santiago,65580.9380912
36,Santa Ana,60739.9302249
36,Peraleda de San Román,132587.7718882
36,Oliva de Plasencia,139502.8574420
36,Herrera de Alcántara,232800.1256972
36,Santa Cruz de la Sierra,28833.9599022
36,Portezuelo,134675.7449232
36,Alcollarín,16991.2738455
36,Viandar de la Vera,147622.3806164
36,Millanes,108553.7281066
36,Marchagaz,173636.6144347
36,Rebollar,152574.3859393
36,Guijo de Coria,163285.5292524
36,Valdemorales,54639.1264210
36,Villar de Plasencia,144440.0571583
36,Ladrillar,211470.9409123
36,Carbajo,198742.1960834
36,Romangordo,85328.0492841
36,Casas de Don Antonio,82070.0235692
36,Valdehúncar,112560.3489826
36,Conquista de la Sierra,31579.6326648
36,Piedras Albas,166589.4713979
36,Collado,127848.5842544
36,Botija,67556.3212557
36,Huélaga,167982.2601164
36,Cerezo,163922.3540517
36,Descargamaría,186989.2385668
36,Segura de Toro,159016.6662927
36,Toril,113485.6172326
36,Mesas de Ibor,130033.4293873
36,Pescueza,161798.3423793
36,Villa del Rey,154101.1345658
36,Jarilla,151067.6926447
36,Casas de Miravete,84357.1510662
36,Gargüera,136873.9364659
36,Robledillo de Gata,189948.5394451
36,Valdecañas de Tajo,138770.6047053
36,Pedroso de Acim,133756.5523699
36,Berrocalejo,135571.0194447
36,Garvín,136925.2881648
36,Higuera,88693.8262019
36,Benquerencia,75837.3766535
36,Cachorrilla,163661.8888198
36,Campillo de Deleitosa,143651.9286907
36,Ruanes,61827.3562585
37,Badajoz,196672.8507754
37,Mérida,138668.7001917
37,Don Benito,114974.1831613
37,Almendralejo,173648.2775638
37,Villanueva de la Serena,127525.6352771
37,Zafra,198565.7886914
37,Montijo,158300.9682238
37,Villafranca de los Barros,181798.5739153
37,Olivenza,223392.0504683
37,Jerez de los Caballeros,236629.8801894
37,Azuaga,211145.1778877
37,"Santos de Maimona. Los",195232.9110507
37,Guareña,147388.9594480
37,Fuente del Maestre,188477.3355802
37,Castuera,148812.5003194
37,Calamonte,144361.7925255
37,Llerena,218179.4028201
37,Puebla de la Calzada,160976.0731271
37,San Vicente de Alcántara,199393.7360861
37,Alburquerque,177401.3543976
37,Aceuchal,178900.4670795
37,Oliva de la Frontera,253746.9424564
37,Talavera la Real,177474.5911694
37,Cabeza del Buey,179130.9671217
37,Campanario,130827.5846929
37,Fregenal de la Sierra,237880.4098730
37,Quintana de la Serena,162663.7926448
37,Fuente de Cantos,224061.5422464
37,Navalvillar de Pela,112938.2368346
37,Monesterio,235767.7604571
37,Santa Amalia,113814.1216087
37,Santa Marta,182869.5808244
37,Arroyo de San Serván,150394.3441852
37,Valverde de Leganés,210874.9396635
37,Zalamea de la Serena,163902.2548329
37,Hornachos,177753.8999035
37,Barcarrota,214367.4189290
37,Herrera del Duque,173001.2429713
37,Villanueva del Fresno,250604.3039782
37,Talarrubias,141640.3154188
37,"Zarza. La",142427.1575730
37,Ribera del Fresno,181254.5245656
37,Burguillos del Cerro,217072.7948911
37,Orellana la Vieja,125516.6735623
37,Zah¡nos,249198.2010854
37,Puebla de Sancho P‚rez,202148.5933740
37,Solana de los Barros,167682.1742875
37,Valdelacalzada,168513.5186057
37,Lobón,162448.5616111
37,Monterrubio de la Serena,167888.3421509
37,Fuentes de León,247935.6811666
37,"Garrovilla. La",147918.6648709
37,Berlanga,219536.2529280
37,Higuera la Real,265324.9332266
37,Villar del Rey,170208.1146798
37,Granja de Torrehermosa,207180.6996743
37,Medell¡n,127137.6086578
37,Bienvenida,213233.3404235
37,"Codosera. La",198658.9422918
37,Valencia del Ventoso,219131.6356435
37,"Coronada. La",123075.0069633
37,Torremej¡a,153719.8258354
37,Siruela,159510.4529251
37,Higuera de Vargas,235872.8241858
37,Segura de León,241911.0667435
37,Salvaleón,213790.4757507
37,Pueblonuevo del Guadiana,172242.0171814
37,Alange,146885.1350761
37,Puebla de Obando,147836.8841661
37,"Albuera. La",194291.5575270
37,Usagre,205578.6416961
37,Fuenlabrada de los Montes,164752.0276240
37,Alconchel,234715.7674820
37,Oliva de Mérida,147319.4804676
37,Salvatierra de los Barros,206694.5661952
37,Villalba de los Barros,182969.9435274
37,Casas de Don Pedro,124915.4704721
37,Esparragalejo,143463.2423160
37,Montemolín,237012.1654092
37,"Roca de la Sierra. La",156195.5125190
37,Campillo de Llerena,223157.7992999
37,Cabeza la Vaca,253321.8611451
37,Villar de Rena,98434.6799856
37,Trujillanos,131797.0699137
37,Valle de la Serena,151936.4070970
37,"Parra. La",199381.1300084
37,Mirandilla,134860.1741136
37,"Haba. La",122040.8948615
37,Villagonzalo,136583.4753168
37,Feria,198706.5237689
37,Medina de las Torres,208710.1170616
37,Valdetorres,132591.3970619
37,Almendral,201094.1019685
37,Corte de Peleas,180063.7768781
37,Cheles,250876.4209333
37,Puebla de Alcocer,143696.8552476
37,Torre de Miguel Sesmero,198057.9149649
37,Valdecaballeros,198403.8338570
37,Peñalsordo,178117.9340963
37,Valle de Santa Ana,229361.2112045
37,Valverde de Mérida,128174.1418225
37,Castilblanco,188797.1489829
37,Bodonal de la Sierra,236811.3441849
37,"Nava de Santiago. La",137585.6089342
37,Esparragosa de la Serena,160064.2482310
37,Maguilla,217325.3727852
37,Calera de León,244746.4445863
37,Ahillones,226258.3661782
37,Higuera de la Serena,159453.3266664
37,Esparragosa de Lares,147945.2816055
37,Torremayor,153084.0188982
37,Villagarcía de la Torre,217322.6806886
37,Cordobilla de Lácara,125461.2351570
37,Benquerencia de la Serena,154087.3372930
37,Llera,190648.4169982
37,San Pedro de Mérida,123534.9659100
37,Calzadilla de los Barros,210838.7871448
37,Puebla de la Reina,163431.0809825
37,Acedera,118136.5617709
37,Táliga,228459.7428062
37,Valencia del Mombuey,273706.5249303
37,Puebla del Maestre,243913.4082116
37,Manchita,155918.8803548
37,"Morera. La",201608.9756887
37,Fuente del Arco,234125.2049042
37,Don Álvaro,137045.8370860
37,Alconera,208745.1195265
37,Nogales,204288.7421925
37,Helechosa de los Montes,217628.9055309
37,Valverde de Llerena,223767.2508434
37,Palomas,158973.7234521
37,Trasierra,226372.5032006
37,Valencia de las Torres,197190.6688681
37,Garlitos,172230.1229880
37,Rena,101216.3368258
37,Malpartida de la Serena,159309.4994520
37,Peraleda del Zaucejo,188764.1061454
37,Magacela,128625.3904404
37,Entrín Bajo,184292.1043604
37,Villarta de los Montes,248264.6984820
37,Carmonita,115471.5948553
37,Cristina,144699.0378705
37,Hinojosa del Valle,191017.6172830
37,Garbayuela,158385.1236785
37,Puebla del Prior,183591.3715241
37,Retamal de Llerena,174201.6192735
37,Mengabril,121722.9891121
37,Malcocinado,227027.4795952
37,Valle de Matamoros,231211.6414807
37,Zarza-Capilla,172924.5932623
37,Higuera de Llerena,200261.5162206
37,Baterno,172959.1702271
37,Atalaya,213477.0108416
37,Valverde de Burguillos,214753.7017451
37,Orellana de la Sierra,122026.8707289
37,"Lapa. La",209487.2681049
37,Tamurejo,171188.0454353
37,Aljucén,122360.8667732
37,Sancti-Spíritus,160977.2603912
37,Reina,228437.9071526
37,Casas de Reina,225605.4103358
37,Capilla,181471.4203583
37,Risco,163294.3221952
37,"Carrascalejo. El",127043.9279222
37,C ceres,96285.8290704
37,Plasencia,56016.2785626
37,Navalmoral de la Mata,16788.7967977
37,Coria,88497.7338248
37,Miajadas,88364.6077164
37,Trujillo,59452.4353430
37,Talayuela,40362.5589631
37,Moraleja,101038.6036902
37,Arroyo de la Luz,128557.1724824
37,Jara¡z de la Vera,31488.3515156
37,Valencia de Alc ntara,199446.6684895
37,Montehermoso,81180.8145810
37,Casar de Cáceres,105232.9714586
37,Malpartida de Plasencia,44970.6164235
37,Malpartida de Cáceres,120667.8696259
37,Hervás,110133.6203884
37,Torrejoncillo,84362.3534748
37,Jarandilla de la Vera,46879.1184590
37,Alcuéscar,103733.4138891
37,Losar de la Vera,48405.6677133
37,Madroñera,63358.1431245
37,Valverde del Fresno,143762.3063869
37,Garrovillas de Alconétar,112144.4569913
37,Aldeanueva de la Vera,41696.6295810
37,Cabezuela del Valle,75571.6533125
37,Brozas,136621.6783685
37,Villanueva de la Vera,59590.7367410
37,Guadalupe,78525.9924344
37,Logrosán,78967.7164513
37,Sierra de Fuentes,90867.8014273
37,Navaconcejo,72260.1279000
37,Ceclavín,122820.8866106
37,Montánchez,97053.3270035
37,Almoharín,92758.8198409
37,Aliseda,138161.3174922
37,Galisteo,63964.8867654
37,Madrigalejo,96695.0061837
37,Cilleros,133128.6399753
37,Zarza de Granadilla,87988.7835028
37,Madrigal de la Vera,69072.2655186
37,Cañamero,71730.7408111
37,Serradilla,73892.7952204
37,Torreorgaz,98506.1319885
37,Pinofranqueado,108856.3487957
37,Zorita,77098.0055937
37,Gata,114533.3922691
37,Alcántara,143684.4952660
37,Guijo de Galisteo,87104.4667057
37,Piornal,51103.8659059
37,Ahigal,83986.0080123
37,Peraleda de la Mata,29803.0655415
37,Navas del Madro¤o,125116.5327682
37,Nuñomoral,127929.8247380
37,Valdefuentes,90152.7363481
37,Zarza la Mayor,126707.1344831
37,Casatejada,9953.1373304
37,Casar de Palomero,105677.3442262
37,Jerte,81493.6228384
37,Almaraz,1210.9140517
37,Majadas,18912.5187878
37,Cañaveral,83531.8381430
37,Rosalejo,36849.8989351
37,Caminomorisco,106608.9981650
37,Riolobos,69211.9811787
37,Casta¤ar de Ibor,50694.3128401
37,Tornavacas,88574.4819708
37,Torrecillas de la Tiesa,46769.6013410
37,"Pesga. La",105410.9575916
37,Carcaboso,67373.2513567
37,Garganta la Olla,40102.5123583
37,Torremocha,90562.0931080
37,Eljas,144726.4118867
37,Campo Lugar,84793.4475064
37,Al¡a,92555.8470791
37,Arroyomolinos,102974.1152160
37,Monroy,79097.0380419
37,"Torno. El",71130.9933614
37,"Cumbre. La",66307.5540847
37,Hoyos,122169.6263426
37,Mohedas de Granadilla,93645.7133548
37,Perales del Puerto,121834.2267505
37,Talav n,84144.2386355
37,San Martín de Trevejo,142774.7896615
37,Cuacos de Yuste,38056.0096781
37,Tejeda de Tiétar,43771.2169820
37,Acehúche,112556.9585481
37,Escurial,91903.8982937
37,Garciaz,82144.7252103
37,Membrío,171948.1151681
37,Deleitosa,27350.1253373
37,Santibáñez el Bajo,87719.7663108
37,Saucedilla,5793.6562871
37,Aldeanueva del Camino,89463.2661949
37,Albalá,96109.6384278
37,Aldeacentenera,83189.5816092
37,Casas del Monte,84830.6627130
37,Valdeobispo,72187.5541154
37,Holguera,73778.3050594
37,Mirabel,69813.8598185
37,Aldea del Cano,107276.3088424
37,Baños de Montemayor,118273.2011877
37,Navezuelas,54067.7131770
37,Casas de Millán,84604.3914731
37,Salorino,179270.5527398
37,Torrecilla de los Ángeles,102367.3702356
37,Acebo,124067.7943735
37,Santiago de Alcántara,193433.4535886
37,Pasarón de la Vera,39911.8869199
37,Villamiel,134787.6910446
37,Villar del Pedroso,59153.5165124
37,Belvís de Monroy,20788.1760470
37,Casas del Castañar,58337.1475327
37,Torre de Santa María,88801.5130255
37,Guijo de Granadilla,85159.9925479
37,Torremenga,33805.0462215
37,Zarza de Montánchez,80953.5189835
37,Aceituna,89861.3843717
37,Torrejón el Rubio,52750.8043422
37,Torrequemada,95261.0410541
37,Jaraicejo,29056.1268469
37,Valverde de la Vera,56496.7056862
37,Torre de Don Miguel,110596.0649330
37,Pozuelo de Zarzón,90370.7248342
37,Villa del Campo,91498.2904025
37,Plasenzuela,75837.0358952
37,Bohonal de Ibor,29490.4116744
37,Berzocana,61884.6187390
37,Casares de las Hurdes,135670.9364539
37,Hernán-Pérez,102318.3886669
37,Villanueva de la Sierra,97270.2654481
37,Cadalso,106909.9837928
37,Navalvillar de Ibor,57226.0243309
37,Arroyomolinos de la Vera,45300.3831710
37,Cedillo,220414.3429987
37,"Garganta. La",124616.5725767
37,Ibahernando,67189.1782986
37,Calzadilla,97077.7218048
37,Barrado,52420.4536808
37,Casillas de Coria,99510.9084967
37,Villasbuenas de Gata,112918.1116323
37,Valdelacasa de Tajo,50619.3697951
37,Abertura,78007.3178586
37,Palomero,99971.6897775
37,Serrejón,13653.2214313
37,Hinojal,89875.2762801
37,Gargantilla,91633.2753134
37,Santibáñez el Alto,108035.8621364
37,Cabañas del Castillo,48198.2890116
37,Robledillo de Trujillo,75812.0190463
37,Cabezabellosa,81035.4943114
37,Morcillo,86694.8526986
37,Portaje,100525.3226754
37,Guijo de Santa Bárbara,51322.6895142
37,Robledollano,41097.2169835
37,Puerto de Santa Cruz,68025.4588420
37,Herreruela,176360.3111584
37,Valdastillas,61811.5856106
37,Cabrero,58067.2227630
37,Herguijuela,65505.3871742
37,Talaveruela de la Vera,55371.2426884
37,"Granja. La",85451.0149353
37,"Aldea del Obispo. La",60561.7895852
37,Casas de Don Gómez,94385.9658410
37,Aldehuela de Jerte,71561.5513148
37,"Gordo. El",35024.9265137
37,Carrascalejo,65243.3872675
37,Mata de Alcántara,137481.0476577
37,Fresnedoso de Ibor,42635.6757338
37,Abadía,92088.1546364
37,Santa Cruz de Paniagua,94393.5953696
37,Villamesías,76774.6411238
37,Santa Marta de Magasca,75145.5158452
37,Santiago del Campo,91718.2581519
37,Robledillo de la Vera,44223.9013897
37,Salvatierra de Santiago,79674.8621297
37,Santa Ana,79050.4983809
37,Peraleda de San Román,39486.5948479
37,Oliva de Plasencia,68663.9260716
37,Herrera de Alcántara,222116.4762285
37,Santa Cruz de la Sierra,66829.7756562
37,Portezuelo,98445.3493841
37,Alcollarín,82573.1694369
37,Viandar de la Vera,54489.0197857
37,Millanes,15467.8418584
37,Marchagaz,102797.6830643
37,Rebollar,70385.2527314
37,Guijo de Coria,92446.5978820
37,Valdemorales,87747.5692317
37,Villar de Plasencia,73601.1257879
37,Ladrillar,140632.0095419
37,Carbajo,188058.5466147
37,Romangordo,11164.4740278
37,Casas de Don Antonio,116949.8435723
37,Valdehúncar,19459.1719423
37,Conquista de la Sierra,69220.0980131
37,Piedras Albas,140524.7742467
37,Collado,34715.2234237
37,Botija,79668.5695207
37,Huélaga,98334.4824615
37,Cerezo,93083.4226813
37,Descargamaría,116150.3071964
37,Segura de Toro,88177.7349223
37,Toril,20352.2564020
37,Mesas de Ibor,36932.2523470
37,Pescueza,108223.8834656
37,Villa del Rey,141896.5105608
37,Jarilla,80228.7612743
37,Casas de Miravete,14210.7047209
37,Gargüera,55214.7539973
37,Robledillo de Gata,119109.6080747
37,Valdecañas de Tajo,45669.4276650
37,Pedroso de Acim,86224.9550746
37,Berrocalejo,42437.6586140
37,Garvín,43824.1111245
37,Higuera,13553.5167877
37,Benquerencia,99766.4971995
37,Cachorrilla,110087.4299062
37,Campillo de Deleitosa,50550.7516504
37,Ruanes,75921.2802970
38,Badajoz,110569.2276538
38,Mérida,50003.5460749
38,Don Benito,28284.3961983
38,Almendralejo,87544.6544422
38,Villanueva de la Serena,40835.8483141
38,Zafra,112279.7047117
38,Montijo,73782.4851672
38,Villafranca de los Barros,95512.4899356
38,Olivenza,137288.4273467
38,Jerez de los Caballeros,150343.7962097
38,Azuaga,130329.5873319
38,"Santos de Maimona. Los",108946.8270709
38,Guareña,59230.3344760
38,Fuente del Maestre,102191.2516005
38,Castuera,70128.1218887
38,Calamonte,58258.1694039
38,Llerena,129514.2487033
38,Puebla de la Calzada,76454.0599206
38,San Vicente de Alcántara,153192.7363258
38,Alburquerque,120303.4333041
38,Aceuchal,92796.8439579
38,Oliva de la Frontera,167460.8584767
38,Talavera la Real,91370.9680478
38,Cabeza del Buey,100779.5368337
38,Campanario,52143.2062622
38,Fregenal de la Sierra,151594.3258933
38,Quintana de la Serena,83979.4142141
38,Fuente de Cantos,135637.2838718
38,Navalvillar de Pela,57993.8327947
38,Monesterio,149481.6764773
38,Santa Amalia,25195.3947547
38,Santa Marta,96765.9577028
38,Arroyo de San Serván,64290.7210636
38,Valverde de Leganés,124771.3165419
38,Zalamea de la Serena,83086.6642771
38,Hornachos,89088.7457866
38,Barcarrota,128263.7958074
38,Herrera del Duque,118056.8389314
38,Villanueva del Fresno,164500.6808566
38,Talarrubias,86695.9113790
38,"Zarza. La",53762.0034562
38,Ribera del Fresno,92589.3704488
38,Burguillos del Cerro,130786.7109113
38,Orellana la Vieja,56492.6237405
38,Zah¡nos,163094.5779638
38,Puebla de Sancho P‚rez,115862.5093943
38,Solana de los Barros,81578.5511660
38,Valdelacalzada,83991.5053992
38,Lobón,76344.9384895
38,Monterrubio de la Serena,89203.9637202
38,Fuentes de León,161649.5971869
38,"Garrovilla. La",61815.0417493
38,Berlanga,130871.0988112
38,Higuera la Real,179038.8492469
38,Villar del Rey,99203.4978050
38,Granja de Torrehermosa,126365.1091184
38,Medell¡n,40164.7436222
38,Bienvenida,124568.1863067
38,"Codosera. La",133616.8676780
38,Valencia del Ventoso,132845.5516637
38,"Coronada. La",44390.6285327
38,Torremej¡a,67433.7418557
38,Siruela,104566.0488853
38,Higuera de Vargas,149769.2010642
38,Segura de León,155624.9827638
38,Salvaleón,127686.8526291
38,Pueblonuevo del Guadiana,87720.0039749
38,Alange,58219.9809593
38,Puebla de Obando,94103.9285866
38,"Albuera. La",108187.9344054
38,Usagre,116913.4875793
38,Fuenlabrada de los Montes,109807.6235841
38,Alconchel,148612.1443605
38,Oliva de Mérida,58654.3263508
38,Salvatierra de los Barros,120590.9430736
38,Villalba de los Barros,96866.3204058
38,Casas de Don Pedro,69971.0664322
38,Esparragalejo,57359.6191944
38,Montemolín,148347.0112923
38,"Roca de la Sierra. La",84761.0946328
38,Campillo de Llerena,142342.2087441
38,Cabeza la Vaca,167035.7771653
38,Villar de Rena,30558.7610634
38,Trujillanos,43131.9157968
38,Valle de la Serena,65246.6201340
38,"Parra. La",113277.5068868
38,Mirandilla,56554.1011497
38,"Haba. La",35351.1078986
38,Villagonzalo,47918.3212000
38,Feria,112602.9006474
38,Medina de las Torres,122424.0330819
38,Valdetorres,43972.6702079
38,Almendral,114990.4788469
38,Corte de Peleas,93960.1537565
38,Cheles,164772.7978117
38,Puebla de Alcocer,88752.4512078
38,Torre de Miguel Sesmero,111954.2918433
38,Valdecaballeros,143459.4298172
38,Peñalsordo,116852.4395370
38,Valle de Santa Ana,143257.5880829
38,Valverde de Mérida,39508.9877056
38,Castilblanco,133852.7449431
38,Bodonal de la Sierra,150525.2602051
38,"Nava de Santiago. La",66151.1910480
38,Esparragosa de la Serena,81379.8698004
38,Maguilla,128660.2186683
38,Calera de León,158460.3606066
38,Ahillones,145442.7756223
38,Higuera de la Serena,72763.5397034
38,Esparragosa de Lares,91608.7212356
38,Torremayor,66980.3957766
38,Villagarcía de la Torre,128657.5265718
38,Cordobilla de Lácara,54026.8172708
38,Benquerencia de la Serena,75402.9588623
38,Llera,101983.2628814
38,San Pedro de Mérida,34869.8117932
38,Calzadilla de los Barros,124552.7031651
38,Puebla de la Reina,74765.9268657
38,Acedera,45124.2782414
38,Táliga,142356.1196846
38,Valencia del Mombuey,187420.4409505
38,Puebla del Maestre,155248.2540948
38,Manchita,67760.2553827
38,"Morera. La",115505.3525671
38,Fuente del Arco,145460.0507874
38,Don Álvaro,48380.6829692
38,Alconera,122459.0355467
38,Nogales,118185.1190710
38,Helechosa de los Montes,162684.5014910
38,Valverde de Llerena,142951.6602875
38,Palomas,70308.5693352
38,Trasierra,137707.3490838
38,Valencia de las Torres,108525.5147513
38,Garlitos,117285.7189482
38,Rena,27741.9066008
38,Malpartida de la Serena,80625.1210213
38,Peraleda del Zaucejo,107948.5155896
38,Magacela,41935.6034774
38,Entrín Bajo,98188.4812388
38,Villarta de los Montes,193320.2944421
38,Carmonita,44037.1769690
38,Cristina,56540.4128985
38,Hinojosa del Valle,102352.4631662
38,Garbayuela,103440.7196387
38,Puebla del Prior,94926.2174073
38,Retamal de Llerena,87511.8323105
38,Mengabril,34750.1240765
38,Malcocinado,146211.8890394
38,Valle de Matamoros,145108.0183592
38,Zarza-Capilla,111659.0987030
38,Higuera de Llerena,111596.3621038
38,Baterno,118014.7661872
38,Atalaya,127190.9268618
38,Valverde de Burguillos,128467.6177654
38,Orellana de la Sierra,60036.1051415
38,"Lapa. La",123201.1841252
38,Tamurejo,116243.6413955
38,Aljucén,50926.4488870
38,Sancti-Spíritus,106032.8563514
38,Reina,139772.7530358
38,Casas de Reina,136940.2562190
38,Capilla,120205.9257990
38,Risco,108349.9181554
38,"Carrascalejo. El",55609.5100359
38,C ceres,65305.6262692
38,Plasencia,125570.3055637
38,Navalmoral de la Mata,107128.7861729
38,Coria,130778.0222215
38,Miajadas,2857.9567654
38,Trujillo,39826.3677268
38,Talayuela,130702.5483382
38,Moraleja,145954.8376616
38,Arroyo de la Luz,86405.9918014
38,Jara¡z de la Vera,121828.3408908
38,Valencia de Alc ntara,169607.3856322
38,Montehermoso,149215.0386600
38,Casar de Cáceres,75242.3888859
38,Malpartida de Plasencia,118938.4265777
38,Malpartida de Cáceres,78516.6889449
38,Hervás,189518.0463050
38,Torrejoncillo,143368.1583166
38,Jarandilla de la Vera,137219.1078341
38,Alcuéscar,32298.9960028
38,Losar de la Vera,138745.6570885
38,Madroñera,44197.9011832
38,Valverde del Fresno,208637.6372664
38,Garrovillas de Alconétar,98034.8524141
38,Aldeanueva de la Vera,132036.6189561
38,Cabezuela del Valle,154956.0792290
38,Brozas,114556.6693983
38,Villanueva de la Vera,149930.7261161
38,Guadalupe,88197.4534684
38,Logrosán,58685.9219550
38,Sierra de Fuentes,53849.6839580
38,Navaconcejo,151644.5538165
38,Ceclavín,137474.8620669
38,Montánchez,31493.4551500
38,Almoharín,13746.9526663
38,Aliseda,96010.1368112
38,Galisteo,131922.3903917
38,Madrigalejo,57955.5024210
38,Cilleros,198003.9708547
38,Zarza de Granadilla,156023.0075818
38,Madrigal de la Vera,159412.2548937
38,Cañamero,70818.3030805
38,Serradilla,104312.3740812
38,Torreorgaz,46206.8382406
38,Pinofranqueado,176890.5728748
38,Zorita,37934.8137107
38,Gata,179408.7231485
38,Alcántara,129574.8906888
38,Guijo de Galisteo,153802.4540214
38,Piornal,141443.8552811
38,Ahigal,152020.2320913
38,Peraleda de la Mata,120143.0549166
38,Navas del Madro¤o,105322.8290538
38,Nuñomoral,195964.0488171
38,Valdefuentes,29048.3975708
38,Zarza la Mayor,148944.8376053
38,Casatejada,100293.1267055
38,Casar de Palomero,173711.5683052
38,Jerte,160878.0487549
38,Almaraz,91550.9034269
38,Majadas,109252.5081629
38,Cañaveral,105909.1891871
38,Rosalejo,127189.8883102
38,Caminomorisco,174643.2222441
38,Riolobos,128217.7860205
38,Casta¤ar de Ibor,102850.0987940
38,Tornavacas,167958.9078873
38,Torrecillas de la Tiesa,60591.8252561
38,"Pesga. La",173445.1816707
38,Carcaboso,135407.4754358
38,Garganta la Olla,130442.5017334
38,Torremocha,38235.7033188
38,Eljas,209601.7427662
38,Campo Lugar,29558.1268840
38,Al¡a,98338.5238293
38,Arroyomolinos,24711.8541662
38,Monroy,90298.1559896
38,"Torno. El",145072.3758797
38,"Cumbre. La",45567.7137020
38,Hoyos,187044.9572221
38,Mohedas de Granadilla,161679.9374339
38,Perales del Puerto,186709.5576300
38,Talav n,102164.2395847
38,San Martín de Trevejo,207650.1205409
38,Cuacos de Yuste,128395.9990532
38,Tejeda de Tiétar,134111.2063571
38,Acehúche,124055.8104038
38,Escurial,36668.5776712
38,Garciaz,52183.6213853
38,Membrío,149883.1061980
38,Deleitosa,79478.3503533
38,Santibáñez el Bajo,155753.9903898
38,Saucedilla,96133.6456622
38,Aldeanueva del Camino,157497.4902739
38,Albalá,34949.2255168
38,Aldeacentenera,64029.3396679
38,Casas del Monte,152864.8867921
38,Valdeobispo,140221.7781945
38,Holguera,132784.1099012
38,Mirabel,114537.1495691
38,Aldea del Cano,54977.0150945
38,Baños de Montemayor,197657.6271042
38,Navezuelas,92280.8211388
38,Casas de Millán,109920.6817430
38,Salorino,157205.5437696
38,Torrecilla de los Ángeles,167242.7011150
38,Acebo,188943.1252530
38,Santiago de Alcántara,171368.4446184
38,Pasarón de la Vera,130251.8762950
38,Villamiel,199663.0219240
38,Villar del Pedroso,145431.1049939
38,Belvís de Monroy,111080.6908397
38,Casas del Castañar,143848.0799598
38,Torre de Santa María,27641.1001145
38,Guijo de Granadilla,153194.2166270
38,Torremenga,124145.0355966
38,Zarza de Montánchez,25022.5187374
38,Aceituna,157895.6084508
38,Torrejón el Rubio,83170.3832029
38,Torrequemada,42961.7473061
38,Jaraicejo,82435.1745250
38,Valverde de la Vera,146836.6950614
38,Torre de Don Miguel,175471.3958125
38,Pozuelo de Zarzón,155267.5611400
38,Villa del Campo,154259.3512694
38,Plasenzuela,44639.3395647
38,Bohonal de Ibor,119798.2172591
38,Berzocana,75527.9424278
38,Casares de las Hurdes,203705.1605330
38,Hernán-Pérez,167193.7195463
38,Villanueva de la Sierra,162145.5963275
38,Cadalso,171785.3146722
38,Navalvillar de Ibor,109354.2493468
38,Arroyomolinos de la Vera,134897.0837633
38,Cedillo,198349.3340285
38,"Garganta. La",204000.9984932
38,Ibahernando,38408.7201641
38,Calzadilla,141709.1662752
38,Barrado,140371.1542135
38,Casillas de Coria,140599.6987597
38,Villasbuenas de Gata,177793.4425117
38,Valdelacasa de Tajo,140927.1753798
38,Abertura,22771.9972362
38,Palomero,168005.9138565
38,Serrejón,98349.8537269
38,Hinojal,95482.7433170
38,Gargantilla,159667.4993925
38,Santibáñez el Alto,172911.1930158
38,Cabañas del Castillo,90483.5320418
38,Robledillo de Trujillo,29886.6691654
38,Cabezabellosa,149069.7183905
38,Morcillo,145950.0201306
38,Portaje,129368.2379057
38,Guijo de Santa Bárbara,141662.6788894
38,Robledollano,93225.4419995
38,Puerto de Santa Cruz,22769.2064257
38,Herreruela,151510.8048404
38,Valdastillas,147189.0701710
38,Cabrero,145398.2498882
38,Herguijuela,35943.5627026
38,Talaveruela de la Vera,145711.2320636
38,"Granja. La",153485.2390144
38,"Aldea del Obispo. La",58282.2260342
38,Casas de Don Gómez,139045.2939833
38,Aldehuela de Jerte,139595.7753939
38,"Gordo. El",125364.9158889
38,Carrascalejo,138179.5341384
38,Mata de Alcántara,123371.4430804
38,Fresnedoso de Ibor,106261.4267566
38,Abadía,160122.3787155
38,Santa Cruz de Paniagua,162427.8194486
38,Villamesías,14995.0576429
38,Santa Marta de Magasca,62999.9295174
38,Santiago del Campo,96543.8510793
38,Robledillo de la Vera,134563.8907648
38,Salvatierra de Santiago,32388.4989991
38,Santa Ana,34245.1416894
38,Peraleda de San Román,129794.4004327
38,Oliva de Plasencia,136698.1501507
38,Herrera de Alcántara,200051.4672583
38,Santa Cruz de la Sierra,26040.5884467
38,Portezuelo,109944.2012398
38,Alcollarín,32238.8411467
38,Viandar de la Vera,144829.0091608
38,Millanes,105760.3566510
38,Marchagaz,170831.9071434
38,Rebollar,149769.6786479
38,Guijo de Coria,148252.5358726
38,Valdemorales,18084.5285379
38,Villar de Plasencia,141635.3498670
38,Ladrillar,208666.2336210
38,Carbajo,165993.5376445
38,Romangordo,82534.6778286
38,Casas de Don Antonio,45515.4256861
38,Valdehúncar,109766.9775271
38,Conquista de la Sierra,39258.9941881
38,Piedras Albas,139594.1996145
38,Collado,125055.2127988
38,Botija,49016.2367697
38,Huélaga,143250.7164330
38,Cerezo,161117.6467603
38,Descargamaría,181025.6380758
38,Segura de Toro,156211.9590013
38,Toril,110692.2457771
38,Mesas de Ibor,127240.0579318
38,Pescueza,137066.7986959
38,Villa del Rey,121352.4761269
38,Jarilla,148262.9853533
38,Casas de Miravete,81563.7796106
38,Gargüera,134069.2291745
38,Robledillo de Gata,183984.9389542
38,Valdecañas de Tajo,135977.2332498
38,Pedroso de Acim,112178.8718108
38,Berrocalejo,132777.6479891
38,Garvín,134131.9167092
38,Higuera,85900.4547463
38,Benquerencia,39282.7787704
38,Cachorrilla,138930.3451365
38,Campillo de Deleitosa,140858.5572351
38,Ruanes,36187.1511612
39,Badajoz,95179.7695127
39,Mérida,157420.3619711
39,Don Benito,175708.4846532
39,Almendralejo,146267.7563474
39,Villanueva de la Serena,187288.8673162
39,Zafra,167721.8026640
39,Montijo,108672.7385556
39,Villafranca de los Barros,162918.7475420
39,Olivenza,130572.2985966
39,Jerez de los Caballeros,165840.0809924
39,Azuaga,238974.4902009
39,"Santos de Maimona. Los",167864.5729712
39,Guareña,166647.1503721
39,Fuente del Maestre,159246.0404917
39,Castuera,222242.2682347
39,Calamonte,136492.0177887
39,Llerena,220497.4117390
39,Puebla de la Calzada,111347.8434589
39,San Vicente de Alcántara,14848.4705568
39,Alburquerque,55985.6535320
39,Aceuchal,146645.0025326
39,Oliva de la Frontera,175622.4654891
39,Talavera la Real,106993.3348008
39,Cabeza del Buey,252893.6831798
39,Campanario,204257.3526082
39,Fregenal de la Sierra,205075.6787434
39,Quintana de la Serena,236093.5605601
39,Fuente de Cantos,193533.8702434
39,Navalvillar de Pela,210245.0801413
39,Monesterio,211285.5039886
39,Santa Amalia,160176.9152944
39,Santa Marta,143349.1538167
39,Arroyo de San Serván,130243.6408665
39,Valverde de Leganés,118055.1877918
39,Zalamea de la Serena,227164.7564328
39,Hornachos,188175.6064484
39,Barcarrota,140645.7134779
39,Herrera del Duque,270308.0862780
39,Villanueva del Fresno,159666.7627402
39,Talarrubias,238947.1587255
39,"Zarza. La",161085.9656598
39,Ribera del Fresno,171157.1103615
39,Burguillos del Cerro,174065.6107103
39,Orellana la Vieja,208743.8710870
39,Zah¡nos,164838.8791045
39,Puebla de Sancho P‚rez,171620.9213710
39,Solana de los Barros,134140.1908057
39,Valdelacalzada,112486.3283923
39,Lobón,115587.6905090
39,Monterrubio de la Serena,241318.1100662
39,Fuentes de León,217408.0091637
39,"Garrovilla. La",120241.8795795
39,Berlanga,221854.2618469
39,Higuera la Real,191938.0797951
39,Villar del Rey,68997.5716509
39,Granja de Torrehermosa,252455.5197713
39,Medell¡n,179737.8555596
39,Bienvenida,197117.2677639
39,"Codosera. La",35394.5134733
39,Valencia del Ventoso,188603.9636405
39,"Coronada. La",196504.7748787
39,Torremej¡a,146768.2013196
39,Siruela,256817.2962318
39,Higuera de Vargas,150619.0291609
39,Segura de León,211383.3947406
39,Salvaleón,146570.5007454
39,Pueblonuevo del Guadiana,104646.4094866
39,Alange,155666.7867316
39,Puebla de Obando,92016.5586565
39,"Albuera. La",117686.3796411
39,Usagre,192435.6874515
39,Fuenlabrada de los Montes,262058.8709306
39,Alconchel,143778.2262440
39,Oliva de Mérida,166071.1422469
39,Salvatierra de los Barros,157933.9697097
39,Villalba de los Barros,147137.6742618
39,Casas de Don Pedro,222222.3137788
39,Esparragalejo,125072.3860042
39,Montemolín,208424.6912862
39,"Roca de la Sierra. La",83736.0772152
39,Campillo de Llerena,236296.5417112
39,Cabeza la Vaca,223326.1032006
39,Villar de Rena,182810.0084099
39,Trujillanos,135051.7005819
39,Valle de la Serena,209324.7122897
39,"Parra. La",150482.8571178
39,Mirandilla,135979.0564033
39,"Haba. La",181804.1269007
39,Villagonzalo,155335.1370961
39,Feria,152616.5664965
39,Medina de las Torres,178182.4450587
39,Valdetorres,169852.6105914
39,Almendral,129547.0442200
39,Corte de Peleas,126756.6940896
39,Cheles,158056.6690616
39,Puebla de Alcocer,241003.6985543
39,Torre de Miguel Sesmero,132184.0858249
39,Valdecaballeros,295710.6771637
39,Peñalsordo,268966.5858830
39,Valle de Santa Ana,179169.7473287
39,Valverde de Mérida,146925.8036018
39,Castilblanco,286103.9922896
39,Bodonal de la Sierra,206283.6721819
39,"Nava de Santiago. La",101710.9415586
39,Esparragosa de la Serena,231989.9441002
39,Maguilla,219643.3817040
39,Calera de León,220264.1881178
39,Ahillones,222801.2247731
39,Higuera de la Serena,216841.6318591
39,Esparragosa de Lares,243722.8675816
39,Torremayor,114445.9674034
39,Villagarcía de la Torre,201279.2416786
39,Cordobilla de Lácara,114305.1715636
39,Benquerencia de la Serena,227517.1052083
39,Llera,192966.4259171
39,San Pedro de Mérida,142273.8389755
39,Calzadilla de los Barros,186356.5306763
39,Puebla de la Reina,179388.6710762
39,Acedera,197375.5255880
39,Táliga,135671.7688611
39,Valencia del Mombuey,195582.0479629
39,Puebla del Maestre,226439.9890931
39,Manchita,175177.0712789
39,"Morera. La",146424.8844920
39,Fuente del Arco,236443.2138231
39,Don Álvaro,155797.4988654
39,Alconera,177721.8595100
39,Nogales,137068.7671873
39,Helechosa de los Montes,314935.7488376
39,Valverde de Llerena,230659.7396397
39,Palomas,174931.3135458
39,Trasierra,226703.5604677
39,Valencia de las Torres,199508.6777870
39,Garlitos,269536.9662947
39,Rena,179993.1539474
39,Malpartida de la Serena,226601.3888204
39,Peraleda del Zaucejo,238533.4219420
39,Magacela,188388.6224795
39,Entrín Bajo,130359.2621058
39,Villarta de los Montes,345571.5417887
39,Carmonita,123938.1394696
39,Cristina,163957.2287946
39,Hinojosa del Valle,180186.9870787
39,Garbayuela,255691.9669852
39,Puebla del Prior,175525.5235497
39,Retamal de Llerena,209093.1704607
39,Mengabril,177581.6288851
39,Malcocinado,254856.7919084
39,Valle de Matamoros,157465.3469244
39,Zarza-Capilla,263773.2450490
39,Higuera de Llerena,202579.5251395
39,Baterno,270266.0135338
39,Atalaya,182453.7508251
39,Valverde de Burguillos,182054.5771798
39,Orellana de la Sierra,212287.3524880
39,"Lapa. La",170008.9285548
39,Tamurejo,268494.8887420
39,Aljucén,141449.5384214
39,Sancti-Spíritus,258284.1036979
39,Reina,230755.9160715
39,Casas de Reina,227923.4192547
39,Capilla,272320.0721450
39,Risco,260601.1655019
39,"Carrascalejo. El",137493.2243868
39,C ceres,122066.7978615
39,Plasencia,153890.0682610
39,Navalmoral de la Mata,201881.1231044
39,Coria,122710.5714053
39,Miajadas,169060.3478601
39,Trujillo,166236.0900001
39,Talayuela,213755.8372519
39,Moraleja,112830.6867710
39,Arroyo de la Luz,89238.5617643
39,Jara¡z de la Vera,189208.2910471
39,Valencia de Alc ntara,2594.4903617
39,Montehermoso,144550.5072655
39,Casar de Cáceres,116862.7080452
39,Malpartida de Plasencia,154973.6034344
39,Malpartida de Cáceres,97308.8266849
39,Hervás,220262.6894011
39,Torrejoncillo,155570.8097749
39,Jarandilla de la Vera,204867.6288557
39,Alcuéscar,136210.0181653
39,Losar de la Vera,210769.8018966
39,Madroñera,188214.4654447
39,Valverde del Fresno,193174.0604669
39,Garrovillas de Alconétar,86421.0630305
39,Aldeanueva de la Vera,199685.1399777
39,Cabezuela del Valle,185700.7223252
39,Brozas,61564.2395843
39,Villanueva de la Vera,226816.6485553
39,Guadalupe,241265.8779834
39,Logrosán,222281.7480380
39,Sierra de Fuentes,128548.4897600
39,Navaconcejo,182389.1969126
39,Ceclavín,90343.4184248
39,Montánchez,145785.0971127
39,Almoharín,155039.9405786
39,Aliseda,94757.5945332
39,Galisteo,146525.6117948
39,Madrigalejo,221551.3285040
39,Cilleros,182540.3940552
39,Zarza de Granadilla,181476.3566360
39,Madrigal de la Vera,236298.1773328
39,Cañamero,234414.1291635
39,Serradilla,151987.4765709
39,Torreorgaz,129381.1915984
39,Pinofranqueado,161514.8980219
39,Zorita,201954.3279140
39,Gata,163945.1463490
39,Alcántara,58082.2130442
39,Guijo de Galisteo,138338.8772219
39,Piornal,184960.2562064
39,Ahigal,169341.8682765
39,Peraleda de la Mata,214895.3918481
39,Navas del Madro¤o,72865.3252075
39,Nuñomoral,187346.9735927
39,Valdefuentes,147080.7509783
39,Zarza la Mayor,82157.7536214
39,Casatejada,189141.4219290
39,Casar de Palomero,169503.0670771
39,Jerte,191622.6918511
39,Almaraz,196276.8610980
39,Majadas,183291.6348548
39,Cañaveral,113889.3966992
39,Rosalejo,221942.2252417
39,Caminomorisco,166026.1470197
39,Riolobos,140420.4374788
39,Casta¤ar de Ibor,213461.7593270
39,Tornavacas,198703.5509835
39,Torrecillas de la Tiesa,187606.9242652
39,"Pesga. La",180429.6132649
39,Carcaboso,158148.9809802
39,Garganta la Olla,198091.0227550
39,Torremocha,137701.9193484
39,Eljas,194138.1659667
39,Campo Lugar,195707.2721499
39,Al¡a,255295.7326280
39,Arroyomolinos,143946.7498403
39,Monroy,128053.6775291
39,"Torno. El",175817.0189759
39,"Cumbre. La",160725.0510385
39,Hoyos,171581.3804226
39,Mohedas de Granadilla,168664.3690281
39,Perales del Puerto,171245.9808305
39,Talav n,117333.8837393
39,San Martín de Trevejo,192186.5437414
39,Cuacos de Yuste,196044.5200748
39,Tejeda de Tiétar,181840.7319997
39,Acehúche,103349.2631604
39,Escurial,202817.7229371
39,Garciaz,207001.0475306
39,Membrío,25659.3274465
39,Deleitosa,190090.0108863
39,Santibáñez el Bajo,173075.6265750
39,Saucedilla,192090.6076276
39,Aldeanueva del Camino,183888.5259577
39,Albalá,147833.2141378
39,Aldeacentenera,208045.9039294
39,Casas del Monte,179227.3275735
39,Valdeobispo,162380.6545766
39,Holguera,144986.7613595
39,Mirabel,143897.4527067
39,Aldea del Cano,128123.1320403
39,Baños de Montemayor,228402.2702003
39,Navezuelas,216807.5987259
39,Casas de Millán,122448.2403044
39,Salorino,30206.4094786
39,Torrecilla de los Ángeles,151779.1243155
39,Acebo,173479.5484535
39,Santiago de Alcántara,27010.5247826
39,Pasarón de la Vera,196119.8379151
39,Villamiel,184199.4451245
39,Villar del Pedroso,244236.5509110
39,Belvís de Monroy,205855.9196535
39,Casas del Castañar,174592.7230559
39,Torre de Santa María,150247.6287281
39,Guijo de Granadilla,170515.8528122
39,Torremenga,186750.0436719
39,Zarza de Montánchez,159028.4406486
39,Aceituna,150050.9006595
39,Torrejón el Rubio,147742.7263872
39,Torrequemada,132438.9149271
39,Jaraicejo,170936.5825303
39,Valverde de la Vera,223722.6175005
39,Torre de Don Miguel,160007.8190130
39,Pozuelo de Zarzón,139803.9843405
39,Villa del Campo,138795.7744699
39,Plasenzuela,153214.4660981
39,Bohonal de Ibor,214573.4460730
39,Berzocana,224624.5042879
39,Casares de las Hurdes,195088.0853086
39,Hernán-Pérez,151730.1427468
39,Villanueva de la Sierra,146682.0195280
39,Cadalso,156321.7378727
39,Navalvillar de Ibor,219965.9098798
39,Arroyomolinos de la Vera,176485.7942752
39,Cedillo,45472.1296677
39,"Garganta. La",234745.6415894
39,Ibahernando,172414.6420752
39,Calzadilla,125383.2101139
39,Barrado,176416.8512149
39,Casillas de Coria,133723.7460772
39,Villasbuenas de Gata,162329.8657122
39,Valdelacasa de Tajo,235702.4041937
39,Abertura,188921.1425020
39,Palomero,159948.9872599
39,Serrejón,184423.8010142
39,Hinojal,110652.3874716
39,Gargantilla,186058.5350762
39,Santibáñez el Alto,157447.6162163
39,Cabañas del Castillo,210938.1745605
39,Robledillo de Trujillo,163892.5910765
39,Cabezabellosa,175735.7805659
39,Morcillo,135563.7041595
39,Portaje,112374.6020492
39,Guijo de Santa Bárbara,209311.1999110
39,Robledollano,203837.1025325
39,Puerto de Santa Cruz,182658.1288205
39,Herreruela,41736.1411141
39,Valdastillas,177933.7132672
39,Cabrero,176142.8929843
39,Herguijuela,190361.7094944
39,Talaveruela de la Vera,222597.1545027
39,"Granja. La",179876.2746981
39,"Aldea del Obispo. La",174643.2594326
39,Casas de Don Gómez,118543.8435476
39,Aldehuela de Jerte,162611.1166889
39,"Gordo. El",220117.2528204
39,Carrascalejo,250326.4216661
39,Mata de Alcántara,63589.4142636
39,Fresnedoso de Ibor,216873.0872896
39,Abadía,186513.4143993
39,Santa Cruz de Paniagua,150410.3727700
39,Villamesías,181144.2029087
39,Santa Marta de Magasca,151384.2511978
39,Santiago del Campo,117439.2716756
39,Robledillo de la Vera,213976.0025847
39,Salvatierra de Santiago,157393.1708895
39,Santa Ana,164321.0411355
39,Peraleda de San Román,224569.6292465
39,Oliva de Plasencia,163005.4665295
39,Herrera de Alcántara,47174.2628975
39,Santa Cruz de la Sierra,181656.7012059
39,Portezuelo,117608.5797501
39,Alcollarín,198387.9864125
39,Viandar de la Vera,221714.9316000
39,Millanes,200535.5854649
39,Marchagaz,163199.3618986
39,Rebollar,180514.3217440
39,Guijo de Coria,132788.9590732
39,Valdemorales,157740.0100816
39,Villar de Plasencia,168301.4120424
39,Ladrillar,200049.1583966
39,Carbajo,32502.4576613
39,Romangordo,193114.1705729
39,Casas de Don Antonio,141405.4717918
39,Valdehúncar,204542.2063409
39,Conquista de la Sierra,194076.4203334
39,Piedras Albas,68101.5219699
39,Collado,192703.7338204
39,Botija,148455.3567581
39,Huélaga,117417.1861241
39,Cerezo,162673.9741360
39,Descargamaría,165562.0612763
39,Segura de Toro,182574.3997827
39,Toril,182543.8515447
39,Mesas de Ibor,222015.2867456
39,Pescueza,107326.7671699
39,Villa del Rey,56960.7259262
39,Jarilla,174625.4261348
39,Casas de Miravete,187940.2450338
39,Gargüera,170114.9261759
39,Robledillo de Gata,168521.3621547
39,Valdecañas de Tajo,230752.4620636
39,Pedroso de Acim,124352.8965682
39,Berrocalejo,227529.9849206
39,Garvín,228907.1455231
39,Higuera,196479.9474906
39,Benquerencia,146906.3234399
39,Cachorrilla,105059.8004087
39,Campillo de Deleitosa,235633.7860490
39,Ruanes,161191.8230516
40,Badajoz,151956.1557043
40,Mérida,91506.1991465
40,Don Benito,67818.8847695
40,Almendralejo,128931.5824927
40,Villanueva de la Serena,80370.3368853
40,Zafra,153782.3577833
40,Montijo,113607.1460560
40,Villafranca de los Barros,137015.1430072
40,Olivenza,178675.3553972
40,Jerez de los Caballeros,191846.4492813
40,Azuaga,163989.8794959
40,"Santos de Maimona. Los",150449.4801426
40,Guareña,100233.6610562
40,Fuente del Maestre,143693.9046721
40,Castuera,101657.2019276
40,Calamonte,99645.0974544
40,Llerena,171016.9017749
40,Puebla de la Calzada,116282.2509593
40,San Vicente de Alcántara,173540.9887718
40,Alburquerque,132707.5322298
40,Aceuchal,134183.7720085
40,Oliva de la Frontera,208963.5115483
40,Talavera la Real,132757.8960984
40,Cabeza del Buey,132308.6168726
40,Campanario,83672.2863011
40,Fregenal de la Sierra,193096.9789649
40,Quintana de la Serena,115508.4942530
40,Fuente de Cantos,177139.9369434
40,Navalvillar de Pela,85003.1638964
40,Monesterio,190984.3295489
40,Santa Amalia,66482.8384488
40,Santa Marta,138152.8857533
40,Arroyo de San Serván,105677.6491141
40,Valverde de Leganés,166158.2445924
40,Zalamea de la Serena,116746.9564411
40,Hornachos,130591.3988583
40,Barcarrota,169650.7238580
40,Herrera del Duque,145066.1700331
40,Villanueva del Fresno,205887.6089071
40,Talarrubias,113705.2424807
40,"Zarza. La",95264.6565278
40,Ribera del Fresno,134092.0235204
40,Burguillos del Cerro,172289.3639829
40,Orellana la Vieja,87511.6851542
40,Zah¡nos,204481.5060143
40,Puebla de Sancho P‚rez,157365.1624659
40,Solana de los Barros,122965.4792165
40,Valdelacalzada,123819.6964379
40,Lobón,117731.8665401
40,Monterrubio de la Serena,120733.0437591
40,Fuentes de León,203152.2502585
40,"Garrovilla. La",103201.9697999
40,Berlanga,172373.7518828
40,Higuera la Real,220541.5023185
40,Villar del Rey,125514.2925119
40,Granja de Torrehermosa,160025.4012825
40,Medell¡n,79982.3102660
40,Bienvenida,166070.8393783
40,"Codosera. La",153965.1201240
40,Valencia del Ventoso,174348.2047354
40,"Coronada. La",75919.7085715
40,Torremej¡a,108936.3949273
40,Siruela,131575.3799869
40,Higuera de Vargas,191156.1291148
40,Segura de León,197127.6358354
40,Salvaleón,169073.7806796
40,Pueblonuevo del Guadiana,127548.1950136
40,Alange,99722.6340309
40,Puebla de Obando,103143.0619982
40,"Albuera. La",149574.8624560
40,Usagre,158416.1406509
40,Fuenlabrada de los Montes,136816.9546858
40,Alconchel,189999.0724110
40,Oliva de Mérida,100156.9794224
40,Salvatierra de los Barros,161977.8711241
40,Villalba de los Barros,138253.2484564
40,Casas de Don Pedro,96980.3975339
40,Esparragalejo,98746.5472449
40,Montemolín,189849.6643640
40,"Roca de la Sierra. La",111501.6903512
40,Campillo de Llerena,176002.5009081
40,Cabeza la Vaca,208538.4302370
40,Villar de Rena,51279.3815938
40,Trujillanos,84634.5688685
40,Valle de la Serena,104781.1087052
40,"Parra. La",154664.4349374
40,Mirandilla,90166.3519458
40,"Haba. La",74885.5964697
40,Villagonzalo,89420.9742716
40,Feria,153989.8286979
40,Medina de las Torres,163926.6861535
40,Valdetorres,85260.1139020
40,Almendral,156377.4068974
40,Corte de Peleas,135347.0818070
40,Cheles,206159.7258622
40,Puebla de Alcocer,115761.7823094
40,Torre de Miguel Sesmero,153341.2198938
40,Valdecaballeros,170468.7609188
40,Peñalsordo,148381.5195759
40,Valle de Santa Ana,184644.5161334
40,Valverde de Mérida,81011.6407773
40,Castilblanco,160862.0760447
40,Bodonal de la Sierra,192027.9132767
40,"Nava de Santiago. La",92891.7867664
40,Esparragosa de la Serena,112908.9498392
40,Maguilla,170162.8717400
40,Calera de León,199963.0136782
40,Ahillones,179103.0677864
40,Higuera de la Serena,112298.0282746
40,Esparragosa de Lares,120010.2086673
40,Torremayor,108367.3238271
40,Villagarcía de la Torre,170160.1796434
40,Cordobilla de Lácara,80767.4129892
40,Benquerencia de la Serena,106932.0389012
40,Llera,143485.9159530
40,San Pedro de Mérida,76372.4648648
40,Calzadilla de los Barros,166055.3562367
40,Puebla de la Reina,116268.5799373
40,Acedera,76143.3396551
40,Táliga,183743.0477351
40,Valencia del Mombuey,228923.0940221
40,Puebla del Maestre,196750.9071664
40,Manchita,108763.5819630
40,"Morera. La",156892.2806176
40,Fuente del Arco,186962.7038590
40,Don Álvaro,89883.3360408
40,Alconera,163961.6886184
40,Nogales,159572.0471215
40,Helechosa de los Montes,189693.8325927
40,Valverde de Llerena,176611.9524515
40,Palomas,111811.2224069
40,Trasierra,179210.0021554
40,Valencia de las Torres,150028.1678229
40,Garlitos,144295.0500498
40,Rena,54061.0384340
40,Malpartida de la Serena,112154.2010602
40,Peraleda del Zaucejo,141608.8077536
40,Magacela,81470.0920486
40,Entrín Bajo,139575.4092893
40,Villarta de los Montes,220329.6255438
40,Carmonita,70777.7726874
40,Cristina,97543.7394787
40,Hinojosa del Valle,143855.1162378
40,Garbayuela,130450.0507403
40,Puebla del Prior,136428.8704789
40,Retamal de Llerena,127046.3208817
40,Mengabril,74567.6907203
40,Malcocinado,179872.1812034
40,Valle de Matamoros,186494.9464097
40,Zarza-Capilla,143188.1787419
40,Higuera de Llerena,153099.0151754
40,Baterno,145024.0972889
40,Atalaya,168693.5799335
40,Valverde de Burguillos,169970.2708370
40,Orellana de la Sierra,91055.1665552
40,"Lapa. La",164703.8371968
40,Tamurejo,143252.9724971
40,Aljucén,77667.0446054
40,Sancti-Spíritus,133042.1874530
40,Reina,181275.4061074
40,Casas de Reina,178442.9092906
40,Capilla,151735.0058378
40,Risco,135359.2492570
40,"Carrascalejo. El",82350.1057543
40,C ceres,51592.0069025
40,Plasencia,83158.8248819
40,Navalmoral de la Mata,65258.0695025
40,Coria,112618.0936610
40,Miajadas,41208.5240538
40,Trujillo,14758.6131752
40,Talayuela,88831.8316679
40,Moraleja,126606.3871896
40,Arroyo de la Luz,83863.3503145
40,Jara¡z de la Vera,79957.6242204
40,Valencia de Alc ntara,174839.0180325
40,Montehermoso,106803.5579783
40,Casar de Cáceres,61528.7695192
40,Malpartida de Plasencia,76526.9458959
40,Malpartida de Cáceres,75974.0474580
40,Hervás,147106.5656232
40,Torrejoncillo,102949.4492652
40,Jarandilla de la Vera,95348.3911638
40,Alcuéscar,59039.5917212
40,Losar de la Vera,96874.9404181
40,Madroñera,16202.8447327
40,Valverde del Fresno,169385.0497843
40,Garrovillas de Alconétar,89738.8242716
40,Aldeanueva de la Vera,90165.9022858
40,Cabezuela del Valle,112544.5985473
40,Brozas,112014.0279114
40,Villanueva de la Vera,108060.0094458
40,Guadalupe,79781.6588394
40,Logrosán,50270.1273259
40,Sierra de Fuentes,46173.9792594
40,Navaconcejo,109233.0731348
40,Ceclavín,119314.9335064
40,Montánchez,52359.5048356
40,Almoharín,45427.5366810
40,Aliseda,93467.4953243
40,Galisteo,89510.9097100
40,Madrigalejo,49539.7077919
40,Cilleros,158751.3833726
40,Zarza de Granadilla,113611.5269001
40,Madrigal de la Vera,117541.5382233
40,Cañamero,62402.5084514
40,Serradilla,61900.8933995
40,Torreorgaz,53812.3098207
40,Pinofranqueado,134479.0921931
40,Zorita,29942.7072019
40,Gata,140156.1356664
40,Alcántara,121278.8625464
40,Guijo de Galisteo,112727.2101030
40,Piornal,99573.1386107
40,Ahigal,109608.7514096
40,Peraleda de la Mata,78272.3382463
40,Navas del Madro¤o,102710.9000486
40,Nuñomoral,153552.5681354
40,Valdefuentes,45458.9141802
40,Zarza la Mayor,130784.9090448
40,Casatejada,58422.4100352
40,Casar de Palomero,131300.0876235
40,Jerte,118466.5680732
40,Almaraz,49680.1867565
40,Majadas,67381.7914926
40,Cañaveral,84567.2932374
40,Rosalejo,85319.1716399
40,Caminomorisco,132231.7415624
40,Riolobos,87799.0769691
40,Casta¤ar de Ibor,60979.3821236
40,Tornavacas,125547.4272056
40,Torrecillas de la Tiesa,18486.3117966
40,"Pesga. La",131033.7009890
40,Carcaboso,92995.9947540
40,Garganta la Olla,88571.7850630
40,Torremocha,45868.2709402
40,Eljas,170349.1552841
40,Campo Lugar,37638.1491146
40,Al¡a,89922.7292003
40,Arroyomolinos,56011.9410615
40,Monroy,47886.6753078
40,"Torno. El",102660.8951980
40,"Cumbre. La",21613.7319169
40,Hoyos,147792.3697400
40,Mohedas de Granadilla,119268.4567522
40,Perales del Puerto,147456.9701478
40,Talav n,60084.7557573
40,San Martín de Trevejo,168397.5330588
40,Cuacos de Yuste,86525.2823829
40,Tejeda de Tiétar,92240.4896868
40,Acehúche,105895.8818433
40,Escurial,44748.5999019
40,Garciaz,34989.4268185
40,Membrío,147340.4647111
40,Deleitosa,37607.6336829
40,Santibáñez el Bajo,113342.5097081
40,Saucedilla,54262.9289919
40,Aldeanueva del Camino,115086.0095922
40,Albalá,51415.8162599
40,Aldeacentenera,36034.2832173
40,Casas del Monte,110453.4061104
40,Valdeobispo,97810.2975127
40,Holguera,92365.4008498
40,Mirabel,72125.6688873
40,Aldea del Cano,62582.4866746
40,Baños de Montemayor,155246.1464224
40,Navezuelas,64325.2215226
40,Casas de Millán,88534.3326523
40,Salorino,154662.9022828
40,Torrecilla de los Ángeles,127990.1136329
40,Acebo,149690.5377708
40,Santiago de Alcántara,168825.8031316
40,Pasarón de la Vera,88381.1596247
40,Villamiel,160410.4344419
40,Villar del Pedroso,107590.6054269
40,Belvís de Monroy,69209.9741693
40,Casas del Castañar,101436.5992780
40,Torre de Santa María,44107.6908577
40,Guijo de Granadilla,110782.7359453
40,Torremenga,82274.3189263
40,Zarza de Montánchez,33622.2358236
40,Aceituna,115484.1277690
40,Torrejón el Rubio,40758.9025212
40,Torrequemada,50567.2188862
40,Jaraicejo,40564.4578546
40,Valverde de la Vera,104965.9783910
40,Torre de Don Miguel,136218.8083303
40,Pozuelo de Zarzón,115993.4682315
40,Villa del Campo,117121.0337999
40,Plasenzuela,31143.2137274
40,Bohonal de Ibor,77927.5005888
40,Berzocana,56032.9663981
40,Casares de las Hurdes,161293.6798512
40,Hernán-Pérez,127941.1320642
40,Villanueva de la Sierra,122893.0088454
40,Cadalso,132532.7271901
40,Navalvillar de Ibor,67483.5326765
40,Arroyomolinos de la Vera,93026.3670930
40,Cedillo,195806.6925416
40,"Garganta. La",161589.5178115
40,Ibahernando,19857.8951387
40,Calzadilla,122645.5053043
40,Barrado,97959.6735318
40,Casillas de Coria,122439.7701992
40,Villasbuenas de Gata,138540.8550296
40,Valdelacasa de Tajo,99056.4587095
40,Abertura,30852.0194668
40,Palomero,125594.4331748
40,Serrejón,56479.1370566
40,Hinojal,65815.7934019
40,Gargantilla,117256.0187107
40,Santibáñez el Alto,133658.6055337
40,Cabañas del Castillo,58455.7973571
40,Robledillo de Trujillo,28480.7358864
40,Cabezabellosa,106658.2377088
40,Morcillo,112262.6361981
40,Portaje,111208.3093452
40,Guijo de Santa Bárbara,99791.9622190
40,Robledollano,51354.7253291
40,Puerto de Santa Cruz,20694.1756821
40,Herreruela,151752.6607014
40,Valdastillas,104777.5894893
40,Cabrero,102986.7692064
40,Herguijuela,18350.0887823
40,Talaveruela de la Vera,103840.5153932
40,"Granja. La",111073.7583327
40,"Aldea del Obispo. La",15870.7453525
40,Casas de Don Gómez,119953.7493404
40,Aldehuela de Jerte,97184.2947122
40,"Gordo. El",83494.1992185
40,Carrascalejo,113191.4771625
40,Mata de Alcántara,115075.4149380
40,Fresnedoso de Ibor,64390.7100863
40,Abadía,117710.8980338
40,Santa Cruz de Paniagua,120016.3387669
40,Villamesías,29619.3427320
40,Santa Marta de Magasca,30451.6936773
40,Santiago del Campo,67658.7752737
40,Robledillo de la Vera,92693.1740945
40,Salvatierra de Santiago,34981.0399618
40,Santa Ana,33437.4075415
40,Peraleda de San Román,87923.6837623
40,Oliva de Plasencia,94286.6694690
40,Herrera de Alcántara,197508.8257714
40,Santa Cruz de la Sierra,19674.4772644
40,Portezuelo,91784.2726794
40,Alcollarín,35417.8710451
40,Viandar de la Vera,102958.2924905
40,Millanes,63889.6399807
40,Marchagaz,128420.4264617
40,Rebollar,107358.1979662
40,Guijo de Coria,118069.3412793
40,Valdemorales,40416.2860718
40,Villar de Plasencia,99223.8691853
40,Ladrillar,166254.7529392
40,Carbajo,163450.8961576
40,Romangordo,40663.9611583
40,Casas de Don Antonio,72256.0214045
40,Valdehúncar,67896.2608567
40,Conquista de la Sierra,22064.7996213
40,Piedras Albas,131298.1714721
40,Collado,83184.4961285
40,Botija,34974.7473528
40,Huélaga,123902.2659610
40,Cerezo,118706.1660786
40,Descargamaría,141773.0505937
40,Segura de Toro,113800.4783196
40,Toril,68821.5291068
40,Mesas de Ibor,85369.3412614
40,Pescueza,118906.8701354
40,Villa del Rey,118809.8346400
40,Jarilla,105851.5046716
40,Casas de Miravete,39693.0629403
40,Gargüera,91657.7484928
40,Robledillo de Gata,144732.3514720
40,Valdecañas de Tajo,94106.5165794
40,Pedroso de Acim,90792.5227201
40,Berrocalejo,90906.9313188
40,Garvín,92261.2000389
40,Higuera,44029.7380760
40,Benquerencia,55072.6750317
40,Cachorrilla,120770.4165760
40,Campillo de Deleitosa,98987.8405648
40,Ruanes,31227.4581292
41,Badajoz,102166.7984757
41,Mérida,69591.9362697
41,Don Benito,54455.6102201
41,Almendralejo,79142.2252641
41,Villanueva de la Serena,67007.0623359
41,Zafra,104059.7363917
41,Montijo,63794.9159241
41,Villafranca de los Barros,87292.5216156
41,Olivenza,128885.9981686
41,Jerez de los Caballeros,142123.8278897
41,Azuaga,156500.8013537
41,"Santos de Maimona. Los",100726.8587510
41,Guareña,78818.7246707
41,Fuente del Maestre,93971.2832805
41,Castuera,96319.1221601
41,Calamonte,49855.7402258
41,Llerena,144871.1858126
41,Puebla de la Calzada,66470.0208274
41,San Vicente de Alcántara,130121.1019124
41,Alburquerque,97231.7988907
41,Aceuchal,84394.4147798
41,Oliva de la Frontera,159240.8901567
41,Talavera la Real,82968.5388697
41,Cabeza del Buey,126970.5371051
41,Campanario,78334.2065336
41,Fregenal de la Sierra,143374.3575733
41,Quintana de la Serena,110170.4144855
41,Fuente de Cantos,129555.4899467
41,Navalvillar de Pela,84165.0468165
41,Monesterio,141261.7081574
41,Santa Amalia,51055.4710802
41,Santa Marta,88363.5285247
41,Arroyo de San Serván,55888.2918855
41,Valverde de Leganés,116368.8873638
41,Zalamea de la Serena,109257.8782989
41,Hornachos,106157.0622133
41,Barcarrota,119861.3666293
41,Herrera del Duque,144228.0529533
41,Villanueva del Fresno,156098.2516785
41,Talarrubias,112867.1254008
41,"Zarza. La",73350.3936510
41,Ribera del Fresno,95530.8844351
41,Burguillos del Cerro,122566.7425914
41,Orellana la Vieja,82663.8377623
41,Zah¡nos,154692.1487857
41,Puebla de Sancho P‚rez,107642.5410743
41,Solana de los Barros,73176.1219879
41,Valdelacalzada,74007.4663061
41,Lobón,67942.5093114
41,Monterrubio de la Serena,115394.9639916
41,Fuentes de León,153429.6288669
41,"Garrovilla. La",53412.6125712
41,Berlanga,146228.0359205
41,Higuera la Real,170818.8809269
41,Villar del Rey,76131.8633916
41,Granja de Torrehermosa,152536.3231402
41,Medell¡n,66335.9576440
41,Bienvenida,126830.1437254
41,"Codosera. La",110545.2332646
41,Valencia del Ventoso,124625.5833438
41,"Coronada. La",70581.6288041
41,Torremej¡a,59213.7735358
41,Siruela,130737.2629071
41,Higuera de Vargas,141366.7718861
41,Segura de León,147405.0144439
41,Salvaleón,119284.4234510
41,Pueblonuevo del Guadiana,77735.9648818
41,Alange,68112.3589478
41,Puebla de Obando,71032.2941732
41,"Albuera. La",99785.5052274
41,Usagre,119121.7855655
41,Fuenlabrada de los Montes,135978.8376059
41,Alconchel,140209.7151824
41,Oliva de Mérida,78242.7165455
41,Salvatierra de los Barros,112188.5138955
41,Villalba de los Barros,88463.8912278
41,Casas de Don Pedro,96142.2804541
41,Esparragalejo,48957.1900163
41,Montemolín,144446.3109894
41,"Roca de la Sierra. La",61689.4602193
41,Campillo de Llerena,160670.3157848
41,Cabeza la Vaca,158815.8088454
41,Villar de Rena,56729.9750852
41,Trujillanos,47223.2748805
41,Valle de la Serena,91417.8341558
41,"Parra. La",104875.0777087
41,Mirandilla,40354.1218140
41,"Haba. La",61522.3219204
41,Villagonzalo,67506.7113947
41,Feria,104200.4714693
41,Medina de las Torres,114204.0647620
41,Valdetorres,69832.7465334
41,Almendral,106588.0496688
41,Corte de Peleas,85557.7245784
41,Cheles,156370.3686336
41,Puebla de Alcocer,114923.6652296
41,Torre de Miguel Sesmero,103551.8626652
41,Valdecaballeros,169630.6438390
41,Peñalsordo,143043.4398084
41,Valle de Santa Ana,134855.1589048
41,Valverde de Mérida,59097.3779004
41,Castilblanco,160023.9589649
41,Bodonal de la Sierra,142305.2918852
41,"Nava de Santiago. La",43079.5566346
41,Esparragosa de la Serena,107570.8700718
41,Maguilla,144017.1557777
41,Calera de León,150240.3922867
41,Ahillones,152514.1007346
41,Higuera de la Serena,98934.7537252
41,Esparragosa de Lares,117799.7215070
41,Torremayor,58577.9665985
41,Villagarcía de la Torre,130992.1176402
41,Cordobilla de Lácara,30955.1828573
41,Benquerencia de la Serena,101593.9591337
41,Llera,117340.1999907
41,San Pedro de Mérida,54445.4132741
41,Calzadilla de los Barros,116332.7348451
41,Puebla de la Reina,91834.2432924
41,Acedera,71295.4922632
41,Táliga,133953.6905065
41,Valencia del Mombuey,179200.4726306
41,Puebla del Maestre,162461.6087964
41,Manchita,87348.6455775
41,"Morera. La",107102.9233890
41,Fuente del Arco,160816.9878968
41,Don Álvaro,67969.0731640
41,Alconera,114239.0672268
41,Nogales,109782.6898929
41,Helechosa de los Montes,188855.7155128
41,Valverde de Llerena,160372.6156012
41,Palomas,87376.8857619
41,Trasierra,153064.2861931
41,Valencia de las Torres,123882.4518606
41,Garlitos,143456.9329700
41,Rena,53913.1206227
41,Malpartida de la Serena,106816.1212927
41,Peraleda del Zaucejo,134119.7296114
41,Magacela,68106.8174992
41,Entrín Bajo,89786.0520607
41,Villarta de los Montes,219491.5084639
41,Carmonita,20965.5425556
41,Cristina,76128.8030932
41,Hinojosa del Valle,104560.7611523
41,Garbayuela,129611.9336605
41,Puebla del Prior,99899.2976233
41,Retamal de Llerena,113683.0463323
41,Mengabril,60921.3380983
41,Malcocinado,172383.1030612
41,Valle de Matamoros,136705.5891811
41,Zarza-Capilla,137850.0989744
41,Higuera de Llerena,126953.2992132
41,Baterno,144185.9802090
41,Atalaya,118970.9585419
41,Valverde de Burguillos,120247.6494454
41,Orellana de la Sierra,86207.3191633
41,"Lapa. La",114981.2158053
41,Tamurejo,142414.8554173
41,Aljucén,27854.8144736
41,Sancti-Spíritus,132204.0703732
41,Reina,155129.6901451
41,Casas de Reina,152297.1933284
41,Capilla,146396.9260704
41,Risco,134521.1321772
41,"Carrascalejo. El",32537.8756225
41,C ceres,47386.1365926
41,Plasencia,123375.1298837
41,Navalmoral de la Mata,112627.0991218
41,Coria,112858.5325448
41,Miajadas,33581.6609361
41,Trujillo,40027.9021434
41,Talayuela,136200.8612871
41,Moraleja,128035.3479850
41,Arroyo de la Luz,68486.5021248
41,Jara¡z de la Vera,127326.6538397
41,Valencia de Alc ntara,146535.7512187
41,Montehermoso,137764.4688332
41,Casar de Cáceres,57322.8992092
41,Malpartida de Plasencia,116743.2508977
41,Malpartida de Cáceres,60597.1992682
41,Hervás,187322.8706250
41,Torrejoncillo,125448.6686399
41,Jarandilla de la Vera,142717.4207830
41,Alcuéscar,9227.3615894
41,Losar de la Vera,144243.9700374
41,Madroñera,60325.2640302
41,Valverde del Fresno,190718.1475897
41,Garrovillas de Alconétar,80115.3627374
41,Aldeanueva de la Vera,137534.9319050
41,Cabezuela del Valle,152760.9035491
41,Brozas,96637.1797216
41,Villanueva de la Vera,155429.0390650
41,Guadalupe,118867.9118103
41,Logrosán,89356.3802968
41,Sierra de Fuentes,35930.1942814
41,Navaconcejo,149449.3781365
41,Ceclavín,119555.3723902
41,Montánchez,2705.1164405
41,Almoharín,19561.2536546
41,Aliseda,78090.6471345
41,Galisteo,125590.8011345
41,Madrigalejo,88625.9607628
41,Cilleros,180084.4811780
41,Zarza de Granadilla,152251.9397073
41,Madrigal de la Vera,164910.5678426
41,Cañamero,101488.7614224
41,Serradilla,102117.1984012
41,Torreorgaz,28287.3485639
41,Pinofranqueado,159058.9851447
41,Zorita,68605.2720525
41,Gata,161489.2334719
41,Alcántara,111655.4010121
41,Guijo de Galisteo,135882.9643447
41,Piornal,146942.1682300
41,Ahigal,148205.4073351
41,Peraleda de la Mata,125641.3678655
41,Navas del Madro¤o,87403.3393772
41,Nuñomoral,184891.0607155
41,Valdefuentes,11128.9078941
41,Zarza la Mayor,131025.3479286
41,Casatejada,105791.4396544
41,Casar de Palomero,167047.1541999
41,Jerte,158682.8730750
41,Almaraz,97049.2163758
41,Majadas,114750.8211118
41,Cañaveral,87989.6995104
41,Rosalejo,132688.2012591
41,Caminomorisco,163570.2341425
41,Riolobos,110298.2963439
41,Casta¤ar de Ibor,108348.4117429
41,Tornavacas,165763.7322074
41,Torrecillas de la Tiesa,66090.1382050
41,"Pesga. La",169630.3569145
41,Carcaboso,130052.2116786
41,Garganta la Olla,135940.8146823
41,Torremocha,20316.2136421
41,Eljas,191682.2530895
41,Campo Lugar,60228.5852259
41,Al¡a,129008.9821712
41,Arroyomolinos,8468.0629163
41,Monroy,78756.9359987
41,"Torno. El",142877.2001998
41,"Cumbre. La",30102.4414359
41,Hoyos,169125.4675454
41,Mohedas de Granadilla,157865.1126777
41,Perales del Puerto,168790.0679533
41,Talav n,84244.7499081
41,San Martín de Trevejo,189730.6308643
41,Cuacos de Yuste,133894.3120021
41,Tejeda de Tiétar,139609.5193060
41,Acehúche,106136.3207271
41,Escurial,67339.0360131
41,Garciaz,78565.8521338
41,Membrío,131963.6165213
41,Deleitosa,84976.6633022
41,Santibáñez el Bajo,151939.1656336
41,Saucedilla,101631.9586111
41,Aldeanueva del Camino,153766.3848227
41,Albalá,3352.3452586
41,Aldeacentenera,80156.7025149
41,Casas del Monte,149105.1864385
41,Valdeobispo,134866.5144374
41,Holguera,114864.6202246
41,Mirabel,112341.9738891
41,Aldea del Cano,34202.7649896
41,Baños de Montemayor,195462.4514242
41,Navezuelas,111694.2511418
41,Casas de Millán,92001.1920663
41,Salorino,137440.3153067
41,Torrecilla de los Ángeles,149323.2114383
41,Acebo,171023.6355763
41,Santiago de Alcántara,153448.9549418
41,Pasarón de la Vera,135750.1892439
41,Villamiel,181743.5322474
41,Villar del Pedroso,154959.6350461
41,Belvís de Monroy,116579.0037886
41,Casas del Castañar,141652.9042798
41,Torre de Santa María,7864.2578322
41,Guijo de Granadilla,149379.3918708
41,Torremenga,129643.3485455
41,Zarza de Montánchez,18558.4964920
41,Aceituna,145115.8729843
41,Torrejón el Rubio,80975.2075230
41,Torrequemada,25042.2576295
41,Jaraicejo,87102.6278041
41,Valverde de la Vera,152335.0080103
41,Torre de Don Miguel,157551.9061358
41,Pozuelo de Zarzón,137348.0714633
41,Villa del Campo,136339.8615927
41,Plasenzuela,29174.0672986
41,Bohonal de Ibor,125296.5302080
41,Berzocana,100155.3856956
41,Casares de las Hurdes,192632.1724314
41,Hernán-Pérez,149274.2298696
41,Villanueva de la Sierra,144226.1066509
41,Cadalso,153865.8249955
41,Navalvillar de Ibor,114852.5622957
41,Arroyomolinos de la Vera,138244.9215939
41,Cedillo,180429.8443518
41,"Garganta. La",201805.8228133
41,Ibahernando,31944.6979186
41,Calzadilla,123789.6765986
41,Barrado,138175.9785335
41,Casillas de Coria,122680.2090830
41,Villasbuenas de Gata,159873.9528350
41,Valdelacasa de Tajo,146425.4883287
41,Abertura,53442.4555781
41,Palomero,157493.0743827
41,Serrejón,103848.1666758
41,Hinojal,77563.2536404
41,Gargantilla,155936.3939412
41,Santibáñez el Alto,154991.7033391
41,Cabañas del Castillo,105824.8269764
41,Robledillo de Trujillo,23422.6469199
41,Cabezabellosa,145613.6394309
41,Morcillo,128030.5304540
41,Portaje,111448.7482290
41,Guijo de Santa Bárbara,147160.9918383
41,Robledollano,98723.7549484
41,Puerto de Santa Cruz,53424.2468098
41,Herreruela,128439.1704269
41,Valdastillas,144993.8944910
41,Cabrero,143203.0742082
41,Herguijuela,62325.7934512
41,Talaveruela de la Vera,151209.5450125
41,"Granja. La",149754.1335632
41,"Aldea del Obispo. La",56087.0503543
41,Casas de Don Gómez,121125.8043066
41,Aldehuela de Jerte,134240.5116368
41,"Gordo. El",130863.2288378
41,Carrascalejo,160560.5067818
41,Mata de Alcántara,105451.9534038
41,Fresnedoso de Ibor,111759.7397055
41,Abadía,156391.2732643
41,Santa Cruz de Paniagua,147954.4598928
41,Villamesías,45665.5159848
41,Santa Marta de Magasca,48450.3337837
41,Santiago del Campo,78624.3614026
41,Robledillo de la Vera,140062.2037137
41,Salvatierra de Santiago,16923.2267329
41,Santa Ana,23851.0969789
41,Peraleda de San Román,135292.7133816
41,Oliva de Plasencia,132883.3253945
41,Herrera de Alcántara,182131.9775817
41,Santa Cruz de la Sierra,52422.8191952
41,Portezuelo,92024.7115632
41,Alcollarín,62909.2994886
41,Viandar de la Vera,150327.3221097
41,Millanes,111258.6695999
41,Marchagaz,160743.4490214
41,Rebollar,147574.5029679
41,Guijo de Coria,130333.0461960
41,Valdemorales,17213.9917914
41,Villar de Plasencia,138179.2709074
41,Ladrillar,197593.2455194
41,Carbajo,148074.0479678
41,Romangordo,88032.9907775
41,Casas de Don Antonio,22443.7912727
41,Valdehúncar,115265.2904760
41,Conquista de la Sierra,65641.2249366
41,Piedras Albas,121674.7099378
41,Collado,130553.5257477
41,Botija,31096.7470931
41,Huélaga,125331.2267563
41,Cerezo,157302.8220041
41,Descargamaría,163106.1483991
41,Segura de Toro,152452.2586478
41,Toril,116190.5587260
41,Mesas de Ibor,132738.3708807
41,Pescueza,119147.3090192
41,Villa del Rey,103432.9864502
41,Jarilla,144503.2849998
41,Casas de Miravete,87062.0925595
41,Gargüera,131874.0534945
41,Robledillo de Gata,166065.4492775
41,Valdecañas de Tajo,141475.5461987
41,Pedroso de Acim,94259.3821341
41,Berrocalejo,138275.9609380
41,Garvín,139630.2296581
41,Higuera,91398.7676952
41,Benquerencia,21363.2890938
41,Cachorrilla,121010.8554598
41,Campillo de Deleitosa,146356.8701840
41,Ruanes,20721.8788950
42,Badajoz,208656.5815182
42,Mérida,150652.4309345
42,Don Benito,114408.4108872
42,Almendralejo,185632.0083066
42,Villanueva de la Serena,126959.8630029
42,Zafra,205352.8359829
42,Montijo,170284.6989666
42,Villafranca de los Barros,185437.6860153
42,Olivenza,235375.7812111
42,Jerez de los Caballeros,243416.9274809
42,Azuaga,192742.4112885
42,"Santos de Maimona. Los",202019.9583422
42,Guareña,146823.1871739
42,Fuente del Maestre,197578.9748477
42,Castuera,130409.7337202
42,Calamonte,156345.5232682
42,Llerena,213836.7311318
42,Puebla de la Calzada,172959.8038699
42,San Vicente de Alcántara,215060.2000636
42,Alburquerque,189385.0851404
42,Aceuchal,190884.1978223
42,Oliva de la Frontera,260533.9897479
42,Talavera la Real,189458.3219122
42,Cabeza del Buey,145273.2146849
42,Campanario,110750.8156521
42,Fregenal de la Sierra,244667.4571645
42,Quintana de la Serena,144261.0260455
42,Fuente de Cantos,225350.4880362
42,Navalvillar de Pela,79080.4843978
42,Monesterio,242042.2055335
42,Santa Amalia,122327.2968507
42,Santa Marta,194853.3115672
42,Arroyo de San Serván,162378.0749279
42,Valverde de Leganés,222858.6704063
42,Zalamea de la Serena,145499.4882337
42,Hornachos,178801.9499510
42,Barcarrota,226351.1496718
42,Herrera del Duque,139143.4905345
42,Villanueva del Fresno,262588.0347210
42,Talarrubias,107782.5629821
42,"Zarza. La",152719.2255111
42,Ribera del Fresno,182302.5746132
42,Burguillos del Cerro,223859.8421826
42,Orellana la Vieja,91658.9211255
42,Zah¡nos,261181.9318282
42,Puebla de Sancho P‚rez,208935.6406655
42,Solana de los Barros,179665.9050303
42,Valdelacalzada,180497.2493485
42,Lobón,174432.2923539
42,Monterrubio de la Serena,149485.5755516
42,Fuentes de León,254722.7284581
42,"Garrovilla. La",159902.3956137
42,Berlanga,215193.5812397
42,Higuera la Real,272111.9805181
42,Villar del Rey,182191.8454226
42,Granja de Torrehermosa,188777.9330750
42,Medell¡n,126571.8363837
42,Bienvenida,214281.3904711
42,"Codosera. La",210642.6730346
42,Valencia del Ventoso,225918.6829350
42,"Coronada. La",111022.6455940
42,Torremej¡a,165703.5565782
42,Siruela,125652.7004883
42,Higuera de Vargas,247856.5549286
42,Segura de León,248698.1140351
42,Salvaleón,225774.2064934
42,Pueblonuevo del Guadiana,184225.7479242
42,Alange,157177.2030141
42,Puebla de Obando,159820.6149089
42,"Albuera. La",206275.2882698
42,Usagre,206626.6917437
42,Fuenlabrada de los Montes,130894.2751872
42,Alconchel,246699.4982248
42,Oliva de Mérida,148228.4369316
42,Salvatierra de los Barros,218678.2969379
42,Villalba de los Barros,194953.6742702
42,Casas de Don Pedro,91057.7180353
42,Esparragalejo,155446.9730588
42,Montemolín,238060.2154567
42,"Roca de la Sierra. La",168179.2432618
42,Campillo de Llerena,204755.0327007
42,Cabeza la Vaca,259610.3466070
42,Villar de Rena,107513.4654757
42,Trujillanos,143780.8006564
42,Valle de la Serena,151370.6348229
42,"Parra. La",211364.8607512
42,Mirandilla,146843.9048564
42,"Haba. La",121475.1225874
42,Villagonzalo,148567.2060596
42,Feria,209993.8126766
42,Medina de las Torres,215497.1643531
42,Valdetorres,137943.6858506
42,Almendral,213077.8327112
42,Corte de Peleas,192047.5076208
42,Cheles,262860.1516760
42,Puebla de Alcocer,109839.1028108
42,Torre de Miguel Sesmero,210041.6457077
42,Valdecaballeros,164546.0814202
42,Peñalsordo,144260.1816595
42,Valle de Santa Ana,241344.9419473
42,Valverde de Mérida,140157.8725652
42,Castilblanco,154939.3965461
42,Bodonal de la Sierra,243598.3914764
42,"Nava de Santiago. La",149569.3396770
42,Esparragosa de la Serena,141661.4816318
42,Maguilla,208818.5681634
42,Calera de León,251034.9300482
42,Ahillones,207855.5995789
42,Higuera de la Serena,150685.3487292
42,Esparragosa de Lares,114087.5291687
42,Torremayor,165067.7496410
42,Villagarcía de la Torre,218370.7307361
42,Cordobilla de Lácara,137444.9658998
42,Benquerencia de la Serena,135684.5706937
42,Llera,191696.4670458
42,San Pedro de Mérida,135518.6966528
42,Calzadilla de los Barros,217252.7886655
42,Puebla de la Reina,164479.1310301
42,Acedera,84278.8093341
42,Táliga,240443.4735490
42,Valencia del Mombuey,280493.5722218
42,Puebla del Maestre,239570.7365233
42,Manchita,155353.1080806
42,"Morera. La",213592.7064315
42,Fuente del Arco,218241.6179771
42,Don Álvaro,149029.5678288
42,Alconera,215532.1668180
42,Nogales,216272.4729353
42,Helechosa de los Montes,183771.1530941
42,Valverde de Llerena,205364.4842441
42,Palomas,160021.7734996
42,Trasierra,222029.8315123
42,Valencia de las Torres,192590.4665636
42,Garlitos,138372.3705512
42,Rena,105680.9858783
42,Malpartida de la Serena,140906.7328527
42,Peraleda del Zaucejo,170361.3395462
42,Magacela,119658.3542569
42,Entrín Bajo,196275.8351032
42,Villarta de los Montes,214406.9460452
42,Carmonita,127455.3255981
42,Cristina,144133.2655964
42,Hinojosa del Valle,192065.6673305
42,Garbayuela,124527.3712417
42,Puebla del Prior,184639.4215717
42,Retamal de Llerena,164961.1557566
42,Mengabril,121157.2168380
42,Malcocinado,208624.7129960
42,Valle de Matamoros,243195.3722235
42,Zarza-Capilla,139066.8408255
42,Higuera de Llerena,195918.8445323
42,Baterno,139101.4177903
42,Atalaya,220264.0581331
42,Valverde de Burguillos,221540.7490366
42,Orellana de la Sierra,88169.1182921
42,"Lapa. La",216274.3153964
42,Tamurejo,137330.2929986
42,Aljucén,134344.5975160
42,Sancti-Spíritus,127119.5079544
42,Reina,222938.3158459
42,Casas de Reina,220366.1899321
42,Capilla,147613.6679215
42,Risco,129436.5697584
42,"Carrascalejo. El",139027.6586650
42,C ceres,108269.5598132
42,Plasencia,95723.1302629
42,Navalmoral de la Mata,40778.3441145
42,Coria,128478.8836150
42,Miajadas,100348.3384592
42,Trujillo,71436.1660858
42,Talayuela,79877.9228058
42,Moraleja,140762.8237627
42,Arroyo de la Luz,140540.9032252
42,Jara¡z de la Vera,71003.7153583
42,Valencia de Alc ntara,215113.1324670
42,Montehermoso,120887.6662812
42,Casar de Cáceres,118206.3224298
42,Malpartida de Plasencia,84677.4681238
42,Malpartida de Cáceres,132651.6003686
42,Hervás,149648.9842311
42,Torrejoncillo,124329.2993834
42,Jarandilla de la Vera,86394.4823017
42,Alcuéscar,115717.1446319
42,Losar de la Vera,87921.0315560
42,Madroñera,75341.8738673
42,Valverde del Fresno,183469.1580872
42,Garrovillas de Alconétar,127810.9209687
42,Aldeanueva de la Vera,81211.9934237
42,Cabezuela del Valle,115087.0171552
42,Brozas,152288.1423459
42,Villanueva de la Vera,99106.1005837
42,Guadalupe,29778.2222313
42,Logrosán,59253.4554623
42,Sierra de Fuentes,102851.5321701
42,Navaconcejo,111775.4917426
42,Ceclavín,156815.0592747
42,Montánchez,109037.0577463
42,Almoharín,104742.5505837
42,Aliseda,150145.0482349
42,Galisteo,103932.4798529
42,Madrigalejo,98214.8883400
42,Cilleros,172835.4916755
42,Zarza de Granadilla,127695.6352030
42,Madrigal de la Vera,108587.6293612
42,Cañamero,47061.0512947
42,Serradilla,87333.4381105
42,Torreorgaz,110489.8627313
42,Pinofranqueado,148563.2004960
42,Zorita,79941.7111810
42,Gata,154240.2439693
42,Alcántara,159350.9592435
42,Guijo de Galisteo,126811.3184059
42,Piornal,90619.2297486
42,Ahigal,123692.8597125
42,Peraleda de la Mata,47549.2608259
42,Navas del Madro¤o,140782.9967457
42,Nuñomoral,167636.6764383
42,Valdefuentes,102136.4670908
42,Zarza la Mayor,166540.3316502
42,Casatejada,53571.4118972
42,Casar de Palomero,145384.1959264
42,Jerte,121008.9866811
42,Almaraz,51238.0273551
42,Majadas,58427.8826305
42,Cañaveral,122067.4190057
42,Rosalejo,54672.4320270
42,Caminomorisco,146315.8498653
42,Riolobos,109178.9270873
42,Casta¤ar de Ibor,1974.1035749
42,Tornavacas,128089.8458135
42,Torrecillas de la Tiesa,58753.3320838
42,"Pesga. La",145117.8092919
42,Carcaboso,107080.1030569
42,Garganta la Olla,79617.8762009
42,Torremocha,102545.8238508
42,Eljas,184433.2635870
42,Campo Lugar,93872.2329965
42,Al¡a,43808.0768759
42,Arroyomolinos,114957.8459588
42,Monroy,92537.6809320
42,"Torno. El",110646.3572041
42,"Cumbre. La",78291.2848275
42,Hoyos,161876.4780429
42,Mohedas de Granadilla,133352.5650551
42,Perales del Puerto,161541.0784508
42,Talav n,97584.8815256
42,San Martín de Trevejo,182481.6413617
42,Cuacos de Yuste,77571.3735208
42,Tejeda de Tiétar,83286.5808246
42,Acehúche,143396.0076116
42,Escurial,101012.4842889
42,Garciaz,69493.9723098
42,Membrío,187614.5791456
42,Deleitosa,23054.1995663
42,Santibáñez el Bajo,127426.6180110
42,Saucedilla,55238.5401509
42,Aldeanueva del Camino,129170.1178951
42,Albalá,108093.3691705
42,Aldeacentenera,75790.2657029
42,Casas del Monte,124537.5144133
42,Valdeobispo,111894.4058157
42,Holguera,113745.2509680
42,Mirabel,97558.2135984
42,Aldea del Cano,119260.0395852
42,Baños de Montemayor,157788.5650303
42,Navezuelas,38558.3106132
42,Casas de Millán,124571.3373817
42,Salorino,194937.0167173
42,Torrecilla de los Ángeles,142074.2219358
42,Acebo,163774.6460738
42,Santiago de Alcántara,209099.9175660
42,Pasarón de la Vera,79427.2507626
42,Villamiel,174494.5427448
42,Villar del Pedroso,53816.5324735
42,Belvís de Monroy,48541.6202800
42,Casas del Castañar,97852.5113754
42,Torre de Santa María,100785.2437683
42,Guijo de Granadilla,124866.8442482
42,Torremenga,73320.4100642
42,Zarza de Montánchez,92937.2497262
42,Aceituna,129568.2360720
42,Torrejón el Rubio,66191.4472322
42,Torrequemada,107244.7717969
42,Jaraicejo,42496.7697370
42,Valverde de la Vera,96012.0695289
42,Torre de Don Miguel,150302.9166332
42,Pozuelo de Zarzón,130077.5765344
42,Villa del Campo,131205.1421028
42,Plasenzuela,87820.7666380
42,Bohonal de Ibor,24153.8410718
42,Berzocana,46375.2161751
42,Casares de las Hurdes,175377.7881542
42,Hernán-Pérez,142025.2403671
42,Villanueva de la Sierra,136977.1171483
42,Cadalso,146616.8354930
42,Navalvillar de Ibor,8478.2541277
42,Arroyomolinos de la Vera,84815.7470137
42,Cedillo,236080.8069761
42,"Garganta. La",164131.9364194
42,Ibahernando,79172.9090414
42,Calzadilla,136801.9418773
42,Barrado,91935.8175235
42,Casillas de Coria,139492.0582869
42,Villasbuenas de Gata,152624.9633325
42,Valdelacasa de Tajo,45282.3857561
42,Abertura,89991.0486014
42,Palomero,139678.5414777
42,Serrejón,58205.3594538
42,Hinojal,103315.9191702
42,Gargantilla,131340.1270137
42,Santibáñez el Alto,147742.7138366
42,Cabañas del Castillo,32688.8864477
42,Robledillo de Trujillo,87795.7497890
42,Cabezabellosa,120742.3460117
42,Morcillo,126419.0727711
42,Portaje,140506.4724656
42,Guijo de Santa Bárbara,90838.0533569
42,Robledollano,9511.7280885
42,Puerto de Santa Cruz,80009.1895848
42,Herreruela,192026.7751359
42,Valdastillas,101326.9494533
42,Cabrero,97582.5866057
42,Herguijuela,77489.1179169
42,Talaveruela de la Vera,94886.6065311
42,"Granja. La",125157.8666356
42,"Aldea del Obispo. La",72545.5203280
42,Casas de Don Gómez,134110.1859135
42,Aldehuela de Jerte,111268.4030151
42,"Gordo. El",52836.7589187
42,Carrascalejo,54186.1986138
42,Mata de Alcántara,153147.5116351
42,Fresnedoso de Ibor,17187.7935023
42,Abadía,131795.0063367
42,Santa Cruz de Paniagua,134100.4470698
42,Villamesías,88758.3718666
42,Santa Marta de Magasca,87129.2465880
42,Santiago del Campo,105158.9010420
42,Robledillo de la Vera,83739.2652324
42,Salvatierra de Santiago,91658.5928725
42,Santa Ana,91034.2291237
42,Peraleda de San Román,34149.6108090
42,Oliva de Plasencia,108370.7777719
42,Herrera de Alcántara,237782.9402059
42,Santa Cruz de la Sierra,78813.5063990
42,Portezuelo,129284.3984476
42,Alcollarín,85416.8750242
42,Viandar de la Vera,94004.3836284
42,Millanes,43221.2860913
42,Marchagaz,142504.5347646
42,Rebollar,109900.6165741
42,Guijo de Coria,132153.4495822
42,Valdemorales,99731.2999745
42,Villar de Plasencia,113307.9774882
42,Ladrillar,180338.8612421
42,Carbajo,203725.0105921
42,Romangordo,42390.1835555
42,Casas de Don Antonio,128933.5743151
42,Valdehúncar,33152.4622471
42,Conquista de la Sierra,81203.8287559
42,Piedras Albas,169370.2681692
42,Collado,74230.5872664
42,Botija,91652.3002634
42,Huélaga,138058.7025341
42,Cerezo,132790.2743815
42,Descargamaría,155857.1588966
42,Segura de Toro,127884.5866225
42,Toril,60405.3095025
42,Mesas de Ibor,31595.6817445
42,Pescueza,148205.0332558
42,Villa del Rey,157562.9745382
42,Jarilla,119935.6129745
42,Casas de Miravete,41625.3748226
42,Gargüera,94730.1178400
42,Robledillo de Gata,158816.4597749
42,Valdecañas de Tajo,40332.8570625
42,Pedroso de Acim,126191.9009832
42,Berrocalejo,60249.4910189
42,Garvín,38487.1270856
42,Higuera,45755.9604732
42,Benquerencia,111750.2279423
42,Cachorrilla,150068.5796964
42,Campillo de Deleitosa,45214.1810479
42,Ruanes,87905.0110398
43,Badajoz,110520.8083143
43,Mérida,49955.1267354
43,Don Benito,28235.9768588
43,Almendralejo,87496.2351027
43,Villanueva de la Serena,40787.4289746
43,Zafra,112231.2853722
43,Montijo,73734.0658277
43,Villafranca de los Barros,95464.0705961
43,Olivenza,137240.0080072
43,Jerez de los Caballeros,150295.3768702
43,Azuaga,130281.1679924
43,"Santos de Maimona. Los",108898.4077314
43,Guareña,59181.9151365
43,Fuente del Maestre,102142.8322610
43,Castuera,70079.7025492
43,Calamonte,58209.7500644
43,Llerena,129465.8293638
43,Puebla de la Calzada,76405.6405811
43,San Vicente de Alcántara,153144.3169863
43,Alburquerque,120255.0139646
43,Aceuchal,92748.4246184
43,Oliva de la Frontera,167412.4391372
43,Talavera la Real,91322.5487083
43,Cabeza del Buey,100731.1174942
43,Campanario,52094.7869227
43,Fregenal de la Sierra,151545.9065538
43,Quintana de la Serena,83930.9948746
43,Fuente de Cantos,135588.8645323
43,Navalvillar de Pela,57945.4134552
43,Monesterio,149433.2571378
43,Santa Amalia,25146.9754152
43,Santa Marta,96717.5383633
43,Arroyo de San Serván,64242.3017241
43,Valverde de Leganés,124722.8972024
43,Zalamea de la Serena,83038.2449376
43,Hornachos,89040.3264471
43,Barcarrota,128215.3764679
43,Herrera del Duque,118008.4195919
43,Villanueva del Fresno,164452.2615171
43,Talarrubias,86647.4920395
43,"Zarza. La",53713.5841167
43,Ribera del Fresno,92540.9511093
43,Burguillos del Cerro,130738.2915718
43,Orellana la Vieja,56444.2044010
43,Zah¡nos,163046.1586243
43,Puebla de Sancho P‚rez,115814.0900548
43,Solana de los Barros,81530.1318265
43,Valdelacalzada,83943.0860597
43,Lobón,76296.5191500
43,Monterrubio de la Serena,89155.5443807
43,Fuentes de León,161601.1778474
43,"Garrovilla. La",61766.6224098
43,Berlanga,130822.6794717
43,Higuera la Real,178990.4299074
43,Villar del Rey,99155.0784655
43,Granja de Torrehermosa,126316.6897789
43,Medell¡n,40116.3242827
43,Bienvenida,124519.7669672
43,"Codosera. La",133568.4483385
43,Valencia del Ventoso,132797.1323242
43,"Coronada. La",44342.2091932
43,Torremej¡a,67385.3225162
43,Siruela,104517.6295458
43,Higuera de Vargas,149720.7817247
43,Segura de León,155576.5634243
43,Salvaleón,127638.4332896
43,Pueblonuevo del Guadiana,87671.5846354
43,Alange,58171.5616198
43,Puebla de Obando,94055.5092471
43,"Albuera. La",108139.5150659
43,Usagre,116865.0682398
43,Fuenlabrada de los Montes,109759.2042446
43,Alconchel,148563.7250210
43,Oliva de Mérida,58605.9070113
43,Salvatierra de los Barros,120542.5237341
43,Villalba de los Barros,96817.9010663
43,Casas de Don Pedro,69922.6470927
43,Esparragalejo,57311.1998549
43,Montemolín,148298.5919528
43,"Roca de la Sierra. La",84712.6752933
43,Campillo de Llerena,142293.7894046
43,Cabeza la Vaca,166987.3578259
43,Villar de Rena,30510.3417239
43,Trujillanos,43083.4964573
43,Valle de la Serena,65198.2007945
43,"Parra. La",113229.0875473
43,Mirandilla,56505.6818102
43,"Haba. La",35302.6885591
43,Villagonzalo,47869.9018605
43,Feria,112554.4813079
43,Medina de las Torres,122375.6137424
43,Valdetorres,43924.2508684
43,Almendral,114942.0595074
43,Corte de Peleas,93911.7344170
43,Cheles,164724.3784722
43,Puebla de Alcocer,88704.0318683
43,Torre de Miguel Sesmero,111905.8725038
43,Valdecaballeros,143411.0104777
43,Peñalsordo,116804.0201975
43,Valle de Santa Ana,143209.1687434
43,Valverde de Mérida,39460.5683661
43,Castilblanco,133804.3256036
43,Bodonal de la Sierra,150476.8408656
43,"Nava de Santiago. La",66102.7717085
43,Esparragosa de la Serena,81331.4504609
43,Maguilla,128611.7993288
43,Calera de León,158411.9412671
43,Ahillones,145394.3562828
43,Higuera de la Serena,72715.1203639
43,Esparragosa de Lares,91560.3018961
43,Torremayor,66931.9764371
43,Villagarcía de la Torre,128609.1072323
43,Cordobilla de Lácara,53978.3979313
43,Benquerencia de la Serena,75354.5395228
43,Llera,101934.8435419
43,San Pedro de Mérida,34821.3924537
43,Calzadilla de los Barros,124504.2838256
43,Puebla de la Reina,74717.5075262
43,Acedera,45075.8589019
43,Táliga,142307.7003451
43,Valencia del Mombuey,187372.0216110
43,Puebla del Maestre,155199.8347553
43,Manchita,67711.8360432
43,"Morera. La",115456.9332276
43,Fuente del Arco,145411.6314479
43,Don Álvaro,48332.2636297
43,Alconera,122410.6162072
43,Nogales,118136.6997315
43,Helechosa de los Montes,162636.0821515
43,Valverde de Llerena,142903.2409480
43,Palomas,70260.1499957
43,Trasierra,137658.9297443
43,Valencia de las Torres,108477.0954118
43,Garlitos,117237.2996087
43,Rena,27693.4872613
43,Malpartida de la Serena,80576.7016818
43,Peraleda del Zaucejo,107900.0962501
43,Magacela,41887.1841379
43,Entrín Bajo,98140.0618993
43,Villarta de los Montes,193271.8751026
43,Carmonita,43988.7576295
43,Cristina,56491.9935590
43,Hinojosa del Valle,102304.0438267
43,Garbayuela,103392.3002992
43,Puebla del Prior,94877.7980678
43,Retamal de Llerena,87463.4129710
43,Mengabril,34701.7047370
43,Malcocinado,146163.4696999
43,Valle de Matamoros,145059.5990197
43,Zarza-Capilla,111610.6793635
43,Higuera de Llerena,111547.9427643
43,Baterno,117966.3468477
43,Atalaya,127142.5075223
43,Valverde de Burguillos,128419.1984259
43,Orellana de la Sierra,59987.6858020
43,"Lapa. La",123152.7647857
43,Tamurejo,116195.2220560
43,Aljucén,50878.0295475
43,Sancti-Spíritus,105984.4370119
43,Reina,139724.3336963
43,Casas de Reina,136891.8368795
43,Capilla,120157.5064595
43,Risco,108301.4988159
43,"Carrascalejo. El",55561.0906964
43,C ceres,65257.2069297
43,Plasencia,125489.9094507
43,Navalmoral de la Mata,107048.3900599
43,Coria,130729.6028820
43,Miajadas,2777.5606524
43,Trujillo,39745.9716138
43,Talayuela,130622.1522253
43,Moraleja,145906.4183221
43,Arroyo de la Luz,86357.5724619
43,Jara¡z de la Vera,121747.9447778
43,Valencia de Alc ntara,169558.9662927
43,Montehermoso,149134.6425471
43,Casar de Cáceres,75193.9695464
43,Malpartida de Plasencia,118858.0304647
43,Malpartida de Cáceres,78468.2696054
43,Hervás,189437.6501920
43,Torrejoncillo,143319.7389771
43,Jarandilla de la Vera,137138.7117211
43,Alcuéscar,32250.5766633
43,Losar de la Vera,138665.2609755
43,Madroñera,44117.5050702
43,Valverde del Fresno,208589.2179269
43,Garrovillas de Alconétar,97986.4330746
43,Aldeanueva de la Vera,131956.2228432
43,Cabezuela del Valle,154875.6831160
43,Brozas,114508.2500588
43,Villanueva de la Vera,149850.3300031
43,Guadalupe,88117.0573554
43,Logrosán,58605.5258420
43,Sierra de Fuentes,53801.2646185
43,Navaconcejo,151564.1577035
43,Ceclavín,137426.4427274
43,Montánchez,31445.0358105
43,Almoharín,13698.5333268
43,Aliseda,95961.7174717
43,Galisteo,131841.9942787
43,Madrigalejo,57875.1063080
43,Cilleros,197955.5515152
43,Zarza de Granadilla,155942.6114688
43,Madrigal de la Vera,159331.8587807
43,Cañamero,70737.9069675
43,Serradilla,104231.9779682
43,Torreorgaz,46158.4189011
43,Pinofranqueado,176810.1767618
43,Zorita,37854.4175977
43,Gata,179360.3038090
43,Alcántara,129526.4713493
43,Guijo de Galisteo,153754.0346819
43,Piornal,141363.4591681
43,Ahigal,151939.8359783
43,Peraleda de la Mata,120062.6588036
43,Navas del Madro¤o,105274.4097143
43,Nuñomoral,195883.6527041
43,Valdefuentes,28999.9782313
43,Zarza la Mayor,148896.4182658
43,Casatejada,100212.7305925
43,Casar de Palomero,173631.1721922
43,Jerte,160797.6526419
43,Almaraz,91470.5073139
43,Majadas,109172.1120500
43,Cañaveral,105860.7698476
43,Rosalejo,127109.4921973
43,Caminomorisco,174562.8261311
43,Riolobos,128169.3666810
43,Casta¤ar de Ibor,102769.7026810
43,Tornavacas,167878.5117743
43,Torrecillas de la Tiesa,60511.4291431
43,"Pesga. La",173364.7855577
43,Carcaboso,135327.0793228
43,Garganta la Olla,130362.1056204
43,Torremocha,38187.2839793
43,Eljas,209553.3234267
43,Campo Lugar,29477.7307710
43,Al¡a,98258.1277163
43,Arroyomolinos,24663.4348267
43,Monroy,90217.7598766
43,"Torno. El",144991.9797668
43,"Cumbre. La",45519.2943625
43,Hoyos,186996.5378826
43,Mohedas de Granadilla,161599.5413209
43,Perales del Puerto,186661.1382905
43,Talav n,102115.8202452
43,San Martín de Trevejo,207601.7012014
43,Cuacos de Yuste,128315.6029403
43,Tejeda de Tiétar,134030.8102441
43,Acehúche,124007.3910643
43,Escurial,36588.1815583
43,Garciaz,52103.2252723
43,Membrío,149834.6868585
43,Deleitosa,79397.9542403
43,Santibáñez el Bajo,155673.5942768
43,Saucedilla,96053.2495493
43,Aldeanueva del Camino,157417.0941609
43,Albalá,34900.8061773
43,Aldeacentenera,63948.9435549
43,Casas del Monte,152784.4906791
43,Valdeobispo,140141.3820815
43,Holguera,132735.6905617
43,Mirabel,114456.7534561
43,Aldea del Cano,54928.5957550
43,Baños de Montemayor,197577.2309912
43,Navezuelas,92200.4250258
43,Casas de Millán,109872.2624035
43,Salorino,157157.1244302
43,Torrecilla de los Ángeles,167194.2817755
43,Acebo,188894.7059135
43,Santiago de Alcántara,171320.0252789
43,Pasarón de la Vera,130171.4801821
43,Villamiel,199614.6025845
43,Villar del Pedroso,145350.7088809
43,Belvís de Monroy,111000.2947267
43,Casas del Castañar,143767.6838468
43,Torre de Santa María,27592.6807750
43,Guijo de Granadilla,153113.8205140
43,Torremenga,124064.6394836
43,Zarza de Montánchez,24974.0993979
43,Aceituna,157815.2123378
43,Torrejón el Rubio,83089.9870899
43,Torrequemada,42913.3279666
43,Jaraicejo,82354.7784120
43,Valverde de la Vera,146756.2989484
43,Torre de Don Miguel,175422.9764730
43,Pozuelo de Zarzón,155219.1418005
43,Villa del Campo,154210.9319299
43,Plasenzuela,44590.9202252
43,Bohonal de Ibor,119717.8211461
43,Berzocana,75447.5463148
43,Casares de las Hurdes,203624.7644200
43,Hernán-Pérez,167145.3002068
43,Villanueva de la Sierra,162097.1769880
43,Cadalso,171736.8953327
43,Navalvillar de Ibor,109273.8532338
43,Arroyomolinos de la Vera,134816.6876503
43,Cedillo,198300.9146890
43,"Garganta. La",203920.6023802
43,Ibahernando,38360.3008246
43,Calzadilla,141660.7469358
43,Barrado,140290.7581005
43,Casillas de Coria,140551.2794202
43,Villasbuenas de Gata,177745.0231722
43,Valdelacasa de Tajo,140846.7792668
43,Abertura,22691.6011232
43,Palomero,167925.5177435
43,Serrejón,98269.4576139
43,Hinojal,95434.3239775
43,Gargantilla,159587.1032795
43,Santibáñez el Alto,172862.7736763
43,Cabañas del Castillo,90403.1359288
43,Robledillo de Trujillo,29838.2498259
43,Cabezabellosa,148989.3222775
43,Morcillo,145901.6007911
43,Portaje,129319.8185662
43,Guijo de Santa Bárbara,141582.2827764
43,Robledollano,93145.0458865
43,Puerto de Santa Cruz,22688.8103127
43,Herreruela,151462.3855009
43,Valdastillas,147108.6740580
43,Cabrero,145317.8537752
43,Herguijuela,35863.1665897
43,Talaveruela de la Vera,145630.8359506
43,"Granja. La",153404.8429014
43,"Aldea del Obispo. La",58201.8299212
43,Casas de Don Gómez,138996.8746438
43,Aldehuela de Jerte,139515.3792809
43,"Gordo. El",125284.5197759
43,Carrascalejo,138099.1380254
43,Mata de Alcántara,123323.0237409
43,Fresnedoso de Ibor,106181.0306436
43,Abadía,160041.9826025
43,Santa Cruz de Paniagua,162347.4233356
43,Villamesías,14914.6615299
43,Santa Marta de Magasca,62919.5334044
43,Santiago del Campo,96495.4317398
43,Robledillo de la Vera,134483.4946518
43,Salvatierra de Santiago,32340.0796596
43,Santa Ana,34196.7223499
43,Peraleda de San Román,129714.0043197
43,Oliva de Plasencia,136617.7540377
43,Herrera de Alcántara,200003.0479188
43,Santa Cruz de la Sierra,25960.1923337
43,Portezuelo,109895.7819003
43,Alcollarín,32158.4450337
43,Viandar de la Vera,144748.6130478
43,Millanes,105679.9605380
43,Marchagaz,170751.5110304
43,Rebollar,149689.2825349
43,Guijo de Coria,148204.1165331
43,Valdemorales,18036.1091984
43,Villar de Plasencia,141554.9537540
43,Ladrillar,208585.8375080
43,Carbajo,165945.1183050
43,Romangordo,82454.2817156
43,Casas de Don Antonio,45467.0063466
43,Valdehúncar,109686.5814141
43,Conquista de la Sierra,39178.5980751
43,Piedras Albas,139545.7802750
43,Collado,124974.8166858
43,Botija,48967.8174302
43,Huélaga,143202.2970935
43,Cerezo,161037.2506473
43,Descargamaría,180977.2187363
43,Segura de Toro,156131.5628884
43,Toril,110611.8496641
43,Mesas de Ibor,127159.6618188
43,Pescueza,137018.3793564
43,Villa del Rey,121304.0567874
43,Jarilla,148182.5892404
43,Casas de Miravete,81483.3834976
43,Gargüera,133988.8330615
43,Robledillo de Gata,183936.5196147
43,Valdecañas de Tajo,135896.8371368
43,Pedroso de Acim,112130.4524713
43,Berrocalejo,132697.2518761
43,Garvín,134051.5205962
43,Higuera,85820.0586333
43,Benquerencia,39234.3594309
43,Cachorrilla,138881.9257970
43,Campillo de Deleitosa,140778.1611222
43,Ruanes,36138.7318217
44,Badajoz,115116.0710881
44,Mérida,140928.0655717
44,Don Benito,139028.4162472
44,Almendralejo,150267.1152941
44,Villanueva de la Serena,151579.8683630
44,Zafra,175289.1347289
44,Montijo,114417.6612537
44,Villafranca de los Barros,158521.9199528
44,Olivenza,150508.6001720
44,Jerez de los Caballeros,185776.3825678
44,Azuaga,234577.6626117
44,"Santos de Maimona. Los",171956.2570881
44,Guareña,150154.8539728
44,Fuente del Maestre,165200.6816177
44,Castuera,180891.9281872
44,Calamonte,120980.6302558
44,Llerena,216100.5841498
44,Puebla de la Calzada,117092.7661570
44,San Vicente de Alcántara,64903.1840231
44,Alburquerque,66545.6232061
44,Aceuchal,155519.3048099
44,Oliva de la Frontera,195558.7670645
44,Talavera la Real,126929.6363762
44,Cabeza del Buey,211543.3431322
44,Campanario,162907.0125607
44,Fregenal de la Sierra,214603.7559105
44,Quintana de la Serena,194743.2205126
44,Fuente de Cantos,200784.8882838
44,Navalvillar de Pela,168737.8528437
44,Monesterio,212491.1064945
44,Santa Amalia,135628.2771073
44,Santa Marta,159488.4185547
44,Arroyo de San Serván,127013.1819155
44,Valverde de Leganés,137991.4893673
44,Zalamea de la Serena,193830.6843260
44,Hornachos,177386.4605505
44,Barcarrota,160582.0150533
44,Herrera del Duque,228800.8589804
44,Villanueva del Fresno,179603.0643156
44,Talarrubias,197439.9314279
44,"Zarza. La",144686.5229530
44,Ribera del Fresno,166760.2827723
44,Burguillos del Cerro,193796.1409285
44,Orellana la Vieja,167236.6437894
44,Zah¡nos,184775.1806799
44,Puebla de Sancho P‚rez,178871.9394115
44,Solana de los Barros,144301.0120179
44,Valdelacalzada,124630.2116356
44,Lobón,121332.6132070
44,Monterrubio de la Serena,199967.7700187
44,Fuentes de León,224659.0272041
44,"Garrovilla. La",124537.5026013
44,Berlanga,217457.4342576
44,Higuera la Real,211874.3813705
44,Villar del Rey,87501.6948453
44,Granja de Torrehermosa,237109.1291673
44,Medell¡n,150908.7636711
44,Bienvenida,198059.5420626
44,"Codosera. La",85449.2269396
44,Valencia del Ventoso,195854.9816809
44,"Coronada. La",155154.4348312
44,Torremej¡a,130443.1718729
44,Siruela,215310.0689342
44,Higuera de Vargas,170555.3307363
44,Segura de León,218634.4127810
44,Salvaleón,166506.8023208
44,Pueblonuevo del Guadiana,124582.7110621
44,Alange,139341.7572849
44,Puebla de Obando,80489.8200593
44,"Albuera. La",137622.6812165
44,Usagre,190351.1839026
44,Fuenlabrada de los Montes,220551.6436330
44,Alconchel,163714.5278194
44,Oliva de Mérida,149578.8458476
44,Salvatierra de los Barros,177870.2712851
44,Villalba de los Barros,159588.7812578
44,Casas de Don Pedro,180715.0864812
44,Esparragalejo,120082.0800463
44,Montemolín,215675.7093266
44,"Roca de la Sierra. La",89480.9999133
44,Campillo de Llerena,231899.7141219
44,Cabeza la Vaca,230045.2071825
44,Villar de Rena,141302.7811123
44,Trujillanos,118559.4041826
44,Valle de la Serena,175990.6401829
44,"Parra. La",170419.1586932
44,Mirandilla,112595.1944812
44,"Haba. La",146095.1279475
44,Villagonzalo,138842.8406968
44,Feria,172552.8680720
44,Medina de las Torres,185433.4630991
44,Valdetorres,153360.3141921
44,Almendral,149483.3457955
44,Corte de Peleas,146692.9956651
44,Cheles,177992.9706370
44,Puebla de Alcocer,199496.4712567
44,Torre de Miguel Sesmero,152120.3874003
44,Valdecaballeros,254203.4498661
44,Peñalsordo,227616.2458355
44,Valle de Santa Ana,199106.0489041
44,Valverde de Mérida,130433.5072025
44,Castilblanco,244596.7649920
44,Bodonal de la Sierra,213534.6902223
44,"Nava de Santiago. La",107455.8642567
44,Esparragosa de la Serena,192143.6760989
44,Maguilla,215246.5541148
44,Calera de León,221469.7906238
44,Ahillones,223743.4990718
44,Higuera de la Serena,183507.5597523
44,Esparragosa de Lares,202372.5275341
44,Torremayor,120190.8901015
44,Villagarcía de la Torre,202221.5159773
44,Cordobilla de Lácara,102743.4163977
44,Benquerencia de la Serena,186166.7651608
44,Llera,188569.5983279
44,San Pedro de Mérida,125781.5425762
44,Calzadilla de los Barros,187562.1331823
44,Puebla de la Reina,163063.6416295
44,Acedera,155868.2982904
44,Táliga,155608.0704365
44,Valencia del Mombuey,215518.3495383
44,Puebla del Maestre,233691.0071336
44,Manchita,158684.7748795
44,"Morera. La",166361.1860674
44,Fuente del Arco,232046.3862339
44,Don Álvaro,139305.2024660
44,Alconera,185468.4655639
44,Nogales,157005.0687627
44,Helechosa de los Montes,273428.5215399
44,Valverde de Llerena,231602.0139384
44,Palomas,158606.2840991
44,Trasierra,224293.6845303
44,Valencia de las Torres,195111.8501978
44,Garlitos,228029.7389971
44,Rena,138485.9266498
44,Malpartida de la Serena,191388.9273198
44,Peraleda del Zaucejo,218692.5356385
44,Magacela,152679.6235263
44,Entrín Bajo,150295.5636812
44,Villarta de los Montes,304064.3144910
44,Carmonita,92753.7760959
44,Cristina,147464.9323953
44,Hinojosa del Valle,175790.1594895
44,Garbayuela,214184.7396876
44,Puebla del Prior,171128.6959604
44,Retamal de Llerena,192768.1410140
44,Mengabril,145494.1441254
44,Malcocinado,250459.9643192
44,Valle de Matamoros,177401.6484998
44,Zarza-Capilla,222422.9050015
44,Higuera de Llerena,198182.6975503
44,Baterno,228758.7862362
44,Atalaya,190200.3568790
44,Valverde de Burguillos,191477.0477826
44,Orellana de la Sierra,170780.1251904
44,"Lapa. La",186210.6141424
44,Tamurejo,226987.6614444
44,Aljucén,100095.8871408
44,Sancti-Spíritus,216776.8764003
44,Reina,226359.0884823
44,Casas de Reina,223526.5916655
44,Capilla,230969.7320975
44,Risco,219093.9382043
44,"Carrascalejo. El",104778.9482898
44,C ceres,63449.5968523
44,Plasencia,95272.8672519
44,Navalmoral de la Mata,143263.9220952
44,Coria,79825.1997226
44,Miajadas,118154.4669632
44,Trujillo,107618.8889910
44,Talayuela,155138.6362428
44,Moraleja,72842.1395122
44,Arroyo de la Luz,30621.3607552
44,Jara¡z de la Vera,130591.0900380
44,Valencia de Alc ntara,64956.1164265
44,Montehermoso,104561.9600068
44,Casar de Cáceres,58245.5070361
44,Malpartida de Plasencia,96356.4024253
44,Malpartida de Cáceres,38691.6256758
44,Hervás,161645.4883920
44,Torrejoncillo,96953.6087658
44,Jarandilla de la Vera,146250.4278466
44,Alcuéscar,93736.5545975
44,Losar de la Vera,152152.6008875
44,Madroñera,129597.2644356
44,Valverde del Fresno,153185.5132082
44,Garrovillas de Alconétar,27803.8620214
44,Aldeanueva de la Vera,141067.9389686
44,Cabezuela del Valle,127083.5213160
44,Brozas,2947.0385752
44,Villanueva de la Vera,168199.4475461
44,Guadalupe,182648.6769742
44,Logrosán,163664.5470288
44,Sierra de Fuentes,69931.2887509
44,Navaconcejo,123771.9959035
44,Ceclavín,50354.8711661
44,Montánchez,99882.2416969
44,Almoharín,104134.0596817
44,Aliseda,45190.2888903
44,Galisteo,97095.7412604
44,Madrigalejo,162934.1274948
44,Cilleros,142551.8467965
44,Zarza de Granadilla,123756.8798331
44,Madrigal de la Vera,177680.9763237
44,Cañamero,175796.9281543
44,Serradilla,93370.2755617
44,Torreorgaz,70763.9905892
44,Pinofranqueado,121526.3507631
44,Zorita,143337.1269048
44,Gata,123956.5990903
44,Alcántara,18093.6657855
44,Guijo de Galisteo,98350.3299632
44,Piornal,126343.0551973
44,Ahigal,119710.3474610
44,Peraleda de la Mata,156278.1908390
44,Navas del Madro¤o,14248.1241983
44,Nuñomoral,147358.4263340
44,Valdefuentes,88463.5499692
44,Zarza la Mayor,42169.2063627
44,Casatejada,130524.2209199
44,Casar de Palomero,129514.5198183
44,Jerte,133005.4908419
44,Almaraz,137659.6600889
44,Majadas,124674.4338457
44,Cañaveral,55272.1956901
44,Rosalejo,163325.0242326
44,Caminomorisco,126037.5997610
44,Riolobos,81803.2364697
44,Casta¤ar de Ibor,154844.5583178
44,Tornavacas,140086.3499743
44,Torrecillas de la Tiesa,128989.7232561
44,"Pesga. La",140441.0660062
44,Carcaboso,101557.1518045
44,Garganta la Olla,139473.8217458
44,Torremocha,79084.7183393
44,Eljas,154149.6187080
44,Campo Lugar,140995.4518089
44,Al¡a,196678.5316189
44,Arroyomolinos,101473.2862725
44,Monroy,69436.4765199
44,"Torno. El",117199.8179667
44,"Cumbre. La",102107.8500293
44,Hoyos,131592.8331639
44,Mohedas de Granadilla,128675.8217694
44,Perales del Puerto,131257.4335718
44,Talav n,58716.6827302
44,San Martín de Trevejo,152197.9964827
44,Cuacos de Yuste,137427.3190657
44,Tejeda de Tiétar,123223.5309905
44,Acehúche,63360.7159017
44,Escurial,148105.9025961
44,Garciaz,148383.8465214
44,Membrío,37457.5631051
44,Deleitosa,131472.8098771
44,Santibáñez el Bajo,123444.1057595
44,Saucedilla,133473.4066185
44,Aldeanueva del Camino,125271.3249485
44,Albalá,98938.5531212
44,Aldeacentenera,149428.7029202
44,Casas del Monte,120610.1265644
44,Valdeobispo,106371.4545632
44,Holguera,86369.5603504
44,Mirabel,85280.2516976
44,Aldea del Cano,69505.9310312
44,Baños de Montemayor,169785.0691912
44,Navezuelas,158190.3977168
44,Casas de Millán,63831.0392952
44,Salorino,44780.0006768
44,Torrecilla de los Ángeles,111790.5770568
44,Acebo,133491.0011948
44,Santiago de Alcántara,58942.9015256
44,Pasarón de la Vera,137502.6369059
44,Villamiel,144210.8978658
44,Villar del Pedroso,185619.3499019
44,Belvís de Monroy,147238.7186444
44,Casas del Castañar,115975.5220468
44,Torre de Santa María,91630.4277189
44,Guijo de Granadilla,120884.3319967
44,Torremenga,128132.8426627
44,Zarza de Montánchez,100411.2396394
44,Aceituna,110062.3534007
44,Torrejón el Rubio,89125.5253781
44,Torrequemada,73821.7139180
44,Jaraicejo,112319.3815212
44,Valverde de la Vera,165105.4164914
44,Torre de Don Miguel,120019.2717542
44,Pozuelo de Zarzón,99815.4370818
44,Villa del Campo,98807.2272111
44,Plasenzuela,94597.2650889
44,Bohonal de Ibor,155956.2450638
44,Berzocana,166007.3032787
44,Casares de las Hurdes,155099.5380499
44,Hernán-Pérez,111741.5954881
44,Villanueva de la Sierra,106693.4722693
44,Cadalso,116333.1906140
44,Navalvillar de Ibor,161348.7088707
44,Arroyomolinos de la Vera,117868.5932661
44,Cedillo,85923.7909356
44,"Garganta. La",176128.4405802
44,Ibahernando,113797.4410660
44,Calzadilla,85394.6628552
44,Barrado,117799.6502057
44,Casillas de Coria,89646.8762608
44,Villasbuenas de Gata,122341.3184535
44,Valdelacasa de Tajo,177085.2031845
44,Abertura,134209.3221610
44,Palomero,119960.4400011
44,Serrejón,125806.6000050
44,Hinojal,52035.1864625
44,Gargantilla,127441.3340671
44,Santibáñez el Alto,117459.0689576
44,Cabañas del Castillo,152320.9735513
44,Robledillo de Trujillo,105275.3900673
44,Cabezabellosa,117118.5795568
44,Morcillo,94997.1976318
44,Portaje,72386.0547905
44,Guijo de Santa Bárbara,150693.9989018
44,Robledollano,145219.9015233
44,Puerto de Santa Cruz,124040.9278113
44,Herreruela,37690.8797938
44,Valdastillas,119316.5122580
44,Cabrero,117525.6919752
44,Herguijuela,131744.5084852
44,Talaveruela de la Vera,163979.9534936
44,"Granja. La",121259.0736890
44,"Aldea del Obispo. La",116026.0584234
44,Casas de Don Gómez,78555.2962888
44,Aldehuela de Jerte,105745.4517626
44,"Gordo. El",161500.0518112
44,Carrascalejo,191709.2206570
44,Mata de Alcántara,16736.7263245
44,Fresnedoso de Ibor,158255.8862805
44,Abadía,127896.2133901
44,Santa Cruz de Paniagua,110421.8255113
44,Villamesías,130238.3220119
44,Santa Marta de Magasca,92767.0501887
44,Santiago del Campo,58822.0706665
44,Robledillo de la Vera,155358.8015756
44,Salvatierra de Santiago,98775.9698803
44,Santa Ana,105703.8401263
44,Peraleda de San Román,165952.4282374
44,Oliva de Plasencia,104388.2655203
44,Herrera de Alcántara,87625.9241654
44,Santa Cruz de la Sierra,123039.5001968
44,Portezuelo,58991.3787410
44,Alcollarín,143676.1660715
44,Viandar de la Vera,163097.7305908
44,Millanes,141918.3844557
44,Marchagaz,123210.8146398
44,Rebollar,121897.1207349
44,Guijo de Coria,92800.4118144
44,Valdemorales,99122.8090725
44,Villar de Plasencia,109684.2110333
44,Ladrillar,160060.6111379
44,Carbajo,53567.9945516
44,Romangordo,134496.9695637
44,Casas de Don Antonio,98932.0082240
44,Valdehúncar,145925.0053318
44,Conquista de la Sierra,135459.2193242
44,Piedras Albas,28112.9747112
44,Collado,134086.5328113
44,Botija,89838.1557489
44,Huélaga,77428.6388654
44,Cerezo,122685.4268773
44,Descargamaría,125573.5140176
44,Segura de Toro,123957.1987736
44,Toril,123926.6505355
44,Mesas de Ibor,163398.0857365
44,Pescueza,67338.2199112
44,Villa del Rey,8926.9330340
44,Jarilla,116008.2251256
44,Casas de Miravete,129323.0440247
44,Gargüera,111497.7251667
44,Robledillo de Gata,128532.8148959
44,Valdecañas de Tajo,172135.2610545
44,Pedroso de Acim,65735.6955591
44,Berrocalejo,168912.7839115
44,Garvín,170289.9445139
44,Higuera,137862.7464814
44,Benquerencia,88289.1224308
44,Cachorrilla,65071.2531500
44,Campillo de Deleitosa,177016.5850398
44,Ruanes,102574.6220424
45,Badajoz,167775.1525636
45,Mérida,107167.3776151
45,Don Benito,66433.6978844
45,Almendralejo,143867.6587501
45,Villanueva de la Serena,78985.1500002
45,Zafra,157378.1229802
45,Montijo,130988.4100770
45,Villafranca de los Barros,137462.9730126
45,Olivenza,194494.3522565
45,Jerez de los Caballeros,195442.2144781
45,Azuaga,147189.8047433
45,"Santos de Maimona. Los",154045.2453394
45,Guareña,98848.4741711
45,Fuente del Maestre,149604.2618449
45,Castuera,84857.1271749
45,Calamonte,115464.0943137
45,Llerena,168284.1245866
45,Puebla de la Calzada,133659.9848304
45,San Vicente de Alcántara,211719.5373607
45,Alburquerque,178830.2343390
45,Aceuchal,149306.0570076
45,Oliva de la Frontera,212559.2767452
45,Talavera la Real,148576.8929577
45,Cabeza del Buey,99720.6081397
45,Campanario,65198.2091069
45,Fregenal de la Sierra,196692.7441618
45,Quintana de la Serena,98708.4195003
45,Fuente de Cantos,177375.7750334
45,Navalvillar de Pela,33527.8778526
45,Monesterio,194067.4925307
45,Santa Amalia,74022.0921019
45,Santa Marta,153971.8826126
45,Arroyo de San Serván,121496.6459734
45,Valverde de Leganés,181977.2414517
45,Zalamea de la Serena,99946.8816884
45,Hornachos,130827.2369483
45,Barcarrota,185469.7207173
45,Herrera del Duque,93590.8839893
45,Villanueva del Fresno,221706.6057664
45,Talarrubias,62229.9564368
45,"Zarza. La",104744.5125083
45,Ribera del Fresno,134327.8616104
45,Burguillos del Cerro,175885.1291798
45,Orellana la Vieja,46106.3145803
45,Zah¡nos,215172.7160988
45,Puebla de Sancho P‚rez,160960.9276627
45,Solana de los Barros,138784.4760758
45,Valdelacalzada,141197.4303091
45,Lobón,133550.8633994
45,Monterrubio de la Serena,103932.9690064
45,Fuentes de León,206748.0154554
45,"Garrovilla. La",119020.9666592
45,Berlanga,169640.9746945
45,Higuera la Real,224137.2675154
45,Villar del Rey,157730.2988399
45,Granja de Torrehermosa,143225.3265298
45,Medell¡n,78597.1233809
45,Bienvenida,166306.6774683
45,"Codosera. La",192143.6687129
45,Valencia del Ventoso,177943.9699322
45,"Coronada. La",65470.0390488
45,Torremej¡a,123340.5540398
45,Siruela,80100.0939431
45,Higuera de Vargas,206975.1259741
45,Segura de León,200723.4010323
45,Salvaleón,184892.7775389
45,Pueblonuevo del Guadiana,144925.9288848
45,Alange,109202.4900113
45,Puebla de Obando,152630.7296215
45,"Albuera. La",165393.8593153
45,Usagre,158651.9787409
45,Fuenlabrada de los Montes,85341.6686420
45,Alconchel,205818.0692703
45,Oliva de Mérida,100253.7239288
45,Salvatierra de los Barros,174068.1832720
45,Villalba de los Barros,153958.6255880
45,Casas de Don Pedro,45505.1114901
45,Esparragalejo,114565.5441042
45,Montemolín,190085.5024540
45,"Roca de la Sierra. La",143287.8956677
45,Campillo de Llerena,159202.4261554
45,Cabeza la Vaca,211635.6336042
45,Villar de Rena,49894.1947088
45,Trujillanos,100295.7473370
45,Valle de la Serena,103395.9218201
45,"Parra. La",166754.7470852
45,Mirandilla,113760.0260596
45,"Haba. La",73500.4095847
45,Villagonzalo,100920.0832619
45,Feria,162019.0996738
45,Medina de las Torres,167522.4513504
45,Valdetorres,89968.9728479
45,Almendral,172196.4037567
45,Corte de Peleas,151166.0786663
45,Cheles,221978.7227215
45,Puebla de Alcocer,64286.4962656
45,Torre de Miguel Sesmero,169160.2167531
45,Valdecaballeros,118993.4748750
45,Peñalsordo,98707.5751143
45,Valle de Santa Ana,196734.8282813
45,Valverde de Mérida,96672.8192458
45,Castilblanco,109386.7900009
45,Bodonal de la Sierra,195623.6784736
45,"Nava de Santiago. La",124677.9920829
45,Esparragosa de la Serena,96108.8750866
45,Maguilla,163265.9616182
45,Calera de León,203060.2170455
45,Ahillones,162302.9930337
45,Higuera de la Serena,105132.7421839
45,Esparragosa de Lares,68534.9226235
45,Torremayor,124186.3206864
45,Villagarcía de la Torre,170396.0177334
45,Cordobilla de Lácara,112553.6183057
45,Benquerencia de la Serena,90131.9641485
45,Llera,143721.7540430
45,San Pedro de Mérida,92033.6433333
45,Calzadilla de los Barros,169278.0756628
45,Puebla de la Reina,116504.4180273
45,Acedera,38726.2027889
45,Táliga,199562.0445944
45,Valencia del Mombuey,232518.8592190
45,Puebla del Maestre,194018.1299781
45,Manchita,107378.3950779
45,"Morera. La",170599.7528332
45,Fuente del Arco,172689.0114318
45,Don Álvaro,105544.5145094
45,Alconera,167557.4538152
45,Nogales,175391.0439808
45,Helechosa de los Montes,138218.5465489
45,Valverde de Llerena,159811.8776989
45,Palomas,112047.0604969
45,Trasierra,176477.2249671
45,Valencia de las Torres,147037.8600184
45,Garlitos,92819.7640060
45,Rena,52675.8515489
45,Malpartida de la Serena,95354.1263075
45,Peraleda del Zaucejo,124808.7330009
45,Magacela,74105.7477117
45,Entrín Bajo,155394.4061486
45,Villarta de los Montes,168854.3395000
45,Carmonita,102563.9780039
45,Cristina,96158.5525936
45,Hinojosa del Valle,144090.9543278
45,Garbayuela,78974.7646965
45,Puebla del Prior,136664.7085689
45,Retamal de Llerena,119408.5492114
45,Mengabril,73182.5038352
45,Malcocinado,163072.1064508
45,Valle de Matamoros,202313.9432690
45,Zarza-Capilla,93514.2342803
45,Higuera de Llerena,150366.2379871
45,Baterno,93548.8112451
45,Atalaya,172289.3451303
45,Valverde de Burguillos,173566.0360338
45,Orellana de la Sierra,42616.5117469
45,"Lapa. La",168299.6023937
45,Tamurejo,91777.6864533
45,Aljucén,109453.2499219
45,Sancti-Spíritus,81566.9014092
45,Reina,177385.7093007
45,Casas de Reina,174813.5833869
45,Capilla,102061.0613763
45,Risco,83883.9632132
45,"Carrascalejo. El",114136.3110708
45,C ceres,102396.8101292
45,Plasencia,129993.3491048
45,Navalmoral de la Mata,96178.3184670
45,Coria,162714.9426628
45,Miajadas,57894.8617014
45,Trujillo,58943.2649329
45,Talayuela,119752.0806323
45,Moraleja,175189.4986462
45,Arroyo de la Luz,134668.1535412
45,Jara¡z de la Vera,110877.8731848
45,Valencia de Alc ntara,225643.8212591
45,Montehermoso,155157.8851232
45,Casar de Cáceres,112333.5727458
45,Malpartida de Plasencia,118947.6869658
45,Malpartida de Cáceres,126778.8506847
45,Hervás,189523.1420577
45,Torrejoncillo,153754.2524918
45,Jarandilla de la Vera,126268.6401282
45,Alcuéscar,90825.7970377
45,Losar de la Vera,127795.1893826
45,Madroñera,42115.8267389
45,Valverde del Fresno,217739.3769292
45,Garrovillas de Alconétar,140543.6274983
45,Aldeanueva de la Vera,121086.1512502
45,Cabezuela del Valle,154961.1749817
45,Brozas,162818.8311381
45,Villanueva de la Vera,138980.2584102
45,Guadalupe,29254.6105531
45,Logrosán,1634.1846953
45,Sierra de Fuentes,96978.7824861
45,Navaconcejo,151649.6495692
45,Ceclavín,170119.7367331
45,Montánchez,90020.2561849
45,Almoharín,72273.7537012
45,Aliseda,144272.2985510
45,Galisteo,138182.0956034
45,Madrigalejo,40595.6175730
45,Cilleros,207105.7105175
45,Zarza de Granadilla,161965.8540450
45,Madrigal de la Vera,148461.7871878
45,Cañamero,11875.4601652
45,Serradilla,112705.6966261
45,Torreorgaz,102706.0736384
45,Pinofranqueado,182833.4193379
45,Zorita,22322.4404140
45,Gata,188510.4628113
45,Alcántara,172083.6657730
45,Guijo de Galisteo,161081.5372479
45,Piornal,130493.3875751
45,Ahigal,157963.0785545
45,Peraleda de la Mata,103270.7719437
45,Navas del Madro¤o,153515.7032752
45,Nuñomoral,201906.8952803
45,Valdefuentes,87575.1986057
45,Zarza la Mayor,181589.7122714
45,Casatejada,89342.6589996
45,Casar de Palomero,179654.4147684
45,Jerte,160883.1445076
45,Almaraz,80600.4357210
45,Majadas,98302.0404570
45,Cañaveral,135372.0964640
45,Rosalejo,110393.9431448
45,Caminomorisco,180586.0687072
45,Riolobos,138603.8801957
45,Casta¤ar de Ibor,57695.6146927
45,Tornavacas,167964.0036400
45,Torrecillas de la Tiesa,68861.5830038
45,"Pesga. La",179388.0281338
45,Carcaboso,141350.3218989
45,Garganta la Olla,119492.0340275
45,Torremocha,94762.0347579
45,Eljas,218703.4824289
45,Campo Lugar,36252.9622296
45,Al¡a,39395.6809140
45,Arroyomolinos,83238.6552011
45,Monroy,98691.4785345
45,"Torno. El",149495.4194209
45,"Cumbre. La",68876.3733994
45,Hoyos,196146.6968848
45,Mohedas de Granadilla,167622.7838971
45,Perales del Puerto,195811.2972927
45,Talav n,110889.5589840
45,San Martín de Trevejo,216751.8602037
45,Cuacos de Yuste,117445.5313473
45,Tejeda de Tiétar,123160.7386512
45,Acehúche,156700.6850700
45,Escurial,43393.2135219
45,Garciaz,41060.6496320
45,Membrío,198145.2679377
45,Deleitosa,52248.2261336
45,Santibáñez el Bajo,161696.8368530
45,Saucedilla,85183.1779563
45,Aldeanueva del Camino,163440.3367371
45,Albalá,93476.0265517
45,Aldeacentenera,47356.9430251
45,Casas del Monte,158807.7332553
45,Valdeobispo,146164.6246576
45,Holguera,143170.2040764
45,Mirabel,122930.4721140
45,Aldea del Cano,111476.2504923
45,Baños de Montemayor,197662.7228569
45,Navezuelas,33337.9782234
45,Casas de Millán,139339.1358789
45,Salorino,205467.7055094
45,Torrecilla de los Ángeles,176344.4407778
45,Acebo,198044.8649157
45,Santiago de Alcántara,219630.6063582
45,Pasarón de la Vera,119301.4085891
45,Villamiel,208764.7615868
45,Villar del Pedroso,86488.2620786
45,Belvís de Monroy,100130.2231337
45,Casas del Castañar,136983.3804191
45,Torre de Santa María,86167.9011494
45,Guijo de Granadilla,159137.0630902
45,Torremenga,113194.5678907
45,Zarza de Montánchez,77236.9484219
45,Aceituna,163838.4549139
45,Torrejón el Rubio,91563.7057479
45,Torrequemada,99460.9827039
45,Jaraicejo,71690.7963042
45,Valverde de la Vera,135886.2273554
45,Torre de Don Miguel,184573.1354752
45,Pozuelo de Zarzón,164347.7953764
45,Villa del Campo,165475.3609448
45,Plasenzuela,79489.9100125
45,Bohonal de Ibor,79875.3521897
45,Berzocana,18528.8786010
45,Casares de las Hurdes,209648.0069961
45,Hernán-Pérez,176295.4592091
45,Villanueva de la Sierra,171247.3359903
45,Cadalso,180887.0543350
45,Navalvillar de Ibor,50698.8022575
45,Arroyomolinos de la Vera,123946.6160574
45,Cedillo,246611.4957683
45,"Garganta. La",204006.0942459
45,Ibahernando,63472.6077370
45,Calzadilla,171228.6167608
45,Barrado,131066.6865672
45,Casillas de Coria,173244.5734258
45,Villasbuenas de Gata,186895.1821745
45,Valdelacasa de Tajo,94427.1874319
45,Abertura,37472.6013292
45,Palomero,173948.7603197
45,Serrejón,87399.3860210
45,Hinojal,116620.5966285
45,Gargantilla,165610.3458556
45,Santibáñez el Alto,182012.9326786
45,Cabañas del Castillo,33484.4682150
45,Robledillo de Trujillo,72095.4484847
45,Cabezabellosa,155012.5648536
45,Morcillo,160845.7476546
45,Portaje,162013.1125719
45,Guijo de Santa Bárbara,130712.2111835
45,Robledollano,54781.8409869
45,Puerto de Santa Cruz,46358.7043397
45,Herreruela,202557.4639280
45,Valdastillas,141201.1072798
45,Cabrero,136713.4556495
45,Herguijuela,33861.4882583
45,Talaveruela de la Vera,134760.7643577
45,"Granja. La",159428.0854775
45,"Aldea del Obispo. La",66675.5485791
45,Casas de Don Gómez,168536.8607970
45,Aldehuela de Jerte,145538.6218570
45,"Gordo. El",108558.2700365
45,Carrascalejo,79236.6912231
45,Mata de Alcántara,165880.2181647
45,Fresnedoso de Ibor,67817.8257441
45,Abadía,166065.2251787
45,Santa Cruz de Paniagua,168370.6659118
45,Villamesías,46304.8951087
45,Santa Marta de Magasca,81256.4969040
45,Santiago del Campo,118463.5785004
45,Robledillo de la Vera,123613.4230589
45,Salvatierra de Santiago,81893.1280059
45,Santa Ana,77052.1201397
45,Peraleda de San Román,89871.1219269
45,Oliva de Plasencia,142640.9966138
45,Herrera de Alcántara,248313.6289981
45,Santa Cruz de la Sierra,43082.8053751
45,Portezuelo,142589.0759060
45,Alcollarín,27797.6042572
45,Viandar de la Vera,133878.5414549
45,Millanes,94809.8889451
45,Marchagaz,176774.7536066
45,Rebollar,149774.7744006
45,Guijo de Coria,166423.6684242
45,Valdemorales,76611.3295728
45,Villar de Plasencia,147578.1963302
45,Ladrillar,214609.0800841
45,Carbajo,214255.6993843
45,Romangordo,71584.2101227
45,Casas de Don Antonio,104042.2267210
45,Valdehúncar,88873.9733650
45,Conquista de la Sierra,30791.1385490
45,Piedras Albas,182102.9746987
45,Collado,114104.7450929
45,Botija,83868.5111705
45,Huélaga,172485.3774176
45,Cerezo,167060.4932235
45,Descargamaría,190127.3777386
45,Segura de Toro,162154.8054645
45,Toril,99741.7780712
45,Mesas de Ibor,87317.1928623
45,Pescueza,169711.6733621
45,Villa del Rey,169614.6378666
45,Jarilla,154205.8318165
45,Casas de Miravete,70819.4013899
45,Gargüera,130775.8349223
45,Robledillo de Gata,193086.6786169
45,Valdecañas de Tajo,96054.3681803
45,Pedroso de Acim,141597.3259468
45,Berrocalejo,115971.0021368
45,Garvín,94208.6382034
45,Higuera,74949.9870404
45,Benquerencia,97809.5798053
45,Cachorrilla,171575.2198026
45,Campillo de Deleitosa,100935.6921657
45,Ruanes,78139.5461733
46,Badajoz,97876.3995677
46,Mérida,101198.2936509
46,Don Benito,92566.1688570
46,Almendralejo,110692.5603677
46,Villanueva de la Serena,105117.6209728
46,Zafra,135666.0937729
46,Montijo,81688.7899884
46,Villafranca de los Barros,118898.8789968
46,Olivenza,133268.9286516
46,Jerez de los Caballeros,168536.7110474
46,Azuaga,194611.3599906
46,"Santos de Maimona. Los",132333.2161322
46,Guareña,110425.0820519
46,Fuente del Maestre,125577.6406617
46,Castuera,134429.6807970
46,Calamonte,81406.0753294
46,Llerena,176477.5431938
46,Puebla de la Calzada,84363.8948917
46,San Vicente de Alcántara,112486.0978846
46,Alburquerque,71652.6413426
46,Aceuchal,115944.7498834
46,Oliva de la Frontera,178319.0955441
46,Talavera la Real,103629.7715001
46,Cabeza del Buey,165081.0957420
46,Campanario,116444.7651705
46,Fregenal de la Sierra,174980.7149545
46,Quintana de la Serena,148280.9731224
46,Fuente de Cantos,161161.8473279
46,Navalvillar de Pela,122275.6054535
46,Monesterio,172868.0655386
46,Santa Amalia,89166.0297171
46,Santa Marta,119913.8636283
46,Arroyo de San Serván,87438.6269891
46,Valverde de Leganés,120751.8178468
46,Zalamea de la Serena,147368.4369358
46,Hornachos,137763.4195945
46,Barcarrota,143342.3435329
46,Herrera del Duque,182338.6115902
46,Villanueva del Fresno,162363.3927951
46,Talarrubias,150977.6840377
46,"Zarza. La",104956.7510322
46,Ribera del Fresno,127137.2418163
46,Burguillos del Cerro,154173.0999726
46,Orellana la Vieja,120774.3963992
46,Zah¡nos,167535.5091595
46,Puebla de Sancho P‚rez,139248.8984555
46,Solana de los Barros,104726.4570915
46,Valdelacalzada,91901.3403703
46,Lobón,88603.7419418
46,Monterrubio de la Serena,153505.5226285
46,Fuentes de León,185035.9862481
46,"Garrovilla. La",84962.9476748
46,Berlanga,177834.3933017
46,Higuera la Real,194634.7098501
46,Villar del Rey,70132.1793077
46,Granja de Torrehermosa,190646.8817772
46,Medell¡n,104446.5162809
46,Bienvenida,158436.5011066
46,"Codosera. La",92910.2292368
46,Valencia del Ventoso,156231.9407250
46,"Coronada. La",108692.1874410
46,Torremej¡a,90820.1309169
46,Siruela,168847.8215440
46,Higuera de Vargas,153315.6592159
46,Segura de León,179011.3718250
46,Salvaleón,149267.1308004
46,Pueblonuevo del Guadiana,95629.8389460
46,Alange,99718.7163289
46,Puebla de Obando,47760.9487940
46,"Albuera. La",120383.0096961
46,Usagre,150728.1429467
46,Fuenlabrada de los Montes,174089.3962428
46,Alconchel,146474.8562990
46,Oliva de Mérida,109849.0739267
46,Salvatierra de los Barros,143738.8489991
46,Villalba de los Barros,120014.2263313
46,Casas de Don Pedro,134252.8390910
46,Esparragalejo,80507.5251199
46,Montemolín,176052.6683706
46,"Roca de la Sierra. La",56752.1286480
46,Campillo de Llerena,192276.6731660
46,Cabeza la Vaca,190422.1662266
46,Villar de Rena,94840.5337221
46,Trujillanos,78829.6322617
46,Valle de la Serena,129528.3927928
46,"Parra. La",136425.4128123
46,Mirandilla,72880.9390454
46,"Haba. La",99632.8805573
46,Villagonzalo,99113.0687759
46,Feria,135750.8065729
46,Medina de las Torres,145810.4221431
46,Valdetorres,107943.3051703
46,Almendral,132243.6742750
46,Corte de Peleas,117108.0596820
46,Cheles,160753.2991166
46,Puebla de Alcocer,153034.2238665
46,Torre de Miguel Sesmero,134880.7158799
46,Valdecaballeros,207741.2024759
46,Peñalsordo,181153.9984453
46,Valle de Santa Ana,166405.4940084
46,Valverde de Mérida,90703.7352816
46,Castilblanco,198134.5176018
46,Bodonal de la Sierra,173911.6492664
46,"Nava de Santiago. La",74726.9929914
46,Esparragosa de la Serena,145681.4287087
46,Maguilla,175623.5131589
46,Calera de León,181846.7496678
46,Ahillones,184120.4581158
46,Higuera de la Serena,137045.3123621
46,Esparragosa de Lares,155910.2801439
46,Torremayor,87462.0188362
46,Villagarcía de la Torre,162598.4750213
46,Cordobilla de Lácara,63168.8614712
46,Benquerencia de la Serena,139704.5177706
46,Llera,148946.5573719
46,San Pedro de Mérida,86051.7706553
46,Calzadilla de los Barros,147939.0922263
46,Puebla de la Reina,123440.6006736
46,Acedera,109406.0509002
46,Táliga,138368.3989161
46,Valencia del Mombuey,198278.6780179
46,Puebla del Maestre,194067.9661776
46,Manchita,118955.0029587
46,"Morera. La",138653.2584926
46,Fuente del Arco,192423.3452779
46,Don Álvaro,99575.4305452
46,Alconera,145845.4246080
46,Nogales,139765.3972423
46,Helechosa de los Montes,226966.2741498
46,Valverde de Llerena,191978.9729824
46,Palomas,118983.2431431
46,Trasierra,184670.6435743
46,Valencia de las Torres,155488.8092418
46,Garlitos,181567.4916069
46,Rena,92023.6792596
46,Malpartida de la Serena,144926.6799296
46,Peraleda del Zaucejo,172230.2882483
46,Magacela,106217.3761361
46,Entrín Bajo,121336.3871643
46,Villarta de los Montes,257602.0671009
46,Carmonita,53179.2211695
46,Cristina,107735.1604744
46,Hinojosa del Valle,136167.1185335
46,Garbayuela,167722.4922974
46,Puebla del Prior,131505.6550045
46,Retamal de Llerena,151793.6049692
46,Mengabril,99031.8967352
46,Malcocinado,210493.6616981
46,Valle de Matamoros,160161.9769794
46,Zarza-Capilla,175960.6576113
46,Higuera de Llerena,158559.6565943
46,Baterno,182296.5388460
46,Atalaya,150577.3159231
46,Valverde de Burguillos,151854.0068266
46,Orellana de la Sierra,124317.8778002
46,"Lapa. La",146587.5731864
46,Tamurejo,180525.4140542
46,Aljucén,60381.6317050
46,Sancti-Spíritus,170314.6290101
46,Reina,186736.0475263
46,Casas de Reina,183903.5507095
46,Capilla,184507.4847073
46,Risco,172631.6908141
46,"Carrascalejo. El",65064.6928539
46,C ceres,11233.9628066
46,Plasencia,72423.1355102
46,Navalmoral de la Mata,120414.1903535
46,Coria,60764.7124759
46,Miajadas,71692.2195730
46,Trujillo,55403.2549452
46,Talayuela,132288.9045011
46,Moraleja,75941.5279161
46,Arroyo de la Luz,22808.4594273
46,Jara¡z de la Vera,107741.3582963
46,Valencia de Alc ntara,113784.1271453
46,Montehermoso,85670.6487643
46,Casar de Cáceres,5993.7516064
46,Malpartida de Plasencia,73506.6706836
46,Malpartida de Cáceres,14919.1565708
46,Hervás,138795.7566503
46,Torrejoncillo,74103.8770241
46,Jarandilla de la Vera,123400.6961049
46,Alcuéscar,54022.2991617
46,Losar de la Vera,129302.8691458
46,Madroñera,77381.6303899
46,Valverde del Fresno,138624.3275208
46,Garrovillas de Alconétar,28021.5426685
46,Aldeanueva de la Vera,118218.2072269
46,Cabezuela del Valle,104233.7895743
46,Brozas,50959.1370242
46,Villanueva de la Vera,145349.7158044
46,Guadalupe,140960.4444966
46,Logrosán,111448.9129831
46,Sierra de Fuentes,21859.0775512
46,Navaconcejo,100922.2641618
46,Ceclavín,67461.5523213
46,Montánchez,53419.9943067
46,Almoharín,57671.8122915
46,Aliseda,32412.6044371
46,Galisteo,74246.0095187
46,Madrigalejo,110718.4934491
46,Cilleros,127990.6611091
46,Zarza de Granadilla,100907.1480914
46,Madrigal de la Vera,154831.2445820
46,Cañamero,123581.2941086
46,Serradilla,61309.6918766
46,Torreorgaz,24301.7431990
46,Pinofranqueado,106965.1650758
46,Zorita,91121.4928591
46,Gata,109395.4134029
46,Alcántara,59561.5809432
46,Guijo de Galisteo,83789.1442758
46,Piornal,103493.3234556
46,Ahigal,96860.6157193
46,Peraleda de la Mata,133428.4590973
46,Navas del Madro¤o,40993.6184454
46,Nuñomoral,132797.2406466
46,Valdefuentes,42001.3025790
46,Zarza la Mayor,78931.5278597
46,Casatejada,107674.4891782
46,Casar de Palomero,114953.3341310
46,Jerte,110155.7591002
46,Almaraz,107733.1673811
46,Majadas,101824.7021040
46,Cañaveral,36211.7084433
46,Rosalejo,140475.2924909
46,Caminomorisco,111476.4140736
46,Riolobos,58953.5047280
46,Casta¤ar de Ibor,119032.3627482
46,Tornavacas,117236.6182326
46,Torrecillas de la Tiesa,76774.0892103
46,"Pesga. La",118285.5652987
46,Carcaboso,78707.4200628
46,Garganta la Olla,116624.0900041
46,Torremocha,32622.4709491
46,Eljas,139588.4330206
46,Campo Lugar,88779.8177631
46,Al¡a,151101.5148575
46,Arroyomolinos,59340.7825193
46,Monroy,37375.8928348
46,"Torno. El",94350.0862251
46,"Cumbre. La",49892.2159836
46,Hoyos,117031.6474765
46,Mohedas de Granadilla,106520.3210619
46,Perales del Puerto,116696.2478844
46,Talav n,33223.8841325
46,San Martín de Trevejo,137636.8107953
46,Cuacos de Yuste,114577.5873240
46,Tejeda de Tiétar,100373.7992488
46,Acehúche,54042.5006582
46,Escurial,95890.2685504
46,Garciaz,96168.2124757
46,Membrío,86285.5738239
46,Deleitosa,95660.6143075
46,Santibáñez el Bajo,100594.3740178
46,Saucedilla,110623.6748768
46,Aldeanueva del Camino,102421.5932069
46,Albalá,52476.3057310
46,Aldeacentenera,97213.0688745
46,Casas del Monte,97760.3948227
46,Valdeobispo,83521.7228215
46,Holguera,63519.8286087
46,Mirabel,62430.5199559
46,Aldea del Cano,29619.2696396
46,Baños de Montemayor,146935.3374495
46,Navezuelas,122378.2021472
46,Casas de Millán,40980.3262907
46,Salorino,93608.0113956
46,Torrecilla de los Ángeles,97229.3913694
46,Acebo,118929.8155074
46,Santiago de Alcántara,107770.9122443
46,Pasarón de la Vera,114652.9051643
46,Villamiel,129649.7121784
46,Villar del Pedroso,162769.6181602
46,Belvís de Monroy,124388.9869027
46,Casas del Castañar,93125.7903051
46,Torre de Santa María,45168.1803288
46,Guijo de Granadilla,98034.6002550
46,Torremenga,105283.1109210
46,Zarza de Montánchez,53948.9922492
46,Aceituna,93022.0529154
46,Torrejón el Rubio,57064.9416930
46,Torrequemada,27359.4665278
46,Jaraicejo,80258.7978360
46,Valverde de la Vera,142255.6847497
46,Torre de Don Miguel,105458.0860669
46,Pozuelo de Zarzón,85254.2513944
46,Villa del Campo,84246.0415238
46,Plasenzuela,47726.6533497
46,Bohonal de Ibor,133106.5133221
46,Berzocana,117211.7520552
46,Casares de las Hurdes,140538.3523625
46,Hernán-Pérez,97180.4098007
46,Villanueva de la Sierra,92132.2865819
46,Cadalso,101772.0049266
46,Navalvillar de Ibor,125536.5133011
46,Arroyomolinos de la Vera,95018.8615244
46,Cedillo,134751.8016544
46,"Garganta. La",153278.7088385
46,Ibahernando,67335.1936759
46,Calzadilla,71695.8565297
46,Barrado,94949.9184640
46,Casillas de Coria,70586.3890141
46,Villasbuenas de Gata,107780.1327661
46,Valdelacasa de Tajo,154235.4714428
46,Abertura,81993.6881153
46,Palomero,105399.2543138
46,Serrejón,102956.8682633
46,Hinojal,26542.3878648
46,Gargantilla,104591.6023254
46,Santibáñez el Alto,102897.8832702
46,Cabañas del Castillo,116508.7779817
46,Robledillo de Trujillo,58813.1426772
46,Cabezabellosa,94268.8478151
46,Morcillo,75936.7103851
46,Portaje,59354.9281601
46,Guijo de Santa Bárbara,127844.2671601
46,Robledollano,109407.7059537
46,Puerto de Santa Cruz,71825.2937656
46,Herreruela,90697.7698141
46,Valdastillas,96466.7805163
46,Cabrero,94675.9602335
46,Herguijuela,79528.8744395
46,Talaveruela de la Vera,141130.2217519
46,"Granja. La",98409.3419473
46,"Aldea del Obispo. La",66658.7377186
46,Casas de Don Gómez,69031.9842377
46,Aldehuela de Jerte,82895.7200209
46,"Gordo. El",138650.3200695
46,Carrascalejo,168859.4889153
46,Mata de Alcántara,53358.1333349
46,Fresnedoso de Ibor,122443.6907109
46,Abadía,105046.4816484
46,Santa Cruz de Paniagua,95860.6398239
46,Villamesías,80761.0113805
46,Santa Marta de Magasca,40551.4161430
46,Santiago del Campo,27603.4956270
46,Robledillo de la Vera,132509.0698339
46,Salvatierra de Santiago,52313.7224901
46,Santa Ana,59111.6836958
46,Peraleda de San Román,143102.6964957
46,Oliva de Plasencia,81538.5337787
46,Herrera de Alcántara,136453.9348842
46,Santa Cruz de la Sierra,70823.8661510
46,Portezuelo,39930.8914943
46,Alcollarín,91460.5320258
46,Viandar de la Vera,140247.9988491
46,Millanes,119068.6527140
46,Marchagaz,108649.6289525
46,Rebollar,99047.3889932
46,Guijo de Coria,78239.2261271
46,Valdemorales,52660.5616823
46,Villar de Plasencia,86834.4792916
46,Ladrillar,145499.4254505
46,Carbajo,102396.0052704
46,Romangordo,98716.9417829
46,Casas de Don Antonio,59217.7527882
46,Valdehúncar,123075.2735901
46,Conquista de la Sierra,83243.5852785
46,Piedras Albas,69580.8898689
46,Collado,111236.8010696
46,Botija,43375.9083587
46,Huélaga,73237.4066874
46,Cerezo,105958.0303883
46,Descargamaría,111012.3283302
46,Segura de Toro,101107.4670319
46,Toril,101076.9187938
46,Mesas de Ibor,140548.3539948
46,Pescueza,67053.4889503
46,Villa del Rey,57754.9437528
46,Jarilla,93158.4933839
46,Casas de Miravete,97262.4603396
46,Gargüera,88647.9934251
46,Robledillo de Gata,113971.6292086
46,Valdecañas de Tajo,149285.5293128
46,Pedroso de Acim,42938.7586169
46,Berrocalejo,146063.0521698
46,Garvín,147440.2127723
46,Higuera,102082.7187006
46,Benquerencia,41826.8750406
46,Cachorrilla,68917.0353909
46,Campillo de Deleitosa,154166.8532982
46,Ruanes,55982.4656119
