distribution,ks_statistic,p_value,n_observations
Log-Normal,0.10971961206149394,0.00018026058991384353,383
Gamma,0.14434948806062942,1.9898678402847065e-07,383
Weibull,0.25524131742787487,1.740632896708113e-22,383
